Município;Médico Anestesiologista;Médico Cirurgião Geral;Médico Clínico;Médico Generalista Alopata;Médico Ginecologista Obstetra;Médico da estratégia de Saúde da Família;Médico de família e comunidade;Médico Pediatra;Médico psiquiatra;Médico em radiologia e diagnóstico por imagem;Médico sanitarista;Médico acupunturista;Médico alergista e imunologista;Médico anatomopatologista;Médico angiologista;Médico Cardiologista Intervencionista;Médico cancerologista cirúrgico;Médico cancerologista pediátrico;Médico cardiologista;Médico cirurgião cardiovascular;Médico cirurgião da mão;Médico cirurgião de cabeça e pescoço;Médico cirurgião do aparelho digestivo;Médico cirurgião pediátrico;Médico cirurgião plástico;Médico cirurgião torácico;Médico citopatologista;Médico coloproctologista;Médico dermatologista;Médico do trabalho;Médico em cirurgia vascular;Médico em endoscopia;Médico em medicina de tráfego;Médico em medicina intensiva;Médico em medicina nuclear;Médico em medicina preventiva e social;Médico endocrinologista e metabologista;Médico fisiatra;Médico gastroenterologista;Médico geneticista;Médico geriatra;Médico hematologista;Médico hiperbarista;Médico homeopata;Médico infectologista;Médico legista;Médico mastologista;Médico nefrologista;Médico neurocirurgião;Médico neurofisiologista clínico;Médico neurologista;Médico nutrologista;Médico oftalmologista;Médico oncologista clínico;Médico ortopedista e traumatologista;Médico otorrinolaringologista;Médico patologista;Médico patologista clínico / medicina laboratorial;Médico pneumologista;Médico radioterapeuta;Médico residente;Médico reumatologista;Médico urologista;Total
350010 ADAMANTINA;-;-;6;-;-;-;-;-;1;3;-;-;-;-;-;-;-;-;1;-;-;-;-;-;-;-;-;-;4;-;-;-;-;-;-;-;-;-;1;-;-;-;-;-;-;-;-;-;-;-;-;-;4;-;-;-;-;-;-;-;-;-;-;20
350030 AGUAI;-;-;6;-;-;-;-;1;-;7;-;-;-;-;-;-;-;-;2;-;-;-;-;-;-;-;-;-;3;-;-;-;-;-;-;-;-;-;-;-;-;-;-;-;-;-;-;-;-;-;-;-;2;-;1;-;-;-;-;-;-;-;-;22
350040 AGUAS DA PRATA;-;-;2;-;-;-;-;-;-;-;-;-;-;-;-;-;-;-;-;-;-;-;-;-;-;-;-;-;-;-;-;-;-;-;-;-;-;-;-;-;-;-;-;-;-;-;-;-;-;-;-;-;-;-;-;-;-;-;-;-;-;-;-;2
350050 AGUAS DE LINDOIA;-;-;2;-;-;-;-;1;-;-;-;-;-;-;-;-;-;-;2;-;-;-;-;-;-;-;-;-;1;-;-;-;-;-;-;-;-;-;-;-;-;-;-;-;-;-;-;-;-;-;1;-;-;-;2;1;-;-;-;-;-;-;-;10
350070 AGUDOS;-;-;2;-;-;-;-;1;-;-;-;-;-;-;-;-;-;-;-;-;-;-;-;-;-;-;-;-;-;-;-;-;-;-;-;-;-;-;-;-;-;-;-;-;-;-;-;-;-;-;-;-;4;-;-;-;-;-;-;-;-;-;-;7
350075 ALAMBARI;-;-;-;-;-;-;-;-;1;-;-;-;-;-;-;-;-;-;-;-;-;-;-;-;-;-;-;-;-;-;-;-;-;-;-;-;-;-;-;-;-;-;-;-;-;-;-;-;-;-;-;-;-;-;-;-;-;-;-;-;-;-;-;1
350100 ALTINOPOLIS;1;-;2;-;-;-;-;2;-;-;-;-;-;-;-;-;-;-;-;-;-;-;-;-;-;-;-;-;-;-;-;-;-;-;-;-;-;-;-;-;-;-;-;-;-;-;-;-;-;-;-;-;1;-;-;-;-;-;-;-;-;-;-;6
350115 ALUMINIO;-;-;-;-;-;-;-;1;-;-;-;-;-;-;-;-;-;-;1;-;-;-;-;-;-;-;-;-;-;-;-;-;-;-;-;-;-;-;-;-;-;-;-;-;-;-;-;-;-;-;-;-;1;-;1;1;-;-;-;-;-;-;-;5
350130 ALVARES MACHADO;-;-;-;-;-;-;-;-;-;2;-;-;-;-;-;-;-;-;-;-;-;-;-;-;-;-;-;-;-;1;-;-;-;-;-;-;-;-;-;-;-;-;-;-;-;-;-;-;-;-;-;-;-;-;-;-;-;-;-;-;-;-;-;3
350160 AMERICANA;12;6;52;-;23;-;2;29;19;14;-;7;2;3;12;6;-;-;18;-;-;2;1;-;5;-;-;-;22;7;1;-;-;3;-;-;10;3;7;-;-;1;-;2;2;-;-;1;2;-;14;-;24;5;36;5;-;-;2;-;-;3;3;366
350170 AMERICO BRASILIENSE;-;-;2;-;-;-;-;1;-;-;-;-;-;-;-;-;-;-;1;-;-;-;-;-;-;-;-;-;-;-;-;-;-;-;-;-;-;-;-;-;-;-;-;-;-;-;-;-;-;-;-;-;-;-;-;-;-;-;-;-;-;-;-;4
350190 AMPARO;1;1;38;-;10;-;1;12;5;5;-;1;-;-;1;-;-;-;8;-;-;-;-;-;-;-;-;-;6;1;1;-;-;-;-;-;2;-;-;-;-;-;-;-;1;-;-;-;-;-;6;-;6;1;4;2;-;1;-;-;-;-;-;114
350210 ANDRADINA;-;-;14;-;-;-;-;3;1;2;-;1;1;-;-;-;1;-;5;-;-;-;-;-;-;-;-;-;5;1;-;-;-;-;-;1;2;-;-;-;-;-;-;-;1;-;-;-;-;-;4;-;4;-;4;4;-;-;1;-;-;2;-;57
350220 ANGATUBA;-;-;2;-;-;-;-;2;-;-;-;-;-;-;-;-;-;-;-;-;-;-;-;-;-;-;-;-;1;-;-;-;-;-;-;-;-;-;-;-;-;-;-;-;-;-;-;-;-;-;-;-;-;-;1;-;-;-;-;-;-;-;-;6
350250 APARECIDA;-;-;2;-;-;-;-;2;-;-;-;-;-;1;-;-;-;-;-;-;-;-;-;-;-;-;-;-;-;1;-;-;-;-;-;-;-;-;-;-;-;-;-;-;-;-;-;-;-;-;1;-;1;-;-;-;-;-;-;-;-;-;-;8
350270 APIAI;-;-;2;-;1;-;-;1;-;-;-;-;-;-;-;-;-;-;-;-;-;-;-;-;-;-;-;-;-;-;-;-;-;-;-;-;-;-;-;-;-;-;-;-;-;-;-;-;-;-;-;-;-;-;-;-;-;-;-;-;-;-;-;4
350275 ARACARIGUAMA;-;-;-;-;-;-;-;-;-;2;-;-;-;-;-;-;-;-;-;-;-;-;-;-;-;-;-;-;-;-;-;-;-;-;-;-;-;-;-;-;-;-;-;-;-;-;-;-;-;-;-;-;-;-;-;-;-;-;-;-;-;-;-;2
350280 ARACATUBA;5;5;68;-;25;-;1;19;9;11;-;2;-;2;-;1;-;-;15;-;-;-;1;-;3;-;-;-;14;5;3;-;6;-;-;-;5;-;2;-;1;3;-;-;1;-;-;5;4;-;8;1;16;3;7;5;-;1;1;-;-;4;4;266
350290 ARACOIABA DA SERRA;-;-;4;-;1;-;-;1;-;2;-;-;2;-;-;-;-;-;3;-;-;-;-;-;-;-;-;-;1;-;-;-;-;-;-;-;-;-;1;-;-;-;-;-;-;-;-;-;-;-;2;-;2;-;1;1;-;-;-;-;-;-;1;22
350320 ARARAQUARA;3;1;84;-;27;-;-;25;10;4;1;1;3;3;5;-;-;-;22;-;-;-;3;1;6;-;-;-;15;13;2;-;1;1;-;-;9;-;12;-;1;-;-;1;2;-;-;3;1;-;12;2;18;7;7;3;1;-;1;1;6;2;5;325
350330 ARARAS;9;-;13;-;9;-;-;14;7;1;-;2;2;1;2;-;-;-;8;-;-;-;-;-;4;-;-;-;11;6;-;-;-;-;-;-;2;-;1;-;1;1;-;-;1;-;-;2;-;-;3;1;6;3;5;3;-;1;-;-;-;1;-;120
350340 AREALVA;-;-;2;-;-;-;-;-;-;-;-;-;-;-;-;-;-;-;-;-;-;-;-;-;-;-;-;-;1;-;-;-;-;-;-;-;-;-;-;-;-;-;-;-;-;-;-;-;-;-;-;-;1;-;-;-;-;-;-;-;-;-;-;4
350370 ARIRANHA;-;-;-;-;-;-;-;-;-;-;-;-;-;-;-;-;-;-;-;-;-;-;-;-;-;-;-;-;-;1;-;-;-;-;-;-;-;-;-;-;-;-;-;-;-;-;-;-;-;-;-;-;-;-;-;-;-;-;-;-;-;-;-;1
350380 ARTUR NOGUEIRA;-;-;5;-;1;-;-;7;2;2;-;1;-;-;-;-;-;-;3;-;-;-;-;-;-;-;-;-;5;-;1;-;-;-;-;-;1;-;-;-;-;-;-;-;-;-;-;-;-;-;3;-;6;-;1;-;-;1;-;-;-;-;1;40
350390 ARUJA;-;4;36;-;14;-;-;13;1;2;-;-;3;-;1;-;-;-;2;-;-;-;1;-;-;-;-;-;6;1;-;-;-;-;-;-;3;-;1;-;-;-;-;-;-;-;-;1;-;-;4;2;5;1;6;1;-;-;-;-;-;-;4;112
350400 ASSIS;2;-;52;-;7;-;-;16;11;15;-;1;1;1;2;-;-;-;15;-;-;-;-;-;5;-;-;-;8;-;1;-;1;-;-;-;2;1;3;-;-;-;-;-;4;-;-;3;2;-;7;1;8;2;8;4;-;1;-;-;-;2;3;189
350410 ATIBAIA;27;13;95;-;36;1;-;54;10;27;-;3;3;-;1;4;-;-;27;-;-;1;1;2;5;1;-;-;20;7;1;3;-;5;1;-;5;-;3;-;1;1;-;-;4;-;-;7;2;-;15;3;36;3;52;7;-;-;2;-;-;3;5;497
350450 AVARE;-;-;5;-;-;-;-;3;1;3;-;1;-;-;1;-;-;-;3;-;-;-;-;-;-;-;-;-;3;2;-;-;-;-;-;-;1;-;-;-;-;-;-;-;-;-;-;-;-;-;1;-;2;-;1;1;-;-;-;-;-;-;-;28
350460 BADY BASSITT;-;-;1;-;-;-;-;-;1;-;-;-;-;-;-;-;-;-;-;-;-;-;-;-;-;-;-;-;-;-;-;-;-;-;-;-;-;-;-;-;-;-;-;-;-;-;-;-;-;-;-;-;-;-;1;-;-;-;-;-;-;-;-;3
350490 BANANAL;-;-;1;-;-;-;-;-;-;-;-;-;-;-;-;-;-;-;-;-;-;-;-;-;-;-;-;-;-;-;-;-;-;-;-;-;-;-;-;-;-;-;-;-;-;-;-;-;-;-;-;-;-;-;-;-;-;-;-;-;-;-;-;1
350520 BARIRI;-;-;3;-;-;-;-;1;1;-;-;-;-;-;-;-;-;-;3;-;-;-;-;-;-;-;-;-;-;-;-;-;-;-;-;-;-;-;-;-;-;-;-;-;-;-;-;-;-;-;-;-;2;-;-;-;-;-;-;-;-;-;-;10
350530 BARRA BONITA;1;-;3;-;-;-;-;-;1;2;-;-;-;-;-;-;-;-;2;-;-;-;-;-;-;-;-;-;1;1;-;-;-;-;-;-;1;-;-;-;-;-;-;-;-;-;-;-;-;-;1;-;-;-;-;-;-;1;-;-;-;-;-;14
350550 BARRETOS;1;3;24;-;13;-;-;9;4;1;-;-;-;1;-;-;-;-;13;-;-;-;-;-;-;-;-;-;6;-;1;-;-;-;1;-;1;-;5;-;1;-;-;-;-;-;-;-;-;-;7;-;10;1;1;1;-;-;2;-;-;-;1;107
350560 BARRINHA;-;-;14;1;-;-;-;4;-;1;-;-;-;-;-;-;-;-;3;-;-;-;-;-;-;-;-;-;-;-;-;-;-;-;-;-;-;-;-;-;-;-;-;-;-;-;-;-;-;-;1;-;-;-;-;-;-;1;-;-;-;-;-;25
350570 BARUERI;2;7;49;1;48;-;1;39;14;19;-;5;3;1;5;-;-;1;35;-;-;-;3;-;5;1;-;-;31;3;1;3;-;-;1;-;8;-;6;-;-;-;-;-;2;-;-;1;2;-;5;4;39;3;34;18;-;-;3;-;-;1;3;407
350580 BASTOS;-;-;1;-;-;-;-;-;-;-;-;-;-;-;-;-;-;-;-;-;-;-;-;-;-;-;-;-;-;-;-;-;-;-;-;-;-;-;-;-;-;-;-;-;-;-;-;-;-;-;1;-;1;-;1;-;-;-;-;-;-;-;-;4
350590 BATATAIS;-;-;6;-;4;-;-;1;3;3;-;-;-;-;1;-;-;-;1;-;-;-;-;-;-;-;-;-;-;-;-;-;-;-;-;-;1;-;-;-;-;-;-;1;-;-;-;-;-;-;1;-;4;-;3;-;-;-;-;-;-;1;2;32
350600 BAURU;5;4;49;-;29;-;1;45;17;29;-;6;5;3;11;-;-;-;30;2;-;-;8;-;5;-;1;1;24;10;5;-;-;2;5;-;7;2;8;-;4;1;-;5;5;-;-;4;1;-;15;-;28;3;19;6;1;6;1;1;1;10;6;431
350610 BEBEDOURO;1;-;5;-;2;-;-;10;5;4;-;2;-;1;2;-;-;-;7;-;-;1;-;-;3;-;-;-;6;3;-;-;3;1;-;-;4;-;5;-;-;-;-;1;-;-;-;-;4;-;4;1;5;2;5;3;-;-;2;-;-;2;1;95
350635 BERTIOGA;-;-;3;-;-;-;-;4;-;1;-;-;-;-;-;-;-;-;1;-;-;-;-;-;1;-;-;-;2;-;-;-;-;-;-;-;-;-;-;-;-;-;-;-;-;-;-;-;-;-;-;-;3;-;2;-;-;-;-;-;-;-;-;17
350640 BILAC;-;-;1;-;-;-;-;-;-;-;-;-;-;-;-;-;-;-;-;-;-;-;-;-;-;-;-;-;-;-;-;-;-;-;-;-;-;-;-;-;-;-;-;-;-;-;-;-;-;-;-;-;-;-;-;-;-;-;-;-;-;-;-;1
350650 BIRIGUI;5;5;17;-;7;-;-;5;1;3;-;1;-;-;2;-;-;-;9;-;-;-;-;-;3;-;-;-;7;1;-;-;-;-;-;-;2;-;2;-;-;-;-;-;-;-;-;-;-;-;5;-;8;-;5;2;-;1;1;-;-;1;-;93
350660 BIRITIBA-MIRIM;-;-;-;-;-;-;-;-;-;-;-;-;-;-;-;-;-;-;1;-;-;-;-;-;-;-;-;-;-;-;-;-;-;-;-;-;-;-;-;-;-;-;-;-;-;-;-;-;-;-;1;-;-;-;-;-;-;-;-;-;-;-;-;2
350670 BOA ESPERANCA DO SUL;-;-;1;-;-;-;-;-;-;-;-;-;-;-;-;-;-;-;-;-;-;-;-;-;-;-;-;-;-;-;-;-;-;-;-;-;-;-;-;-;-;-;-;-;-;-;-;-;-;-;-;-;-;-;-;-;-;-;-;-;-;-;-;1
350700 BOITUVA;-;-;4;-;6;-;-;5;1;1;-;-;-;-;1;-;-;-;8;-;-;-;-;-;-;-;-;-;2;1;-;1;-;-;-;-;2;-;-;-;-;-;-;-;1;-;-;-;-;-;3;-;9;-;6;2;-;-;-;-;-;-;-;53
350710 BOM JESUS DOS PERDOES;-;-;-;-;1;-;-;-;-;1;-;-;-;-;-;-;-;-;-;-;-;-;-;-;-;-;-;-;-;-;-;-;-;-;-;-;-;-;-;-;-;-;-;-;-;-;-;-;-;-;-;-;-;-;-;-;-;-;-;-;-;-;-;2
350730 BORACEIA;-;-;1;-;-;-;-;-;-;-;-;-;-;-;-;-;-;-;-;-;-;-;-;-;-;-;-;-;-;-;-;-;-;-;-;-;-;-;-;-;-;-;-;-;-;-;-;-;-;-;-;-;-;-;-;-;-;-;-;-;-;-;-;1
350740 BORBOREMA;-;-;-;-;1;-;-;-;-;-;-;-;-;-;-;-;-;-;-;-;-;-;-;-;-;-;-;-;-;-;-;-;-;-;-;-;-;-;-;-;-;-;-;-;-;-;-;-;-;-;-;-;1;-;-;-;-;-;-;-;-;-;-;2
350750 BOTUCATU;4;-;56;4;11;-;-;14;10;11;-;1;2;6;2;-;-;-;7;-;-;-;-;1;1;-;-;-;12;3;-;-;1;1;-;-;2;-;6;-;-;-;-;2;-;-;-;-;-;-;14;-;8;-;6;5;6;-;1;-;-;1;5;203
350760 BRAGANCA PAULISTA;-;3;27;-;3;-;-;6;4;8;-;4;-;1;-;-;-;-;6;-;-;-;-;-;2;-;-;-;6;4;-;1;-;-;-;-;3;-;1;-;1;-;-;3;-;-;-;-;1;-;4;-;6;1;1;1;-;-;-;-;-;1;-;98
350780 BRODOWSKI;-;-;1;-;-;-;-;-;-;-;-;-;-;-;-;-;-;-;-;-;-;-;-;-;-;-;-;-;-;-;-;-;-;-;-;-;-;-;-;-;-;-;-;-;-;-;-;-;-;-;-;-;-;-;-;-;-;-;-;-;-;-;-;1
350790 BROTAS;-;-;3;-;1;-;-;1;-;-;-;-;-;-;-;-;-;-;-;-;-;-;-;-;-;-;-;-;1;-;-;-;-;-;-;-;-;-;-;-;-;-;-;-;-;-;-;-;-;-;-;-;2;-;-;-;-;-;-;-;-;-;-;8
350800 BURI;-;-;1;-;-;-;-;-;-;-;-;-;-;-;-;-;-;-;-;-;-;-;-;-;-;-;-;-;-;-;-;-;-;-;-;-;-;-;-;-;-;-;-;-;-;-;-;-;-;-;-;-;-;-;-;-;-;-;-;-;-;-;-;1
350810 BURITAMA;-;-;5;-;-;-;-;-;-;-;-;-;-;-;-;-;-;-;-;-;-;-;-;-;-;-;-;-;-;-;-;-;-;-;-;-;-;-;-;-;-;-;-;-;-;-;-;-;-;-;-;-;-;-;-;-;-;-;-;-;-;-;-;5
350840 CABREUVA;-;-;4;-;3;-;-;4;1;5;-;-;-;-;-;-;-;-;1;-;-;-;-;-;-;-;-;-;-;-;-;-;-;-;-;-;-;-;1;-;-;-;-;-;-;-;-;2;-;-;-;-;1;-;1;2;-;-;-;-;-;-;-;25
350850 CACAPAVA;3;2;32;-;10;-;-;22;2;9;-;-;2;-;3;-;-;-;10;-;-;-;-;-;2;-;-;-;4;1;-;-;-;-;-;-;3;-;3;-;-;1;-;-;1;-;-;2;-;-;4;-;8;1;11;2;-;-;-;-;-;-;-;138
350860 CACHOEIRA PAULISTA;-;-;4;-;2;-;-;2;-;-;-;-;-;-;-;-;-;-;2;-;-;-;-;-;-;-;-;-;1;-;-;-;-;-;-;-;-;-;1;-;-;-;-;-;-;-;-;-;-;-;-;-;1;-;-;-;-;-;-;-;-;-;-;13
350870 CACONDE;-;-;2;-;-;-;-;1;-;-;-;-;-;-;-;-;-;-;1;-;-;-;-;-;-;-;-;-;-;-;-;-;-;-;-;-;-;-;-;-;-;-;-;-;-;-;-;-;-;-;-;-;-;-;-;-;-;-;-;-;-;-;-;4
350880 CAFELANDIA;1;-;5;-;-;-;-;-;-;-;-;-;-;-;-;-;-;-;2;-;-;-;-;-;-;-;-;-;-;-;-;-;-;-;-;-;-;-;-;-;-;-;-;-;-;-;-;-;-;-;-;-;-;-;-;-;-;-;-;-;-;-;-;8
350900 CAIEIRAS;14;5;45;-;11;-;-;12;1;9;-;1;-;-;1;-;-;-;6;-;-;-;-;-;-;-;-;-;3;1;-;-;-;-;-;-;1;-;1;-;-;-;-;-;-;-;-;3;1;-;3;-;6;1;22;6;-;-;1;-;-;-;5;159
350920 CAJAMAR;-;-;27;-;8;-;1;8;1;4;-;-;-;-;-;-;-;-;8;-;-;-;-;-;-;-;-;-;2;1;1;-;-;-;-;-;-;-;1;-;-;-;-;-;-;-;-;-;-;-;1;-;2;-;3;1;-;-;-;-;-;-;2;71
350925 CAJATI;-;-;2;-;-;-;-;-;-;1;-;-;-;-;-;-;-;-;1;-;-;-;-;-;-;-;-;-;-;-;-;-;-;-;-;-;-;-;-;-;-;-;-;-;-;-;-;-;-;-;-;-;-;-;1;-;-;-;-;-;-;-;-;5
350930 CAJOBI;-;-;1;-;-;-;-;-;-;-;-;-;-;-;-;-;-;-;-;-;-;-;-;-;-;-;-;-;-;-;-;-;-;-;-;-;-;-;-;-;-;-;-;-;-;-;-;-;-;-;-;-;-;-;-;-;-;-;-;-;-;-;-;1
350940 CAJURU;-;-;1;-;-;-;-;-;-;-;-;-;-;-;-;-;-;-;1;-;-;-;-;-;-;-;-;-;-;-;-;-;-;-;-;-;-;-;-;-;-;-;-;-;-;-;-;-;-;-;1;-;1;-;-;-;-;-;-;-;-;-;-;4
350950 CAMPINAS;152;90;520;3;375;-;9;391;106;118;2;25;24;14;44;18;1;-;259;6;-;10;24;3;69;1;-;3;139;55;16;7;12;38;8;1;47;6;55;4;8;17;-;9;28;-;1;34;20;1;86;7;178;53;184;86;12;6;23;6;72;20;45;3551
350960 CAMPO LIMPO PAULISTA;-;-;4;-;-;-;-;-;-;-;-;-;-;-;-;-;-;-;1;-;-;-;-;-;-;-;-;-;-;1;-;-;-;-;-;-;-;-;-;-;-;-;-;-;-;-;-;-;-;-;-;-;4;-;-;-;-;-;-;-;-;-;-;10
350970 CAMPOS DO JORDAO;-;1;5;-;6;-;-;5;-;2;-;-;-;-;-;-;-;-;5;-;-;-;-;-;1;-;-;-;2;-;-;-;-;-;-;-;1;1;1;-;-;-;-;-;-;-;-;2;2;-;-;-;3;-;2;1;-;-;1;-;-;-;-;41
350990 CANANEIA;-;-;1;-;-;-;-;-;-;-;-;-;-;-;-;-;-;-;-;-;-;-;-;-;-;-;-;-;-;-;-;-;-;-;-;-;-;-;-;-;-;-;-;-;-;-;-;-;-;-;-;-;-;-;-;-;-;-;-;-;-;-;-;1
351000 CANDIDO MOTA;-;-;3;-;-;-;-;1;-;-;-;-;-;-;-;-;-;-;-;-;-;-;-;-;-;-;-;-;-;-;-;-;-;-;-;-;-;-;-;-;-;-;-;-;-;-;-;-;-;-;-;-;-;-;-;-;-;-;-;-;-;-;-;4
351020 CAPAO BONITO;-;-;3;-;-;-;-;-;-;-;-;-;1;-;-;-;-;-;-;-;-;-;-;-;-;-;-;-;-;1;-;-;-;-;-;-;-;-;-;-;-;-;-;-;-;-;-;-;-;-;-;-;-;-;-;-;-;-;-;-;-;-;-;5
351040 CAPIVARI;1;-;15;1;4;-;-;7;-;4;-;-;-;-;-;-;-;-;4;-;-;-;-;-;-;-;-;-;1;1;-;-;-;-;-;-;-;-;-;-;-;1;-;-;-;-;-;-;-;-;1;-;1;1;3;2;-;-;-;-;-;1;1;49
351050 CARAGUATATUBA;-;1;20;-;10;-;-;5;4;2;-;1;-;-;1;-;-;-;9;-;-;1;-;-;-;-;-;1;3;4;-;-;1;-;-;-;1;-;1;-;1;-;-;-;1;-;-;-;-;-;3;-;10;5;8;4;-;-;1;-;-;-;1;99
351060 CARAPICUIBA;-;2;58;1;17;-;-;11;1;1;-;-;1;-;2;-;-;-;7;-;-;-;-;-;-;-;-;-;4;-;1;-;-;-;-;-;3;-;1;-;-;-;-;-;2;-;-;-;-;-;-;-;3;-;12;4;-;-;-;-;-;-;3;134
351080 CASA BRANCA;-;-;2;-;2;-;-;-;-;1;-;-;-;-;-;-;-;-;1;-;-;-;-;-;-;-;-;-;-;-;-;-;-;-;-;-;-;-;-;-;-;-;-;-;-;-;-;-;-;-;-;-;1;-;1;1;-;-;-;-;-;-;-;9
351110 CATANDUVA;6;-;46;-;15;-;-;20;2;3;-;1;2;2;4;-;-;-;19;-;-;-;-;1;5;-;-;-;13;1;-;-;-;-;-;-;4;-;4;-;-;1;-;1;1;-;-;3;-;-;7;-;5;2;15;3;-;-;2;-;-;1;1;190
351130 CEDRAL;-;-;4;-;-;-;-;-;-;-;-;-;-;-;-;-;-;-;-;-;-;-;-;-;-;-;-;-;-;-;-;-;-;-;-;-;-;-;-;-;-;-;-;-;-;-;-;-;-;-;-;-;-;-;-;-;-;-;-;-;-;-;-;4
351140 CERQUEIRA CESAR;-;-;1;-;-;-;-;-;-;1;-;1;-;-;-;-;-;-;-;-;-;-;-;-;-;-;-;-;-;-;-;-;-;-;-;-;-;-;-;-;-;-;-;-;-;-;-;-;-;-;-;-;-;-;-;-;-;-;-;-;-;-;-;3
351150 CERQUILHO;1;-;9;-;3;-;-;5;4;1;-;-;-;-;-;-;-;-;6;-;-;-;-;-;-;-;-;-;4;2;-;-;-;-;-;-;3;-;3;-;-;-;-;-;-;-;-;1;-;-;-;-;6;2;2;4;-;-;-;-;-;1;-;57
351160 CESARIO LANGE;-;-;1;-;-;-;-;-;-;-;-;-;-;-;-;-;-;-;-;-;-;-;-;-;-;-;-;-;-;-;-;-;-;-;-;-;-;-;-;-;-;-;-;-;-;-;-;-;-;-;-;-;-;-;-;-;-;-;-;-;-;-;-;1
351170 CHARQUEADA;-;-;2;-;-;-;-;-;-;-;-;-;-;-;-;-;-;-;-;-;-;-;-;-;-;-;-;-;-;-;-;-;-;-;-;-;-;-;-;-;-;-;-;-;-;-;-;-;-;-;-;-;-;-;-;-;-;-;-;-;-;-;-;2
351200 COLINA;-;-;1;-;-;-;-;-;-;-;-;-;-;-;-;-;-;-;1;-;-;-;-;-;-;-;-;-;1;-;-;-;-;-;-;-;-;-;-;-;-;-;-;-;-;-;-;-;-;-;-;-;-;-;-;-;-;-;-;-;-;-;-;3
351210 COLOMBIA;-;-;1;-;-;-;-;-;-;-;-;-;-;-;-;-;-;-;-;-;-;-;-;-;-;-;-;-;-;-;-;-;-;-;-;-;-;-;-;-;-;-;-;-;-;-;-;-;-;-;-;-;-;-;-;-;-;-;-;-;-;-;-;1
351220 CONCHAL;-;-;3;-;1;-;-;1;-;1;-;-;-;-;-;-;-;-;-;-;-;-;-;-;-;-;-;-;-;-;-;-;-;-;-;-;-;-;-;-;-;-;-;-;-;-;-;-;-;-;-;-;-;-;-;-;-;-;-;-;-;-;-;6
351230 CONCHAS;-;-;2;-;-;-;-;-;-;-;-;-;-;-;-;-;-;-;1;-;-;-;-;-;-;-;-;-;-;-;-;-;-;-;-;-;-;-;-;-;-;-;-;-;-;-;-;-;-;-;1;-;-;-;1;-;-;-;-;-;-;-;-;5
351240 CORDEIROPOLIS;-;-;2;-;1;-;-;4;1;-;-;-;-;-;2;-;-;-;2;-;-;-;-;-;-;-;-;-;1;-;-;-;-;-;-;-;-;-;1;-;-;-;-;-;-;-;-;-;-;-;1;1;2;-;3;1;-;-;-;-;-;-;-;22
351280 COSMOPOLIS;-;1;8;-;1;-;-;2;-;-;-;-;-;-;1;-;-;-;1;-;-;-;-;-;-;-;-;-;-;-;-;-;-;-;-;-;-;-;-;-;-;-;-;-;-;-;-;-;-;-;1;-;2;-;1;-;-;1;-;-;-;-;-;19
351300 COTIA;1;4;46;-;16;-;-;12;1;11;-;-;1;-;-;-;-;-;12;-;-;-;2;-;1;-;-;-;7;3;-;1;-;-;-;-;1;1;1;-;3;-;-;1;1;-;-;3;-;-;1;1;16;1;17;5;-;-;3;-;-;1;-;174
351310 CRAVINHOS;-;-;1;-;-;-;-;-;-;-;-;-;-;-;-;-;-;-;-;-;-;-;-;-;-;-;-;-;-;1;-;-;-;-;-;-;-;-;-;-;-;-;-;-;-;-;-;-;-;-;-;-;2;-;-;-;-;-;-;-;-;-;-;4
351340 CRUZEIRO;-;1;8;-;3;-;-;5;3;11;-;-;1;-;-;-;-;-;6;-;-;-;1;-;-;-;-;-;5;2;-;-;-;-;-;-;3;-;1;-;-;-;-;-;-;-;-;1;-;-;3;-;7;-;7;-;-;-;-;-;-;-;1;69
351350 CUBATAO;-;-;16;-;4;-;-;16;1;2;-;2;1;1;-;-;-;-;6;-;-;-;-;-;1;-;-;-;-;5;-;-;-;-;-;-;1;-;2;-;-;-;-;-;-;-;-;-;-;-;1;1;6;-;5;1;-;-;-;-;-;-;-;72
351360 CUNHA;-;-;2;-;1;-;-;1;-;-;-;-;-;-;-;-;-;-;-;-;-;-;-;-;-;-;-;-;-;-;-;-;-;-;-;-;-;-;-;-;-;-;-;-;-;-;-;-;-;-;-;-;1;-;-;-;-;-;-;-;-;-;-;5
351370 DESCALVADO;-;-;1;-;-;-;-;1;-;-;-;-;-;-;-;-;-;-;-;-;-;-;-;-;-;-;-;-;1;-;-;-;-;-;-;-;-;-;-;-;-;-;-;-;-;-;-;-;-;-;-;-;2;-;-;-;-;-;-;-;-;-;-;5
351380 DIADEMA;4;4;116;-;31;-;-;58;2;12;-;1;1;1;1;-;-;-;24;1;-;1;3;-;1;1;-;-;12;5;5;1;-;1;-;-;7;-;3;-;-;2;-;-;1;-;1;-;-;-;11;-;24;9;47;11;-;-;2;-;-;1;12;417
351390 DIVINOLANDIA;-;-;-;-;-;-;-;1;-;-;-;-;-;-;-;-;-;-;-;-;-;-;-;-;-;-;-;-;-;-;-;-;-;-;-;-;-;-;-;-;-;-;-;-;-;-;-;-;-;-;-;-;-;-;-;-;-;-;-;-;-;-;-;1
351410 DOIS CORREGOS;-;-;-;-;-;-;-;-;-;-;-;-;-;1;-;-;-;-;1;-;-;-;-;-;-;-;-;-;1;-;-;-;1;-;-;-;-;-;-;-;-;-;-;-;-;-;-;-;-;-;-;-;-;-;-;-;-;-;-;-;-;-;-;4
351440 DRACENA;-;1;3;-;1;-;-;1;3;1;-;-;1;-;-;-;-;-;2;-;-;-;-;-;-;-;-;-;2;1;-;-;-;-;-;-;1;-;-;-;-;-;-;-;-;-;-;-;-;-;-;-;4;-;1;1;-;-;-;-;-;1;-;24
351450 DUARTINA;-;-;10;-;-;-;-;1;-;-;-;-;-;-;-;-;-;-;-;-;-;-;-;-;-;-;-;-;-;1;-;-;-;-;-;-;-;-;-;-;-;-;-;-;-;-;-;-;-;-;-;-;-;-;-;-;-;-;-;-;-;-;-;12
351490 ELIAS FAUSTO;-;-;1;-;-;-;-;-;-;-;-;-;-;-;-;-;-;-;-;-;-;-;-;-;-;-;-;-;-;-;-;-;-;-;-;-;-;-;-;-;-;-;-;-;-;-;-;-;-;-;-;-;-;-;-;-;-;-;-;-;-;-;-;1
351500 EMBU DAS ARTES;-;-;17;-;-;-;-;-;-;1;-;1;-;-;-;-;-;-;-;-;-;-;-;-;-;-;-;-;-;1;-;-;-;-;-;-;-;-;-;-;-;-;-;-;-;-;-;-;-;-;-;-;5;-;1;-;-;-;-;-;-;-;-;26
351510 EMBU-GUACU;-;-;4;-;-;-;-;1;-;-;-;-;-;-;-;-;-;-;-;-;-;-;-;-;-;-;-;-;1;-;-;-;-;-;-;-;-;-;-;-;-;-;-;-;-;-;-;-;-;-;1;-;1;-;-;-;-;-;-;-;-;-;1;9
351515 ENGENHEIRO COELHO;-;-;3;-;1;-;-;2;1;-;-;-;-;-;-;-;-;-;1;-;-;-;-;-;-;-;-;-;1;-;-;-;-;-;-;-;1;-;-;-;-;-;-;-;-;-;-;-;-;-;-;-;-;-;1;-;-;-;-;-;-;-;-;11
351518 ESPIRITO SANTO DO PINHAL;-;-;4;-;2;-;-;4;-;1;-;-;-;-;-;-;-;-;5;-;-;-;1;-;2;-;-;-;1;-;-;-;-;-;-;-;-;-;5;-;-;-;-;-;-;-;-;-;1;-;-;-;3;-;-;3;-;-;-;-;-;-;-;32
351520 ESTRELA D'OESTE;-;-;2;-;-;-;-;1;-;-;-;-;-;-;-;-;-;-;-;-;-;-;-;-;-;-;-;-;-;-;-;-;-;-;-;-;-;-;-;-;-;-;-;-;-;-;-;-;-;-;-;-;-;-;-;-;-;-;-;-;-;-;-;3
351535 EUCLIDES DA CUNHA PAULISTA;-;-;-;-;-;-;-;-;-;-;-;-;-;-;-;-;-;-;-;-;-;-;-;-;-;-;-;-;-;-;-;-;-;-;-;-;1;-;-;-;-;-;-;-;-;-;-;-;-;-;-;-;-;-;-;-;-;-;-;-;-;-;-;1
351540 FARTURA;-;-;2;-;-;-;-;-;-;-;-;-;-;-;-;-;-;-;-;-;-;-;-;-;-;-;-;-;-;-;-;-;-;-;-;-;-;-;-;-;-;-;-;-;-;-;-;-;-;-;-;-;-;-;-;-;-;-;-;-;-;-;-;2
351550 FERNANDOPOLIS;1;-;28;-;2;-;1;6;5;6;-;-;-;-;1;-;-;-;2;-;-;-;-;-;1;-;-;-;4;1;-;-;-;-;-;-;1;1;-;-;-;-;-;-;-;-;-;1;-;-;-;-;4;-;1;-;-;-;1;-;-;-;-;67
351570 FERRAZ DE VASCONCELOS;-;-;6;-;1;-;-;-;-;2;-;-;-;-;-;-;-;-;-;-;-;-;-;-;-;-;-;-;-;-;-;-;-;-;-;-;-;-;-;-;-;-;-;-;-;-;-;-;-;-;-;-;4;-;-;-;-;-;-;-;-;-;-;13
351600 FLORIDA PAULISTA;-;-;1;-;-;-;-;-;-;-;-;-;-;-;-;-;-;-;-;-;-;-;-;-;-;-;-;-;-;-;-;-;-;-;-;-;-;-;-;-;-;-;-;-;-;-;-;-;-;-;-;-;-;-;-;-;-;-;-;-;-;-;-;1
351620 FRANCA;7;1;21;4;18;-;-;25;5;4;-;-;-;-;1;-;-;-;11;1;-;-;-;-;7;-;-;-;5;2;4;-;-;-;1;-;2;-;10;-;1;1;-;-;3;-;-;1;-;-;3;3;18;1;12;3;-;-;3;-;-;1;4;183
351630 FRANCISCO MORATO;1;-;6;-;3;-;-;3;-;2;-;-;-;-;-;-;-;-;-;-;-;-;-;-;-;-;-;-;-;-;-;-;-;-;-;-;-;-;1;-;-;-;-;-;-;-;-;-;-;-;-;-;3;-;1;-;-;-;-;-;-;-;-;20
351640 FRANCO DA ROCHA;-;-;4;-;1;-;-;3;2;2;-;-;1;1;1;-;-;-;1;-;-;-;-;-;-;-;-;-;-;2;-;-;-;-;-;-;1;-;-;-;-;-;-;-;-;-;-;-;-;-;-;-;2;-;2;2;-;-;-;-;-;-;1;26
351660 GALIA;-;-;1;-;-;-;-;-;-;-;-;-;-;-;-;-;-;-;-;-;-;-;-;-;-;-;-;-;-;-;-;-;-;-;-;-;-;-;-;-;-;-;-;-;-;-;-;-;-;-;-;-;-;-;-;-;-;-;-;-;-;-;-;1
351670 GARCA;-;-;4;-;4;-;-;3;-;-;-;-;1;-;-;-;-;-;2;-;-;-;-;-;-;-;-;-;-;-;-;-;-;-;-;-;-;-;-;-;-;-;-;-;-;-;-;-;-;-;-;-;1;-;2;-;-;-;-;-;-;-;-;17
351690 GENERAL SALGADO;-;-;1;-;-;-;-;-;-;-;-;-;-;-;-;-;-;-;-;-;-;-;-;-;-;-;-;-;-;-;-;-;-;-;-;-;-;-;-;-;-;-;-;-;-;-;-;-;-;-;-;-;1;-;-;-;-;-;-;-;-;-;-;2
351740 GUAIRA;-;-;-;-;1;-;-;3;-;-;-;-;-;-;-;-;-;-;-;-;-;-;-;-;-;-;-;-;1;1;-;-;-;-;-;-;-;-;-;-;-;-;-;-;-;-;-;-;-;-;-;-;1;-;-;-;-;-;-;-;-;-;-;7
351750 GUAPIACU;-;-;-;-;-;-;-;1;-;-;-;-;-;-;-;-;-;-;-;-;-;-;-;-;-;-;-;-;-;-;-;-;-;-;-;-;-;-;-;-;-;-;-;-;-;-;-;-;-;-;-;-;-;-;-;-;-;-;-;-;-;-;-;1
351770 GUARA;-;-;5;-;-;-;-;-;-;-;-;-;-;-;-;-;-;-;-;-;-;-;-;-;-;-;-;-;-;-;-;-;-;-;-;-;-;-;-;-;-;-;-;-;-;-;-;-;-;-;-;-;1;-;-;-;-;-;-;-;-;-;-;6
351830 GUARAREMA;-;-;1;-;-;-;-;-;-;-;-;-;-;-;-;-;-;-;-;-;-;-;-;-;-;-;-;-;-;3;-;-;-;-;-;-;-;-;-;-;-;-;-;-;-;-;-;-;-;-;-;-;1;-;-;-;-;-;-;-;-;-;-;5
351840 GUARATINGUETA;3;6;44;-;16;-;-;22;4;9;-;2;3;1;1;2;-;-;16;-;-;1;-;-;3;-;-;1;8;3;1;1;-;1;-;-;5;-;6;-;2;-;-;-;1;-;-;4;1;-;3;-;21;6;20;6;1;-;-;2;-;-;-;226
351850 GUAREI;-;-;-;-;-;-;-;-;-;-;-;-;-;-;-;-;-;-;-;-;-;-;-;-;-;-;-;-;-;-;-;-;-;-;-;-;-;-;-;-;-;-;-;-;-;-;-;-;-;-;-;-;-;-;1;-;-;-;-;-;-;-;-;1
351860 GUARIBA;-;-;6;-;1;-;-;2;-;1;-;-;-;-;1;-;-;-;3;-;-;-;-;-;-;-;-;-;1;1;-;-;-;-;-;-;-;-;-;-;-;-;-;-;-;-;-;-;-;-;-;-;1;-;1;-;-;-;-;-;-;-;-;18
351870 GUARUJA;3;1;48;-;15;-;-;19;-;5;-;1;1;-;3;1;-;-;15;-;-;-;-;-;1;-;-;-;4;2;2;1;-;-;1;-;1;1;2;-;-;-;-;-;2;-;1;-;-;-;4;2;7;2;19;8;-;-;1;-;-;-;4;177
351880 GUARULHOS;65;15;310;2;162;-;3;143;24;43;-;4;16;-;10;-;-;-;68;-;-;4;10;2;10;1;-;-;32;15;9;2;7;24;3;-;27;-;15;-;1;9;-;-;4;-;-;11;5;-;40;9;60;20;122;35;-;1;8;2;-;7;21;1381
351905 HOLAMBRA;-;-;3;-;-;-;-;-;-;1;-;-;-;-;-;-;-;-;-;-;-;-;-;-;-;-;-;-;-;2;-;-;-;-;-;-;-;-;-;-;-;-;-;-;-;-;-;-;-;-;-;-;-;-;-;-;-;-;-;-;-;-;-;6
351907 HORTOLANDIA;-;1;16;-;4;-;-;8;-;2;-;1;-;-;2;-;-;-;7;-;-;-;-;-;-;-;-;-;2;1;-;-;1;-;-;-;2;-;1;-;-;-;-;-;-;-;-;-;-;-;1;-;2;-;2;1;-;-;-;-;-;-;-;54
351930 IBATE;-;-;-;-;-;-;-;2;-;-;-;-;-;-;-;-;-;-;1;-;-;-;-;-;-;-;-;-;-;-;-;-;-;-;-;-;-;-;-;-;-;-;-;-;-;-;-;-;-;-;-;-;-;-;-;-;-;-;-;-;-;-;-;3
351960 IBITINGA;-;-;6;-;1;-;-;-;1;1;-;-;-;-;-;-;-;-;2;-;-;-;-;-;-;-;-;-;3;-;-;-;-;-;-;-;1;-;2;-;-;-;-;-;-;-;-;-;-;-;1;-;4;-;-;1;-;-;-;-;-;-;-;23
351970 IBIUNA;-;-;7;-;-;-;-;1;2;2;-;-;-;-;-;-;-;-;-;-;-;-;-;-;-;-;-;-;-;-;-;-;-;-;-;-;1;-;-;-;-;-;-;-;-;-;-;-;-;-;1;-;1;-;-;-;-;-;-;-;-;-;-;15
351980 ICEM;-;-;1;-;-;-;-;-;-;1;-;-;-;-;-;-;-;-;-;-;-;-;-;-;-;-;-;-;-;-;-;-;-;-;-;-;-;-;-;-;-;-;-;-;-;-;-;-;-;-;-;-;-;-;-;-;-;-;-;-;-;-;-;2
352010 IGARAPAVA;-;-;5;-;-;-;-;-;-;-;-;-;-;-;-;-;-;-;-;-;-;-;-;-;-;-;-;-;1;-;-;-;-;-;-;-;-;-;1;-;-;-;-;-;-;-;-;-;-;-;-;-;1;-;-;-;-;-;-;-;-;-;1;9
352030 IGUAPE;-;-;3;-;-;-;-;1;-;-;-;-;-;-;-;-;-;-;1;-;-;-;-;-;-;-;-;-;-;1;-;-;-;-;-;-;-;-;-;-;-;-;-;-;-;-;-;-;-;-;-;-;-;-;-;-;-;-;-;-;-;-;-;6
352040 ILHABELA;-;-;2;-;1;-;-;-;-;-;-;-;-;-;-;-;-;-;-;-;-;-;-;-;-;-;-;-;-;-;-;-;-;-;-;-;-;-;-;-;-;-;-;-;-;-;-;-;-;-;-;-;1;-;-;-;-;-;-;-;-;-;-;4
352042 ILHA COMPRIDA;-;-;2;-;-;-;-;-;-;-;-;-;-;-;-;-;-;-;-;-;-;-;-;-;-;-;-;-;-;1;-;-;-;-;-;-;-;-;-;-;-;-;-;-;-;-;-;-;-;-;-;-;1;-;-;-;-;-;-;-;-;-;-;4
352044 ILHA SOLTEIRA;-;1;2;1;-;-;-;1;1;-;-;1;-;-;-;-;-;-;1;-;-;-;-;-;-;-;-;-;1;-;-;-;-;-;-;-;-;-;2;-;-;-;-;-;-;-;-;-;-;-;-;-;1;-;-;1;-;-;-;-;-;-;2;15
352050 INDAIATUBA;6;2;34;-;11;1;-;18;2;4;-;2;3;-;3;-;-;-;10;-;-;-;2;-;2;-;-;-;11;3;-;-;1;1;2;-;4;-;3;-;-;-;-;1;-;-;-;-;-;-;1;1;11;-;3;5;-;-;-;-;-;1;1;149
352100 IPERO;-;-;1;-;-;-;-;-;-;-;-;-;-;-;-;-;-;-;-;-;-;-;-;-;-;-;-;-;-;-;-;-;-;-;-;-;-;-;-;-;-;-;-;-;-;-;-;-;-;-;-;-;-;-;1;-;-;-;-;-;-;-;-;2
352130 IPUA;-;-;3;-;-;-;-;-;-;-;-;-;-;-;-;-;-;-;-;-;-;-;-;-;-;-;-;-;-;-;-;-;-;-;-;-;-;-;-;-;-;-;-;-;-;-;-;-;-;-;-;-;-;-;-;-;-;-;-;-;-;-;-;3
352140 IRACEMAPOLIS;-;-;1;-;-;-;-;1;-;-;-;-;-;-;-;-;-;-;1;-;-;-;-;-;-;-;-;-;-;1;-;-;-;-;-;-;-;-;-;-;-;-;-;-;-;-;-;-;-;-;-;-;1;-;-;-;-;-;-;-;-;-;1;6
352150 IRAPUA;-;-;1;-;-;-;-;-;-;-;-;-;-;-;-;-;-;-;-;-;-;-;-;-;-;-;-;-;-;-;-;-;-;-;-;-;-;-;-;-;-;-;-;-;-;-;-;-;-;-;-;-;-;-;-;-;-;-;-;-;-;-;-;1
352170 ITABERA;-;-;1;-;-;-;-;-;-;-;-;-;-;-;-;-;-;-;-;-;-;-;-;-;-;-;-;-;-;-;-;-;-;-;-;-;-;-;-;-;-;-;-;-;-;-;-;-;-;-;-;-;-;-;-;-;-;-;-;-;-;-;-;1
352190 ITAJOBI;-;-;1;-;-;-;-;1;-;-;-;-;-;-;-;-;-;-;-;-;-;-;-;-;-;-;-;-;-;1;-;-;-;-;-;-;-;-;-;-;-;-;-;-;-;-;-;-;-;-;-;-;-;-;-;-;-;-;-;-;-;-;-;3
352210 ITANHAEM;-;-;14;-;1;-;-;7;-;4;-;1;-;-;1;-;-;-;2;-;-;-;-;-;-;-;-;-;2;-;-;-;-;-;-;-;1;-;1;-;-;-;-;-;-;-;-;-;-;-;-;-;2;-;2;1;-;-;-;-;-;1;-;40
352220 ITAPECERICA DA SERRA;1;-;20;-;7;-;-;2;12;-;-;-;1;-;-;-;-;-;1;-;-;-;-;-;-;-;-;-;2;-;-;-;-;-;-;-;-;-;1;-;-;-;-;-;-;-;-;-;-;-;1;-;3;-;4;1;-;-;-;-;-;-;-;56
352230 ITAPETININGA;-;-;47;-;4;-;-;9;4;3;-;2;-;1;-;-;-;-;10;-;-;-;-;-;1;-;-;-;5;2;-;-;-;-;-;-;1;-;4;-;1;1;-;-;-;-;-;1;-;-;2;-;6;1;3;6;-;-;-;-;-;-;1;115
352240 ITAPEVA;-;-;15;-;2;-;-;3;-;1;-;-;-;-;1;-;-;-;6;-;-;-;-;-;-;-;-;-;2;-;-;-;-;-;-;-;-;-;1;-;-;-;-;-;-;-;-;1;-;-;6;-;5;-;-;-;-;-;-;-;-;-;-;43
352250 ITAPEVI;-;-;14;1;1;-;-;2;-;3;-;-;-;-;-;-;-;-;3;-;-;-;-;-;-;-;-;-;2;3;-;-;1;-;-;-;-;-;-;-;-;-;-;-;-;-;-;-;-;-;-;-;4;-;5;-;-;-;1;-;-;-;-;40
352260 ITAPIRA;2;1;14;-;-;-;-;5;19;1;-;1;-;-;-;-;-;-;5;-;-;-;-;-;-;-;-;-;5;2;-;-;-;-;-;-;1;-;1;-;-;-;-;-;1;-;-;-;-;-;3;-;2;-;3;-;-;-;-;-;28;-;1;95
352270 ITAPOLIS;-;-;6;-;1;-;-;-;-;-;-;-;-;-;-;-;-;-;-;-;-;-;-;-;-;-;-;-;-;-;-;-;-;-;-;-;-;-;-;-;-;-;-;-;-;-;-;-;-;-;-;-;-;-;-;-;-;-;-;-;-;-;-;7
352280 ITAPORANGA;-;-;1;-;-;-;-;-;-;1;-;-;-;-;-;-;-;-;-;-;-;-;-;-;-;-;-;-;-;-;-;-;-;-;-;-;-;-;-;-;-;-;-;-;-;-;-;-;-;-;-;-;-;-;-;-;-;-;-;-;-;-;-;2
352310 ITAQUAQUECETUBA;-;1;10;-;6;-;-;2;1;3;-;1;-;-;-;-;-;-;2;-;-;-;-;-;1;-;-;-;1;1;-;-;-;-;-;-;2;1;-;-;-;-;-;-;-;-;-;-;-;-;3;-;3;-;1;3;-;-;-;-;-;-;2;44
352320 ITARARE;-;-;3;-;1;-;-;1;-;-;-;-;-;-;-;-;-;-;-;-;-;-;-;-;-;-;-;-;-;1;-;-;-;-;-;-;-;-;-;-;-;-;-;-;-;-;-;-;-;-;-;-;2;-;-;-;-;-;-;-;-;-;-;8
352330 ITARIRI;-;-;1;-;-;-;-;-;-;-;-;-;-;-;-;-;-;-;-;-;-;-;-;-;-;-;-;-;-;-;-;-;-;-;-;-;-;-;-;-;-;-;-;-;-;-;-;-;-;-;-;-;-;-;-;-;-;-;-;-;-;-;-;1
352340 ITATIBA;-;-;7;-;1;-;-;4;2;-;-;-;2;-;1;-;-;-;2;-;-;-;-;-;1;-;-;-;2;3;-;-;-;-;-;-;3;-;-;-;-;-;-;-;-;-;-;-;-;-;-;-;4;-;-;-;-;-;-;-;-;-;-;32
352350 ITATINGA;-;-;-;-;-;-;-;1;-;-;-;-;-;-;-;-;-;-;-;-;-;-;-;-;-;-;-;-;-;-;-;-;-;-;-;-;-;-;-;-;-;-;-;-;-;-;-;-;-;-;-;-;-;-;-;-;-;-;-;-;-;-;-;1
352360 ITIRAPINA;-;-;1;-;-;-;-;-;-;-;-;-;-;-;-;-;-;-;-;-;-;-;-;-;-;-;-;-;-;-;-;-;-;-;-;-;-;-;-;-;-;-;-;-;-;-;-;-;-;-;-;-;-;-;-;-;-;-;-;-;-;-;-;1
352380 ITOBI;-;-;-;-;-;-;-;-;-;-;-;-;-;-;-;-;-;-;-;-;-;-;-;-;-;-;-;-;-;-;-;-;-;-;-;-;-;-;-;-;-;-;-;-;-;-;-;-;-;-;-;-;1;-;-;-;-;-;-;-;-;-;-;1
352390 ITU;1;4;18;-;8;-;-;11;6;7;-;3;-;-;1;-;-;-;8;-;-;-;-;-;1;-;-;-;10;1;1;-;-;2;-;-;3;-;7;-;1;-;-;1;1;-;-;2;1;-;3;-;12;-;9;1;-;-;1;-;-;3;-;127
352400 ITUPEVA;-;-;17;-;7;-;-;10;-;3;-;1;1;-;-;-;-;-;1;-;-;-;-;-;-;-;-;-;1;2;-;-;-;-;-;-;-;-;-;-;-;-;-;-;-;-;-;-;-;-;-;-;1;-;-;-;-;-;-;-;-;-;-;44
352410 ITUVERAVA;-;-;28;-;2;-;-;2;-;1;-;-;-;-;-;-;-;-;3;-;-;-;-;-;1;-;-;-;3;1;-;-;-;-;-;-;-;-;-;-;-;-;-;-;-;1;-;-;-;-;1;1;2;-;4;1;-;-;-;-;-;-;2;53
352420 JABORANDI;-;-;2;-;-;-;-;-;-;-;-;-;-;-;-;-;-;-;-;-;-;-;-;-;-;-;-;-;-;-;-;-;-;-;-;-;-;-;-;-;-;-;-;-;-;-;-;-;-;-;-;-;-;-;-;-;-;-;-;-;-;-;-;2
352430 JABOTICABAL;1;-;9;-;1;-;-;1;8;-;-;-;2;-;-;-;-;-;2;-;-;-;-;-;-;-;-;-;5;-;-;-;-;-;-;-;-;-;1;-;-;-;-;-;-;-;-;-;-;-;1;-;3;2;-;-;-;1;1;-;-;-;-;38
352440 JACAREI;7;5;117;-;34;-;-;60;10;19;-;1;3;2;3;-;-;-;29;-;-;2;2;-;1;-;-;-;13;4;1;2;4;2;-;-;7;-;4;-;1;2;-;2;1;-;-;6;-;-;9;1;20;5;29;11;-;-;4;-;-;2;3;428
352450 JACI;-;-;1;-;-;-;-;-;-;-;-;-;-;-;-;-;-;-;-;-;-;-;-;-;-;-;-;-;-;-;-;-;-;-;-;-;-;-;-;-;-;-;-;-;-;-;-;-;-;-;-;-;-;-;-;-;-;-;-;-;-;-;-;1
352460 JACUPIRANGA;-;-;1;-;-;-;-;-;-;-;-;-;-;-;-;-;-;-;-;-;-;-;-;-;-;-;-;-;-;-;-;-;-;-;-;-;-;-;-;-;-;-;-;-;-;-;-;-;-;-;-;-;-;-;-;-;-;-;-;-;-;-;-;1
352470 JAGUARIUNA;-;-;6;-;-;-;-;3;2;2;-;1;-;-;1;-;-;-;2;-;-;-;-;-;-;-;-;-;1;2;-;-;-;-;-;-;-;-;-;-;-;-;-;-;-;-;-;-;-;-;-;1;1;-;-;-;-;-;-;-;-;-;-;22
352480 JALES;-;-;15;-;2;-;-;4;2;3;-;1;1;-;1;-;-;-;2;-;-;-;-;-;-;-;-;-;4;2;-;-;-;-;-;-;3;-;-;-;1;-;-;-;-;-;-;1;1;-;2;1;-;-;-;-;-;-;2;-;-;1;-;49
352500 JANDIRA;-;-;-;-;-;-;-;2;-;1;-;-;-;-;1;-;-;-;1;-;-;-;-;-;-;-;-;-;1;2;-;-;-;-;-;-;-;-;-;-;-;-;-;-;-;-;-;-;-;-;-;-;2;-;1;-;-;-;-;-;-;-;1;12
352510 JARDINOPOLIS;-;-;2;-;1;-;-;1;-;-;-;-;-;-;-;-;-;-;-;-;-;-;-;-;-;-;-;-;-;-;-;-;-;-;-;-;-;-;-;-;-;-;-;-;-;-;-;-;-;-;-;-;2;-;-;-;-;-;-;-;-;-;-;6
352520 JARINU;-;-;2;-;-;-;-;-;-;-;-;-;-;-;-;-;-;-;1;-;-;-;-;-;-;-;-;-;-;-;-;-;-;-;-;-;-;-;-;-;-;-;-;-;-;-;-;-;-;-;1;-;-;-;1;-;-;-;-;-;-;-;-;5
352530 JAU;2;3;27;1;1;-;-;8;2;4;-;1;1;-;-;-;-;1;3;1;-;-;-;-;3;-;-;-;6;2;-;-;-;-;-;-;1;1;-;-;-;-;-;-;-;-;-;-;-;-;1;-;8;2;3;-;-;-;1;-;-;-;-;83
352550 JOANOPOLIS;-;-;1;-;-;-;-;-;-;1;-;-;-;-;-;-;-;-;-;-;-;-;-;-;-;-;-;-;-;-;-;-;-;-;-;-;-;-;-;-;-;-;-;-;-;-;-;-;-;-;-;-;-;-;-;-;-;-;-;-;-;-;-;2
352570 JOSE BONIFACIO;-;1;5;-;-;-;-;1;-;1;-;-;-;-;-;-;-;-;1;-;-;-;-;-;-;-;-;-;1;-;-;-;-;-;-;-;-;-;-;-;1;-;-;-;-;-;-;-;-;-;1;-;2;-;-;-;-;-;-;-;-;-;-;14
352590 JUNDIAI;45;21;301;-;88;-;3;150;23;11;-;15;9;3;4;4;-;-;65;6;-;3;8;2;15;-;-;1;30;28;4;1;1;10;-;-;16;4;15;1;7;5;-;2;6;-;1;10;5;1;19;5;31;14;64;19;-;1;6;1;1;10;11;1106
352610 JUQUIA;-;-;2;-;-;-;-;-;-;-;-;-;-;-;-;-;-;-;-;-;-;-;-;-;-;-;-;-;-;-;-;-;-;-;-;-;-;-;-;-;-;-;-;-;-;-;-;-;-;-;-;-;-;-;-;-;-;-;-;-;-;-;-;2
352620 JUQUITIBA;-;-;1;-;-;-;-;-;-;-;-;-;-;-;-;-;-;-;-;-;-;-;-;-;-;-;-;-;-;-;-;-;-;-;-;-;-;-;-;-;-;-;-;-;-;-;-;-;-;-;-;-;-;-;-;-;-;-;-;-;-;-;-;1
352630 LAGOINHA;-;-;-;-;-;-;-;-;-;-;-;-;-;-;-;-;-;-;-;-;-;-;-;-;-;-;-;-;-;-;-;-;-;-;-;-;-;-;-;-;-;-;-;-;1;-;-;-;-;-;-;-;-;-;-;-;-;-;-;-;-;-;-;1
352640 LARANJAL PAULISTA;-;-;-;-;1;-;-;-;-;-;-;-;-;-;-;-;-;-;1;-;-;-;-;-;-;-;-;-;2;-;-;-;-;-;-;-;-;-;1;-;-;-;-;-;-;-;-;-;-;-;1;-;2;-;-;1;-;-;-;-;-;-;-;9
352660 LAVRINHAS;-;-;-;-;-;-;-;-;-;-;-;-;-;-;-;-;-;-;-;-;-;-;-;-;-;-;-;-;-;-;-;-;-;-;-;-;-;-;-;-;-;-;-;-;-;-;-;-;-;-;-;-;-;-;-;-;-;-;-;-;-;1;-;1
352670 LEME;2;-;8;-;4;-;-;4;2;4;-;1;-;-;-;-;-;-;2;-;-;-;-;-;-;-;-;-;3;-;-;-;-;-;-;-;3;-;-;-;-;-;-;-;-;-;-;1;-;-;2;1;2;-;-;-;-;-;-;-;-;-;-;39
352680 LENCOIS PAULISTA;-;-;10;-;1;-;-;3;2;1;-;1;-;-;-;-;-;-;2;-;-;-;-;-;1;-;-;-;-;3;-;-;-;-;-;-;1;-;-;-;-;-;-;-;-;-;-;-;-;-;-;-;2;-;-;1;-;-;-;-;-;-;-;28
352690 LIMEIRA;6;4;72;-;13;-;1;29;4;3;-;3;2;-;1;-;-;-;16;2;-;-;1;-;2;-;-;-;18;7;-;1;1;2;1;-;6;-;9;-;1;-;-;-;2;-;-;2;1;-;10;1;13;3;9;6;-;1;2;-;-;1;1;257
352700 LINDOIA;-;-;2;-;-;-;-;-;-;-;-;-;-;-;-;-;-;-;-;-;-;-;-;-;-;-;-;-;-;-;-;-;-;-;-;-;-;-;-;-;-;-;-;-;-;-;-;-;-;-;-;-;-;-;-;-;-;-;-;-;-;-;-;2
352710 LINS;1;-;16;-;4;-;-;5;6;1;-;2;2;-;1;-;-;-;6;-;-;-;-;-;1;-;-;-;2;-;2;-;2;-;-;-;3;-;1;-;-;-;-;-;-;-;-;3;-;-;1;-;8;2;3;3;-;-;-;-;-;1;1;77
352720 LORENA;4;3;16;-;7;-;-;10;3;2;-;2;-;-;-;-;-;-;5;1;-;-;-;-;1;-;-;-;5;1;-;-;-;-;1;-;4;-;1;-;-;-;-;-;-;-;-;-;-;-;4;1;7;-;4;2;-;-;-;-;-;-;1;85
352730 LOUVEIRA;-;-;4;-;1;-;-;1;-;-;-;-;-;-;-;-;-;-;-;-;-;-;-;-;-;-;-;-;1;-;-;-;-;-;-;-;1;-;-;-;-;-;-;-;-;-;-;-;-;-;1;-;-;-;-;-;-;-;-;-;-;-;-;9
352740 LUCELIA;-;-;1;-;-;-;-;1;-;-;-;-;-;-;-;-;-;-;-;-;-;-;-;-;-;-;-;-;-;-;-;-;-;-;-;-;-;-;-;-;-;-;-;-;-;-;-;-;-;-;-;-;1;-;-;-;-;-;-;-;-;-;-;3
352760 LUIS ANTONIO;-;-;-;-;-;-;-;-;-;-;-;-;-;-;-;-;-;-;-;-;-;-;-;-;-;-;-;-;-;-;-;-;-;-;-;-;-;-;-;-;-;-;-;-;-;-;-;-;-;-;-;-;-;-;1;-;-;-;-;-;-;-;-;1
352840 MAIRINQUE;1;-;-;-;4;-;-;2;-;-;-;-;-;-;-;-;-;-;1;-;-;-;-;-;-;-;-;-;2;1;-;-;-;-;-;-;-;-;1;-;-;-;-;-;-;-;-;-;-;-;-;-;1;-;1;1;-;-;-;-;-;-;-;15
352850 MAIRIPORA;-;-;3;-;1;-;-;-;-;-;-;-;-;-;-;-;-;-;1;-;-;-;-;-;-;-;-;-;1;-;-;-;-;-;-;-;-;-;1;-;-;-;-;-;-;-;-;-;-;-;-;-;1;-;-;-;-;-;-;-;-;-;-;8
352900 MARILIA;8;3;53;-;9;-;-;17;26;7;-;2;2;-;8;-;-;1;10;-;-;-;1;1;2;-;-;-;14;11;1;-;-;-;-;-;3;-;4;-;-;-;-;2;-;-;-;1;-;-;7;-;9;1;3;2;-;1;1;-;-;-;1;211
352920 MARTINOPOLIS;-;1;1;-;-;-;-;-;-;-;-;-;-;-;-;-;-;-;2;-;-;-;-;-;-;-;-;-;-;-;-;-;-;-;-;-;-;-;-;-;-;-;-;-;-;-;-;-;-;-;-;-;2;-;-;-;-;-;-;-;-;-;-;6
352930 MATAO;-;1;10;-;1;-;-;1;1;-;-;1;-;-;-;-;-;-;-;-;-;-;-;-;-;-;-;-;1;-;-;-;-;-;-;-;-;-;-;-;-;-;-;-;-;-;-;-;-;-;1;-;2;-;1;-;-;-;1;-;-;-;-;21
352940 MAUA;7;1;70;1;22;-;-;47;6;19;-;-;3;-;1;-;-;-;14;-;-;-;-;1;1;-;-;-;17;4;2;1;2;-;-;-;6;-;5;-;-;1;-;-;-;-;-;7;1;-;14;1;24;-;26;9;-;-;3;-;-;3;4;323
352950 MENDONCA;-;-;1;-;-;-;-;-;-;-;-;-;-;-;-;-;-;-;-;-;-;-;-;-;-;-;-;-;-;-;-;-;-;-;-;-;-;-;-;-;-;-;-;-;-;-;-;-;-;-;-;-;-;-;-;-;-;-;-;-;-;-;-;1
352970 MIGUELOPOLIS;-;1;1;-;-;-;-;1;-;-;-;-;-;-;-;-;-;-;-;-;-;-;-;-;-;-;-;-;-;-;-;-;-;-;-;-;-;-;-;-;-;-;-;-;-;-;-;-;-;-;-;-;-;-;-;-;-;-;-;-;-;-;-;3
352990 MIRACATU;-;-;-;-;-;-;-;-;-;-;-;-;-;-;-;-;-;-;-;-;-;-;-;-;-;-;-;-;-;1;-;-;-;-;-;-;-;-;-;-;-;-;-;-;-;-;-;-;-;-;-;-;-;-;-;-;-;-;-;-;-;-;-;1
353010 MIRANDOPOLIS;-;-;4;-;-;-;-;-;-;1;-;-;-;-;-;-;-;-;1;-;-;-;-;-;-;-;-;-;-;-;-;-;-;-;-;-;-;-;-;-;-;-;-;-;-;-;-;-;-;-;1;-;-;-;-;-;-;-;-;-;-;-;-;7
353020 MIRANTE DO PARANAPANEMA;-;-;1;-;1;-;-;-;-;-;-;-;-;-;-;-;-;-;1;-;-;-;-;-;-;-;-;-;-;-;-;-;-;-;-;-;-;-;-;-;-;-;-;-;-;-;-;-;-;-;-;-;-;-;-;-;-;-;-;-;-;-;-;3
353030 MIRASSOL;5;1;19;-;11;-;-;6;-;3;-;2;-;1;-;-;-;-;7;-;-;-;-;-;1;-;-;-;6;1;2;-;-;-;-;-;2;-;1;-;-;1;-;-;-;-;-;2;1;-;2;-;2;1;6;3;-;1;-;-;-;2;1;90
353050 MOCOCA;-;-;9;-;-;-;-;-;4;2;-;-;1;-;-;-;-;-;-;-;-;-;-;-;-;-;-;-;2;-;-;-;1;-;-;-;1;-;-;-;2;-;-;-;-;-;-;-;-;-;2;-;1;-;-;-;-;-;-;-;-;-;-;25
353060 MOGI DAS CRUZES;17;9;148;1;47;-;-;41;8;12;-;3;3;1;8;-;-;7;25;-;-;2;-;1;3;-;-;2;17;8;3;2;3;3;2;-;9;1;11;-;1;1;-;-;2;-;-;4;2;-;8;1;27;6;35;14;-;-;3;1;5;5;5;517
353070 MOGI GUACU;4;1;33;-;2;-;-;7;4;4;-;1;-;1;1;-;-;-;5;-;-;-;-;-;-;-;-;-;3;2;-;-;2;-;-;-;2;-;-;-;-;-;-;-;-;-;-;-;-;-;1;-;4;-;1;1;-;-;-;-;-;-;-;79
353080 MOGI MIRIM;2;2;12;-;6;-;-;3;1;1;-;3;1;-;-;-;-;-;9;-;-;-;1;-;-;1;-;1;3;1;1;-;-;-;-;-;1;-;2;-;-;-;-;-;-;-;2;-;1;-;3;-;6;1;5;4;-;-;-;-;-;2;2;77
353110 MONGAGUA;-;-;6;-;-;-;-;3;1;-;-;-;-;-;-;-;-;-;-;-;-;-;-;-;-;-;-;-;1;-;-;-;-;-;-;-;1;-;-;-;-;-;-;-;-;-;-;-;-;-;-;-;-;-;1;-;-;-;-;-;-;-;-;13
353120 MONTE ALEGRE DO SUL;-;-;1;-;-;-;-;-;-;-;-;-;-;-;-;-;-;-;-;-;-;-;-;-;-;-;-;-;-;-;-;-;-;-;-;-;-;-;-;-;-;-;-;-;-;-;-;-;-;-;-;-;-;-;-;-;-;-;-;-;-;-;-;1
353130 MONTE ALTO;-;-;7;-;2;-;-;1;1;3;-;-;-;-;-;-;-;-;3;-;-;-;-;-;-;-;-;-;1;-;1;-;-;-;-;-;-;-;-;-;-;-;-;-;-;-;-;-;-;-;2;-;-;-;1;-;-;-;-;-;-;-;-;22
353140 MONTE APRAZIVEL;-;-;4;-;2;-;-;-;-;2;-;-;-;-;-;-;-;-;1;-;-;-;-;-;-;-;-;-;1;-;-;-;-;-;-;-;-;-;-;-;-;-;-;-;-;-;-;-;-;-;-;-;5;-;1;-;-;-;-;-;-;-;-;16
353150 MONTE AZUL PAULISTA;-;-;2;-;-;-;-;-;-;-;-;-;-;-;-;-;-;-;-;-;-;-;-;-;-;-;-;-;-;-;-;-;-;-;-;-;-;-;-;-;-;-;-;-;-;-;-;-;-;-;-;-;-;-;-;-;-;-;-;-;-;-;-;2
353180 MONTE MOR;-;-;4;-;1;-;-;3;-;-;-;-;-;-;-;-;-;-;1;-;-;-;-;-;1;-;-;-;-;1;-;-;-;-;-;-;1;-;-;-;-;-;-;-;-;-;-;-;-;-;-;-;-;-;-;1;-;-;-;-;-;-;-;13
353190 MORRO AGUDO;-;-;3;-;2;-;-;2;-;-;-;-;-;-;-;-;-;-;-;-;-;-;-;-;-;-;-;-;-;-;-;-;-;-;-;-;-;-;-;-;-;-;-;-;-;-;-;-;-;-;-;-;-;-;-;-;-;-;-;-;-;-;-;7
353200 MORUNGABA;-;-;1;-;-;-;-;-;-;-;-;-;-;-;-;-;-;-;-;-;-;-;-;-;-;-;-;-;-;-;-;-;-;-;-;-;-;-;-;-;-;-;-;-;-;-;-;-;-;-;-;-;-;-;-;-;-;-;-;-;-;-;-;1
353240 NAZARE PAULISTA;-;-;-;-;-;-;-;-;1;-;-;-;-;-;-;-;-;-;-;-;-;-;-;-;-;-;-;-;-;-;-;-;-;-;-;-;-;-;-;-;-;-;-;-;-;-;-;-;-;-;-;-;-;-;-;-;-;-;-;-;-;-;-;1
353250 NEVES PAULISTA;-;-;-;-;-;-;-;-;-;-;-;-;-;-;-;-;-;-;-;-;-;-;-;-;-;-;-;-;-;-;-;-;-;-;-;-;-;-;-;-;-;-;-;-;-;-;-;-;-;-;-;-;1;-;-;-;-;-;-;-;-;-;-;1
353260 NHANDEARA;-;-;3;-;-;-;-;-;-;-;-;-;-;-;-;-;-;-;1;-;-;-;-;-;-;-;-;-;-;-;1;-;-;-;-;-;-;-;-;-;-;-;-;-;-;-;-;-;-;-;-;-;1;-;-;-;-;-;-;-;-;-;-;6
353290 NOVA EUROPA;-;-;-;-;-;-;-;-;-;-;-;-;-;-;-;-;-;-;-;-;-;-;-;-;-;-;-;-;-;1;-;-;-;-;-;-;-;-;-;-;-;-;-;-;-;-;-;-;-;-;-;-;-;-;-;-;-;-;-;-;-;-;-;1
353300 NOVA GRANADA;-;-;-;-;-;-;-;2;-;-;-;-;-;-;-;-;-;-;-;-;-;-;-;-;-;-;-;-;-;-;-;-;-;-;-;-;-;-;-;-;-;-;-;-;-;-;-;-;-;-;-;-;-;-;-;2;-;-;-;-;-;-;3;7
353340 NOVA ODESSA;-;-;1;-;-;-;-;-;-;-;-;-;-;-;-;-;-;-;-;-;-;-;-;-;-;-;-;-;-;-;-;-;-;-;-;-;-;-;-;-;-;-;-;-;-;-;-;-;-;-;-;-;-;-;-;-;-;-;-;-;-;-;-;1
353350 NOVO HORIZONTE;-;-;3;-;-;-;-;1;-;1;-;-;-;-;-;-;-;-;1;-;-;-;-;-;-;-;-;-;1;1;-;-;-;-;-;-;-;-;-;-;-;-;-;-;-;-;-;-;-;-;-;-;1;-;-;-;-;-;-;-;-;-;-;9
353360 NUPORANGA;-;-;-;-;-;-;-;-;-;-;-;-;-;-;-;-;-;-;1;-;-;-;-;-;-;-;-;-;-;-;-;-;-;-;-;-;-;-;-;-;-;-;-;-;-;-;-;-;-;-;-;-;-;-;-;-;-;-;-;-;-;-;-;1
353390 OLIMPIA;-;-;3;-;-;-;-;1;-;-;-;1;-;-;-;-;-;-;4;-;-;-;-;-;-;-;-;-;1;-;-;-;-;-;-;-;-;-;-;-;-;-;-;-;-;-;-;-;-;-;1;1;2;-;1;-;-;-;-;-;-;-;-;15
353420 ORINDIUVA;-;-;3;-;1;-;-;1;-;-;-;-;-;-;-;-;-;-;1;-;-;-;-;-;-;-;-;-;-;-;-;-;-;-;-;-;-;-;-;-;-;-;-;-;-;-;-;-;-;-;-;-;-;-;1;-;-;-;-;-;-;-;-;7
353430 ORLANDIA;1;-;14;-;-;-;-;4;-;2;-;-;-;-;1;-;-;-;1;-;-;-;-;-;-;-;-;-;2;-;-;-;-;-;-;-;4;-;-;-;-;-;-;-;-;-;-;-;-;-;3;-;-;-;1;1;-;-;-;-;-;-;-;34
353440 OSASCO;30;19;263;3;112;-;4;103;22;96;-;14;7;2;4;2;-;2;56;1;-;5;8;3;7;-;-;-;42;9;9;6;14;12;-;-;10;1;15;-;1;7;-;3;8;-;1;7;3;-;24;4;56;7;67;40;1;2;1;-;-;6;23;1142
353460 OSVALDO CRUZ;-;-;7;-;1;-;-;4;-;-;-;-;-;-;-;-;-;-;2;-;-;-;-;-;-;-;-;-;2;-;-;-;-;-;-;-;-;-;-;-;-;-;-;-;-;-;-;-;-;-;-;-;1;-;-;-;-;-;-;-;-;-;-;17
353470 OURINHOS;3;1;14;-;4;-;-;6;4;4;-;1;-;-;3;-;-;-;5;-;-;-;-;-;4;-;-;-;9;3;-;-;-;-;-;-;3;-;1;-;-;-;-;-;1;-;1;2;-;-;2;-;13;-;5;2;-;-;4;-;-;1;1;97
353475 OUROESTE;-;-;-;-;-;-;-;-;1;-;-;-;-;-;-;-;-;-;-;-;-;-;-;-;-;-;-;-;-;-;-;-;-;-;-;-;-;-;-;-;-;-;-;-;-;-;-;-;-;-;-;-;-;-;-;-;-;-;-;-;-;-;-;1
353490 PACAEMBU;-;-;1;-;-;-;-;-;-;-;-;-;-;-;-;-;-;-;-;-;-;-;-;-;-;-;-;-;-;-;-;-;-;-;-;-;-;-;-;-;-;-;-;-;-;-;-;-;-;-;-;-;-;-;-;-;-;-;-;-;-;-;-;1
353500 PALESTINA;-;-;1;-;-;-;-;-;-;-;-;-;-;-;-;-;-;-;2;-;-;-;-;-;-;-;-;-;1;-;-;-;-;-;-;-;-;-;-;-;-;-;-;-;-;-;-;-;-;-;-;-;-;-;-;-;-;-;-;-;-;-;-;4
353520 PALMEIRA D'OESTE;-;-;1;-;-;-;-;-;-;-;-;-;-;-;-;-;-;-;-;-;-;-;-;-;-;-;-;-;-;-;-;-;-;-;-;-;-;-;-;-;-;-;-;-;-;-;-;-;-;-;-;-;-;-;-;-;-;-;-;-;-;-;-;1
353530 PALMITAL;-;1;1;-;-;-;-;-;-;-;-;-;-;-;-;-;-;-;-;-;-;-;-;-;-;-;-;-;-;-;-;-;-;-;-;-;-;-;-;-;-;-;-;-;-;-;-;-;-;-;-;-;1;-;-;-;-;-;-;-;-;-;-;3
353540 PANORAMA;-;-;1;-;-;-;-;-;-;-;-;-;-;-;-;-;-;-;-;-;-;-;-;-;-;-;-;-;-;-;-;-;-;-;-;-;-;-;-;-;-;-;-;-;-;-;-;-;-;-;-;-;-;-;-;-;-;-;-;-;-;-;-;1
353550 PARAGUACU PAULISTA;-;-;6;-;-;-;-;-;-;-;-;-;-;-;-;-;-;-;1;-;-;-;-;-;-;-;-;-;-;-;-;-;-;-;-;-;-;-;-;-;-;-;-;-;-;-;-;-;-;-;-;-;-;-;-;-;-;-;-;-;-;-;-;7
353560 PARAIBUNA;-;-;1;-;-;-;-;-;-;-;-;-;-;-;-;-;-;-;-;-;-;-;-;-;-;-;-;-;-;-;-;-;-;-;-;-;-;-;-;-;-;-;-;-;-;-;-;-;-;-;-;-;-;-;-;-;-;-;-;-;-;-;-;1
353650 PAULINIA;-;-;17;-;1;-;-;5;1;4;-;1;-;1;-;-;-;-;3;-;-;-;-;-;-;-;-;-;-;7;1;-;-;-;-;-;-;-;1;-;-;-;-;-;-;-;-;-;-;-;1;1;1;-;-;-;-;-;-;-;-;-;-;45
353670 PEDERNEIRAS;-;-;8;-;-;-;-;3;-;-;-;-;-;-;-;-;-;-;-;-;-;-;-;-;-;-;-;-;-;-;-;-;-;-;-;-;-;-;-;-;-;-;-;-;-;-;-;-;-;-;1;-;1;-;1;-;-;-;-;-;-;-;-;14
353700 PEDREGULHO;-;-;3;-;-;-;-;2;-;-;-;-;-;-;-;-;-;-;-;-;-;-;-;-;-;-;-;-;-;-;-;-;-;-;-;-;-;-;-;-;-;-;-;-;-;-;-;-;-;-;-;-;-;-;-;-;-;-;-;-;-;-;-;5
353710 PEDREIRA;-;1;1;-;1;-;-;1;-;-;-;-;1;-;-;-;-;-;-;-;-;-;-;-;-;-;-;-;-;1;-;-;-;-;-;-;-;-;-;-;-;-;-;-;-;-;-;-;-;-;-;-;1;-;-;1;-;-;1;-;-;-;-;9
353730 PENAPOLIS;-;1;2;-;2;-;-;2;1;1;-;-;-;-;-;-;-;-;2;-;-;-;-;-;-;-;-;-;1;1;-;-;-;-;-;-;-;-;1;-;1;-;-;-;-;-;-;-;-;-;1;1;2;-;1;-;-;-;-;-;-;-;1;21
353740 PEREIRA BARRETO;-;-;4;-;1;-;-;-;-;-;-;-;-;-;-;-;-;-;-;-;-;-;-;-;-;-;-;-;-;-;-;-;-;-;-;-;-;-;-;-;-;-;-;-;-;-;-;-;-;-;-;-;-;-;-;-;-;-;-;-;-;-;-;5
353750 PEREIRAS;-;-;1;-;-;-;-;-;-;-;-;-;-;-;-;-;-;-;-;-;-;-;-;-;-;-;-;-;-;-;-;-;-;-;-;-;-;-;-;-;-;-;-;-;-;-;-;-;-;-;-;-;-;-;-;-;-;-;-;-;-;-;-;1
353760 PERUIBE;-;-;6;-;4;-;-;4;1;1;-;-;-;-;-;-;-;-;1;-;-;-;-;-;-;-;-;-;1;-;-;1;-;-;-;-;1;-;2;-;-;-;-;-;-;-;-;-;-;-;1;-;3;-;1;1;-;-;-;-;-;-;-;28
353780 PIEDADE;-;-;5;-;-;-;-;-;-;1;-;-;-;-;-;-;-;-;-;-;-;-;-;-;-;-;-;-;-;1;-;-;-;-;-;-;-;-;-;-;-;-;-;-;-;-;-;-;-;-;1;-;1;-;1;-;-;-;-;-;-;-;-;10
353790 PILAR DO SUL;-;-;3;-;1;-;-;-;-;-;-;-;-;-;-;-;-;-;-;-;-;-;-;-;-;-;-;-;-;-;-;-;-;-;-;-;-;-;-;-;-;-;-;-;-;-;-;-;-;-;-;-;1;-;-;-;-;-;-;-;-;-;-;5
353800 PINDAMONHANGABA;9;1;23;-;4;1;-;24;4;3;-;2;-;-;3;-;-;-;9;-;-;-;-;-;2;-;-;-;9;1;-;-;1;-;-;-;2;-;1;-;-;-;-;1;-;-;-;1;-;-;4;1;7;-;5;4;-;-;1;-;-;-;-;123
353820 PINHALZINHO;-;-;-;-;-;-;-;-;-;-;-;-;-;-;-;-;-;-;-;-;-;-;-;-;-;-;-;-;1;-;-;-;-;-;-;-;-;-;-;-;-;-;-;-;-;-;-;-;-;-;-;-;-;-;-;-;-;-;-;-;-;-;-;1
353870 PIRACICABA;20;1;79;-;19;1;-;54;10;11;-;7;3;3;3;-;-;-;32;-;-;-;-;-;5;-;-;1;22;7;-;1;1;5;-;-;8;1;3;-;-;-;-;5;2;-;-;5;-;-;7;1;16;5;6;3;-;-;1;-;-;2;-;350
353880 PIRAJU;-;-;4;-;-;-;-;-;-;-;-;-;-;-;-;-;-;-;1;-;-;-;-;-;-;-;-;-;1;1;-;-;-;-;-;-;-;-;-;-;-;-;-;-;-;-;-;-;-;-;-;-;-;-;1;-;-;-;-;-;-;-;-;8
353890 PIRAJUI;-;-;1;-;-;-;-;-;-;-;-;-;-;-;-;-;-;-;1;-;-;-;-;-;-;-;-;-;1;-;-;-;-;-;-;-;-;-;-;-;-;-;-;-;-;-;-;-;-;-;-;-;-;-;-;-;-;-;-;-;-;-;-;3
353900 PIRANGI;-;-;-;-;-;-;-;-;-;-;-;-;-;-;-;-;-;-;-;-;-;-;-;-;-;-;-;-;-;-;-;-;-;-;-;-;-;-;-;-;-;-;-;-;-;-;-;-;-;-;-;-;1;-;-;-;-;-;-;-;-;-;-;1
353910 PIRAPORA DO BOM JESUS;-;-;3;-;-;-;-;-;-;-;-;-;-;-;-;-;-;-;-;-;-;-;-;-;-;-;-;-;-;-;-;-;-;-;-;-;-;-;-;-;-;-;-;-;-;-;-;-;-;-;-;-;-;-;-;-;-;-;-;-;-;-;-;3
353920 PIRAPOZINHO;-;-;4;-;-;-;-;1;2;-;-;-;-;-;-;-;-;-;-;-;-;-;-;-;-;-;-;-;-;1;-;-;-;-;-;-;-;-;-;-;-;-;-;-;-;-;-;-;-;-;-;-;-;-;-;-;-;-;-;-;-;-;-;8
353930 PIRASSUNUNGA;-;1;19;-;4;-;-;3;3;3;-;-;-;-;1;-;-;-;4;-;-;-;-;-;-;-;-;-;1;1;-;-;-;-;-;-;1;-;-;-;1;-;-;-;-;-;-;1;-;-;3;1;5;2;1;4;-;-;-;-;-;1;1;61
353950 PITANGUEIRAS;-;-;2;-;-;-;-;1;-;-;-;-;-;-;-;-;-;-;4;-;-;-;-;-;-;-;-;-;-;-;-;-;-;-;-;-;1;-;-;-;-;-;-;-;-;-;-;-;-;-;-;-;-;-;1;1;-;-;-;-;-;-;-;10
353980 POA;-;-;1;-;1;-;-;2;-;-;-;1;-;-;-;-;-;-;2;-;-;-;-;-;-;-;-;-;-;-;-;-;-;-;-;-;-;-;1;-;-;-;-;1;-;-;-;1;-;-;-;-;1;-;1;-;-;-;-;-;-;-;-;12
353990 POLONI;-;-;1;-;-;-;-;-;-;-;-;-;-;-;-;-;-;-;-;-;-;-;-;-;-;-;-;-;-;-;-;-;-;-;-;-;-;-;-;-;-;-;-;-;-;-;-;-;-;-;-;-;-;-;-;-;-;-;-;-;-;-;-;1
354000 POMPEIA;-;-;-;-;-;-;-;2;-;-;-;-;-;-;-;-;-;-;-;-;-;-;-;-;-;-;-;-;-;-;-;-;-;-;-;-;-;-;-;-;-;-;-;-;-;-;-;-;-;-;-;-;2;-;-;-;-;-;-;-;-;-;-;4
354020 PONTAL;-;-;8;-;-;-;-;2;-;1;-;-;-;-;-;-;-;-;-;-;-;-;-;-;-;-;-;-;-;-;-;-;-;-;-;-;-;-;-;-;-;-;-;-;-;-;-;-;-;-;-;-;-;-;-;-;-;-;-;-;-;-;-;11
354060 PORTO FELIZ;-;-;4;-;4;-;-;-;-;3;-;-;-;-;-;-;-;-;6;-;-;-;-;-;-;-;-;-;-;-;-;-;-;-;-;-;-;-;1;-;-;-;-;-;-;-;-;-;-;-;-;-;-;-;1;-;-;-;-;-;-;-;-;19
354070 PORTO FERREIRA;-;-;10;-;-;-;-;-;1;1;-;-;-;-;-;-;-;-;3;1;-;-;-;-;-;-;-;-;1;-;-;-;-;-;-;-;-;-;-;-;-;-;-;-;-;-;-;-;-;-;1;-;2;-;1;-;-;-;-;-;-;-;-;21
354080 POTIRENDABA;-;1;1;-;4;-;-;1;1;-;-;-;-;-;1;-;-;-;2;-;-;-;-;-;1;-;-;-;1;-;-;-;-;-;-;-;2;-;-;-;-;-;-;-;-;-;-;-;-;-;-;-;-;-;3;2;-;-;-;-;-;-;-;20
354100 PRAIA GRANDE;1;-;32;-;7;-;-;48;2;8;-;-;1;-;3;-;-;-;11;-;-;-;-;-;-;-;-;-;3;2;-;-;-;1;-;-;2;1;1;-;1;-;-;-;-;-;-;1;-;-;4;1;12;-;6;3;-;1;-;-;-;1;1;154
354120 PRESIDENTE BERNARDES;-;-;1;-;-;-;-;-;-;-;-;-;-;-;-;-;-;-;1;-;-;-;-;-;-;-;-;-;-;-;-;-;-;-;-;-;-;-;-;-;-;-;-;-;-;-;-;-;-;-;1;-;-;-;-;-;-;-;-;-;-;-;-;3
354130 PRESIDENTE EPITACIO;-;-;1;1;1;-;-;1;-;2;-;-;-;-;-;-;-;-;1;-;-;-;-;-;-;-;-;-;-;-;-;-;-;-;-;-;-;-;-;-;-;-;-;-;-;-;-;-;-;-;-;-;-;-;-;-;-;-;1;-;-;-;-;8
354140 PRESIDENTE PRUDENTE;2;-;50;-;17;-;-;24;21;16;-;2;3;2;2;-;-;-;18;2;-;-;-;-;5;-;-;-;13;8;-;-;-;1;-;1;3;-;3;-;1;-;-;2;4;-;-;1;-;-;9;1;18;7;5;3;-;-;2;1;-;2;-;249
354150 PRESIDENTE VENCESLAU;-;-;5;-;3;-;-;2;-;-;-;-;-;-;-;-;-;-;3;-;-;-;-;-;-;-;-;-;2;1;-;-;1;-;-;-;-;-;-;-;-;-;-;-;-;-;-;-;-;-;-;-;-;-;2;-;-;-;-;-;-;1;-;20
354160 PROMISSAO;-;-;-;-;-;-;-;1;-;-;-;-;-;-;-;-;-;-;-;-;-;-;-;-;-;-;-;-;-;-;-;-;-;-;-;-;-;-;1;-;-;-;-;-;1;-;-;-;-;-;-;-;-;-;-;-;-;-;-;-;-;-;-;3
354170 QUATA;-;-;1;-;-;-;-;-;-;-;-;-;-;-;-;-;-;-;-;-;-;-;-;-;-;-;-;-;-;-;-;-;-;-;-;-;-;-;-;-;-;-;-;-;-;-;-;-;-;-;-;-;-;-;1;-;-;-;-;-;-;-;-;2
354220 RANCHARIA;-;-;1;-;-;-;-;-;-;1;-;-;-;-;-;-;-;-;-;-;-;-;-;-;-;-;-;-;-;-;-;-;-;-;-;-;-;-;-;-;-;-;-;-;-;-;-;-;-;-;1;-;-;-;-;-;-;-;-;-;-;-;-;3
354240 REGENTE FEIJO;-;-;-;-;-;-;-;-;-;-;-;-;-;-;-;-;-;-;-;-;-;-;-;-;-;-;-;-;-;1;-;-;-;-;-;-;-;-;-;-;-;-;-;-;-;-;-;-;-;-;-;-;-;-;2;-;-;-;-;-;-;-;-;3
354260 REGISTRO;-;1;10;-;6;-;-;4;-;-;-;-;-;-;-;-;-;-;2;-;-;-;1;-;-;-;-;-;1;-;-;-;-;-;-;-;-;-;1;-;-;-;-;-;-;-;-;-;-;-;-;-;6;-;1;2;-;-;-;-;-;-;-;35
354330 RIBEIRAO PIRES;4;-;33;-;13;-;-;9;1;7;-;2;1;-;1;-;-;-;7;-;-;-;-;-;1;-;-;-;3;-;2;-;-;1;-;-;3;-;2;-;-;-;-;-;1;-;-;-;1;-;1;-;6;-;6;1;-;-;-;-;-;2;1;109
354340 RIBEIRAO PRETO;83;26;210;7;106;1;2;146;68;35;-;20;12;-;23;8;-;-;84;4;-;5;9;1;38;-;-;2;73;12;7;1;7;9;1;1;23;1;21;1;-;4;-;5;11;1;1;9;5;-;46;15;66;28;61;32;1;1;4;1;2;4;15;1359
354390 RIO CLARO;4;-;64;-;15;-;-;22;9;7;-;6;3;-;5;1;-;-;10;-;-;1;-;-;3;-;-;-;10;4;-;-;-;1;-;-;4;-;7;-;1;-;-;-;1;-;-;2;-;-;6;1;5;1;6;7;-;-;1;-;-;1;2;210
354400 RIO DAS PEDRAS;1;-;1;-;-;-;-;2;1;-;-;-;-;-;-;-;-;-;1;-;-;-;-;-;-;-;-;-;-;1;-;-;-;-;-;-;-;-;-;-;-;-;-;-;-;-;-;-;-;-;-;-;1;-;-;-;-;-;-;-;-;-;1;9
354425 ROSANA;-;-;-;-;1;-;-;-;-;-;-;-;-;-;-;-;-;-;-;-;-;-;-;-;-;-;-;-;-;1;-;-;-;-;-;-;-;-;-;-;-;-;-;-;-;-;-;-;-;-;-;-;-;-;-;-;-;-;-;-;-;-;-;2
354430 ROSEIRA;-;-;1;-;-;-;-;-;-;-;-;-;-;-;-;-;-;-;-;-;-;-;-;-;-;-;-;-;-;-;-;-;-;-;-;-;-;-;-;-;-;-;-;-;-;-;-;-;-;-;-;-;-;-;-;-;-;-;-;-;-;-;-;1
354490 SALES OLIVEIRA;-;-;3;-;1;-;-;1;-;-;-;-;-;-;-;-;-;-;-;-;-;-;-;-;-;-;-;-;-;-;-;-;-;-;-;-;-;-;-;-;-;-;-;-;-;-;-;-;-;-;-;-;-;-;-;-;-;-;-;-;-;-;-;5
354520 SALTO;-;2;9;-;2;-;-;3;-;1;-;-;1;-;1;-;-;-;5;-;-;-;-;-;-;-;-;-;2;2;-;1;-;-;-;-;-;1;1;-;-;-;-;-;-;-;-;-;-;-;-;-;7;-;2;-;-;-;-;-;-;1;1;42
354530 SALTO DE PIRAPORA;-;-;1;-;-;-;-;1;-;-;-;-;-;-;-;-;-;-;-;-;-;-;-;-;-;-;-;-;1;-;-;-;-;-;-;-;-;-;-;-;-;-;-;-;-;-;-;-;-;-;-;-;1;-;2;-;-;-;-;-;-;-;1;7
354560 SANTA ADELIA;-;-;5;-;-;-;-;-;-;-;-;-;-;-;-;-;-;-;-;-;-;-;-;-;-;-;-;-;-;-;-;-;-;-;-;-;-;-;-;-;-;-;-;-;-;-;-;-;-;-;-;-;-;-;-;-;-;-;-;-;-;-;-;5
354580 SANTA BARBARA D'OESTE;-;-;13;-;-;-;2;2;1;-;-;-;-;-;-;-;-;-;3;-;-;-;-;-;1;-;-;-;1;-;-;-;-;-;-;-;-;-;1;-;-;-;-;-;1;-;-;-;1;-;-;-;6;-;1;2;-;-;-;-;-;-;1;36
354600 SANTA BRANCA;-;-;1;-;1;-;-;-;-;-;-;-;-;-;-;-;-;-;-;-;-;-;-;-;-;-;-;-;-;-;-;-;-;-;-;-;-;-;-;-;-;-;-;-;-;-;-;-;-;-;-;-;-;-;-;-;-;-;-;-;-;-;-;2
354630 SANTA CRUZ DAS PALMEIRAS;-;-;2;-;-;-;-;-;-;-;-;-;-;-;-;-;-;-;-;-;-;-;-;-;-;-;-;-;2;-;-;-;-;-;-;-;-;-;-;-;-;-;-;-;-;-;-;-;-;-;-;-;1;-;-;-;-;-;-;-;-;-;-;5
354640 SANTA CRUZ DO RIO PARDO;-;-;-;-;-;-;-;1;1;-;-;-;-;-;-;-;-;-;1;-;-;-;-;-;-;-;-;-;2;-;-;-;-;-;-;-;-;-;-;-;-;-;-;-;-;-;-;-;-;-;-;-;-;-;-;-;-;-;-;-;-;-;-;5
354660 SANTA FE DO SUL;-;-;16;-;-;-;-;1;-;-;-;-;-;-;-;-;-;-;3;-;-;-;-;-;-;-;-;-;1;-;-;-;-;-;-;-;-;-;-;-;-;-;-;-;-;-;-;-;-;-;-;-;2;-;-;-;-;-;-;-;-;-;-;23
354670 SANTA GERTRUDES;-;-;2;-;-;-;-;-;-;-;-;-;-;-;-;-;-;-;-;-;-;-;-;-;-;-;-;-;-;1;-;-;-;-;-;-;-;-;-;-;-;-;-;-;-;-;-;-;-;-;-;-;-;-;-;-;-;-;-;-;-;-;-;3
354680 SANTA ISABEL;-;-;3;-;-;-;-;1;-;-;-;-;-;-;-;-;-;-;-;-;-;-;-;-;-;-;-;-;1;-;-;-;-;-;-;-;1;-;-;-;-;-;-;-;-;-;-;-;-;-;-;-;-;-;-;-;-;-;-;-;-;-;-;6
354700 SANTA MARIA DA SERRA;-;-;1;-;-;-;-;-;-;-;-;-;-;-;-;-;-;-;-;-;-;-;-;-;-;-;-;-;-;-;-;-;-;-;-;-;-;-;-;-;-;-;-;-;-;-;-;-;-;-;-;-;-;-;-;-;-;-;-;-;-;-;-;1
354730 SANTANA DE PARNAIBA;-;1;1;-;1;-;-;-;-;2;-;-;-;-;-;-;-;-;1;-;-;-;-;-;-;-;-;-;-;1;-;-;-;-;-;-;-;-;-;-;-;-;-;-;-;-;-;-;-;-;-;-;1;-;-;-;-;-;-;-;-;-;-;8
354750 SANTA RITA DO PASSA QUATRO;-;-;1;-;-;-;-;1;1;-;-;-;-;-;-;-;-;-;-;-;-;-;-;-;-;-;-;-;2;-;-;-;-;-;-;-;-;-;-;-;-;-;-;-;-;-;-;-;-;-;-;-;-;-;-;-;-;-;-;-;-;-;-;5
354760 SANTA ROSA DE VITERBO;-;-;1;-;-;-;-;-;-;-;-;-;-;-;-;-;-;-;1;-;-;-;-;-;-;-;-;-;-;-;-;-;-;-;-;-;-;-;-;-;-;-;-;-;-;-;-;-;-;-;-;-;1;-;-;-;-;-;-;-;-;-;-;3
354770 SANTO ANASTACIO;-;-;1;-;-;-;-;-;-;-;-;-;-;-;-;-;-;-;-;-;-;-;-;-;-;-;-;-;-;-;-;-;-;-;-;-;-;-;-;-;-;-;-;-;-;-;-;-;-;-;-;-;-;-;1;-;-;-;-;-;-;-;-;2
354780 SANTO ANDRE;44;13;257;4;115;-;3;210;32;60;-;11;8;3;5;5;-;1;86;1;-;7;7;3;19;2;-;3;56;5;27;13;-;37;1;-;28;3;30;-;10;9;-;1;11;-;4;22;4;-;19;5;101;15;85;20;-;2;8;-;-;15;19;1449
354800 SANTO ANTONIO DE POSSE;-;-;2;-;-;-;-;-;-;-;-;-;-;-;1;-;-;-;-;-;-;-;-;-;-;-;-;-;-;-;-;-;-;-;-;-;-;-;-;-;-;-;-;-;-;-;-;-;-;-;-;-;-;-;-;-;-;1;-;-;-;-;-;4
354850 SANTOS;40;15;206;-;78;1;5;124;26;22;1;16;9;15;14;1;-;-;68;1;-;3;7;-;28;-;1;1;43;7;5;10;2;-;-;-;19;2;13;-;6;4;-;5;7;-;1;8;4;-;28;5;40;11;35;16;-;4;8;-;-;11;7;983
354870 SAO BERNARDO DO CAMPO;102;23;234;10;117;-;6;120;49;45;-;9;14;5;16;-;-;-;59;-;-;3;4;-;6;1;-;-;40;19;7;6;3;23;1;-;19;2;23;-;14;-;-;3;3;-;1;2;6;-;19;2;79;11;76;25;-;-;3;1;-;10;15;1236
354880 SAO CAETANO DO SUL;5;9;130;6;30;-;3;48;2;23;-;3;3;1;-;-;1;-;54;2;-;-;1;-;4;-;-;1;20;7;3;3;-;1;2;-;5;-;8;-;2;1;-;1;6;-;-;2;3;-;21;9;12;2;11;7;2;1;1;-;-;1;6;463
354890 SAO CARLOS;13;4;64;-;22;-;-;42;10;9;-;11;3;2;8;-;-;-;21;1;-;-;1;-;1;-;-;-;13;3;-;-;2;-;-;-;2;1;1;-;-;-;-;3;3;-;-;4;-;-;11;1;14;3;7;4;1;-;1;-;-;-;2;288
354910 SAO JOAO DA BOA VISTA;1;-;28;-;9;-;-;11;5;-;-;1;2;-;2;-;-;-;7;1;-;-;-;-;3;-;-;-;6;3;-;-;-;-;-;-;2;-;7;-;-;-;-;1;-;-;-;3;1;-;7;1;9;2;6;4;-;-;1;-;-;-;3;126
354940 SAO JOAQUIM DA BARRA;2;1;4;-;1;-;-;-;-;-;1;-;-;-;-;-;-;-;3;-;-;-;-;-;-;-;-;-;2;-;-;-;-;-;-;-;1;-;-;-;1;-;-;-;-;-;-;-;1;-;-;-;2;-;3;-;-;-;-;-;-;-;-;22
354970 SAO JOSE DO RIO PARDO;1;-;9;-;-;-;-;2;-;1;-;1;-;-;-;-;-;-;2;-;-;-;-;-;1;-;-;-;2;-;1;-;1;-;-;-;-;-;1;-;-;-;-;-;-;-;-;-;-;-;1;-;7;-;1;-;-;-;-;-;-;-;-;31
354980 SAO JOSE DO RIO PRETO;26;11;76;-;37;-;5;58;32;42;1;16;7;3;13;1;-;-;69;5;-;-;2;1;9;-;1;2;38;9;8;5;6;1;-;-;16;3;7;-;4;-;-;4;1;-;-;5;7;-;24;3;42;12;14;7;-;4;3;1;-;4;7;652
354990 SAO JOSE DOS CAMPOS;50;11;159;3;65;-;6;71;22;25;2;5;10;1;10;1;-;1;46;1;-;1;5;-;15;-;1;2;30;4;6;5;15;5;-;7;12;1;13;1;3;2;-;-;7;-;-;18;2;-;16;6;45;8;39;17;-;-;6;-;1;5;6;793
354995 SAO LOURENCO DA SERRA;-;-;1;-;-;-;-;-;-;-;-;-;-;-;-;-;-;-;-;-;-;-;-;-;-;-;-;-;-;-;-;-;-;-;-;-;-;-;-;-;-;-;-;-;-;-;-;-;-;-;-;-;-;-;-;-;-;-;-;-;-;-;-;1
355010 SAO MANUEL;-;-;5;-;1;-;-;2;-;-;-;-;-;-;-;-;-;-;-;-;-;-;-;-;-;-;-;-;1;1;-;-;-;-;-;-;-;-;-;-;-;-;-;-;-;-;-;-;-;-;-;-;2;-;-;-;-;-;-;-;-;-;-;12
355020 SAO MIGUEL ARCANJO;-;-;1;-;-;-;-;-;-;1;-;-;-;-;-;-;-;-;-;-;-;-;-;-;-;-;-;-;-;-;-;-;-;-;-;-;-;-;-;-;-;-;-;-;-;-;-;-;-;-;-;-;-;-;-;-;-;-;-;-;-;-;-;2
355030 SAO PAULO;1027;487;4124;441;1671;11;98;1682;619;978;10;132;126;32;124;52;7;6;1287;57;1;60;212;26;395;27;3;23;924;148;185;95;31;220;23;10;432;53;321;15;125;102;4;51;177;-;34;194;106;4;510;124;743;396;782;520;74;25;129;16;1392;141;265;22089
355040 SAO PEDRO;-;-;4;-;-;-;-;2;-;-;-;-;-;-;-;-;-;-;4;-;-;-;-;-;-;-;-;-;-;-;-;-;-;-;-;-;-;-;-;-;-;-;-;-;-;-;-;-;-;-;-;-;-;-;-;-;-;-;-;-;-;-;-;10
355060 SAO ROQUE;-;3;27;-;8;-;-;16;6;4;-;-;1;-;1;-;-;-;5;1;-;1;-;-;2;-;-;1;4;-;1;1;-;2;-;-;4;-;5;-;1;-;-;-;1;-;-;1;-;-;-;-;4;5;-;2;-;-;-;-;-;-;-;107
355070 SAO SEBASTIAO;-;-;3;-;1;-;-;5;-;-;-;-;-;-;-;-;-;-;1;-;-;-;-;-;-;-;-;-;1;1;-;-;-;-;-;-;-;-;-;-;-;-;-;-;-;-;-;-;-;-;-;-;3;-;1;1;-;-;-;-;-;-;-;17
355080 SAO SEBASTIAO DA GRAMA;-;-;1;-;-;-;-;-;-;-;-;-;-;-;-;-;-;-;-;-;-;-;-;-;-;-;-;-;-;-;-;-;-;-;-;-;-;-;-;-;-;-;-;-;-;-;-;-;-;-;-;-;-;-;-;-;-;-;-;-;-;-;-;1
355090 SAO SIMAO;-;-;-;-;-;-;-;-;-;-;-;1;-;-;-;-;-;-;-;-;-;-;-;-;-;-;-;-;-;-;-;-;-;-;-;-;-;-;-;-;-;-;-;-;-;-;-;-;-;-;-;-;-;-;-;-;-;-;-;-;-;-;-;1
355100 SAO VICENTE;-;-;15;-;1;-;-;7;-;3;-;-;-;-;-;-;-;-;4;-;-;-;-;-;-;-;-;-;-;-;-;-;-;-;-;-;-;-;1;-;1;-;-;-;-;-;-;-;-;-;-;-;1;-;3;2;-;-;-;-;-;1;-;39
355150 SERRANA;-;-;2;-;-;-;-;1;2;-;-;-;-;-;-;-;-;-;-;-;-;-;-;-;-;-;-;-;1;-;-;-;-;-;-;-;-;-;2;-;-;-;-;-;-;-;-;-;-;-;-;1;-;-;-;-;-;-;-;-;-;-;-;9
355160 SERRA NEGRA;-;-;3;-;2;-;-;2;-;-;-;-;-;-;-;-;-;-;-;-;-;-;-;-;-;-;-;-;1;1;-;-;1;-;-;-;-;-;-;-;-;-;-;-;-;-;-;-;-;-;-;-;-;-;1;-;-;-;-;-;-;-;-;11
355170 SERTAOZINHO;2;-;18;-;4;-;-;8;4;-;-;-;1;-;3;-;-;-;7;-;-;-;-;-;1;-;-;-;4;4;-;-;-;6;-;-;1;-;-;-;-;1;-;1;1;-;-;1;-;-;3;2;3;1;1;-;-;-;-;-;2;-;1;80
355180 SETE BARRAS;-;-;1;-;-;-;-;-;-;-;-;-;-;-;-;-;-;-;-;-;-;-;-;-;-;-;-;-;-;-;-;-;-;-;-;-;-;-;-;-;-;-;-;-;-;-;-;-;-;-;-;-;-;-;-;-;-;-;-;-;-;-;-;1
355190 SEVERINIA;-;-;1;-;-;-;-;1;-;-;-;-;-;-;-;-;-;-;-;-;-;-;-;-;-;-;-;-;1;-;-;-;-;-;-;-;-;-;-;-;-;-;-;-;-;-;-;-;-;-;-;-;-;-;-;-;-;-;-;-;-;-;-;3
355210 SOCORRO;-;-;1;-;-;-;-;1;1;-;-;1;-;-;-;-;-;-;-;-;-;-;-;-;-;-;-;-;1;-;-;-;-;-;-;-;-;-;-;-;-;-;-;-;-;-;-;-;-;-;-;-;1;-;-;-;-;-;-;-;-;-;-;6
355220 SOROCABA;21;9;79;-;59;-;1;81;30;24;-;11;13;-;17;2;-;-;66;-;-;2;5;2;10;-;-;-;54;18;6;1;-;1;3;-;37;-;26;-;4;3;-;3;8;-;-;8;1;-;20;6;19;13;36;14;2;-;7;1;-;8;9;740
355240 SUMARE;-;2;22;-;4;-;-;10;-;5;-;1;-;-;-;-;-;-;4;-;-;-;-;-;-;-;-;-;1;4;-;-;-;-;-;-;1;-;2;-;-;-;-;-;-;-;-;-;-;-;-;-;2;-;-;1;-;-;-;-;-;-;-;59
355250 SUZANO;-;-;16;-;7;-;-;3;2;1;-;3;-;-;2;-;-;-;5;-;-;-;-;-;1;-;-;-;4;2;1;2;4;-;-;-;2;-;-;-;1;1;-;1;-;-;-;-;-;-;1;-;4;-;2;3;-;-;-;-;-;-;-;68
355270 TABATINGA;-;-;1;-;1;-;-;-;-;-;-;-;-;-;-;-;-;-;-;-;-;-;-;-;-;-;-;-;-;-;-;-;-;-;-;-;-;-;-;-;-;-;-;-;-;-;-;-;-;-;-;-;-;-;-;-;-;-;-;-;-;-;-;2
355280 TABOAO DA SERRA;1;3;53;-;14;-;-;21;3;4;-;-;-;-;1;-;-;-;6;1;-;-;-;-;1;-;-;-;4;2;3;-;-;6;-;-;1;-;3;-;1;-;-;-;-;-;-;-;-;-;4;-;8;-;8;1;-;-;-;-;-;-;-;149
355320 TAIUVA;-;-;1;-;-;-;-;-;-;-;-;-;-;-;-;-;-;-;-;-;-;-;-;-;-;-;-;-;-;-;-;-;-;-;-;-;-;-;-;-;-;-;-;-;-;-;-;-;-;-;-;-;-;-;-;-;-;-;-;-;-;-;-;1
355330 TAMBAU;-;-;3;-;1;-;-;1;-;-;-;-;-;-;-;-;-;-;-;-;-;-;-;-;-;-;-;-;-;-;-;-;-;-;-;-;-;-;-;-;-;-;-;-;-;-;-;-;-;-;-;-;-;-;-;-;-;-;-;-;-;-;-;5
355340 TANABI;-;-;2;-;1;-;-;-;-;-;-;-;-;-;-;-;-;-;1;-;-;-;-;-;-;-;-;-;1;-;-;-;-;-;-;-;-;-;-;-;-;-;-;-;-;-;-;-;-;-;-;-;-;-;-;-;-;-;-;-;-;-;-;5
355370 TAQUARITINGA;-;-;-;-;-;-;-;-;-;-;-;-;-;-;-;-;-;-;1;-;-;-;-;-;1;-;-;-;-;-;-;-;-;-;-;-;-;-;-;-;-;-;-;-;-;-;-;-;-;-;-;-;2;-;-;-;-;-;-;-;-;-;-;4
355400 TATUI;2;1;17;2;3;-;-;6;6;1;-;-;-;-;2;-;-;-;1;-;-;-;-;-;1;-;-;-;4;2;-;-;-;-;-;-;-;-;1;-;1;-;-;-;-;-;-;1;-;-;1;-;3;-;1;2;-;-;1;-;-;-;1;60
355410 TAUBATE;-;1;34;2;11;-;-;21;16;8;-;6;-;4;3;-;-;-;20;-;-;1;-;1;4;-;1;-;20;7;-;-;-;-;-;-;3;-;1;1;3;1;-;1;1;-;-;3;-;-;6;1;9;3;4;4;-;-;3;-;-;1;-;205
355430 TEODORO SAMPAIO;-;-;4;-;-;-;-;-;-;1;-;-;-;-;-;-;-;-;1;-;-;-;-;-;-;-;-;-;-;-;-;-;-;-;-;-;-;-;-;-;-;-;-;-;-;-;-;-;-;-;-;1;1;-;-;-;-;-;-;-;-;-;-;8
355450 TIETE;-;-;10;-;1;-;-;2;-;-;-;1;1;-;-;-;-;-;-;-;-;-;-;-;-;-;-;-;2;-;-;-;-;-;-;-;1;-;-;-;-;-;-;-;-;-;-;-;-;-;-;-;-;-;-;-;-;-;-;-;-;-;-;18
355480 TREMEMBE;-;-;2;-;-;-;-;1;-;-;-;-;-;-;-;-;-;-;-;-;-;-;-;-;-;-;-;-;-;-;-;-;-;-;-;-;-;-;-;-;-;-;-;-;-;-;-;-;-;-;-;-;-;-;-;-;-;-;-;-;-;-;-;3
355500 TUPA;-;-;8;-;-;-;-;6;1;1;-;-;2;-;-;-;-;-;7;-;-;-;-;-;-;-;-;-;4;1;-;-;-;-;-;-;-;-;-;-;-;-;-;-;1;-;-;-;-;-;2;1;1;-;2;-;-;-;-;-;-;-;-;37
355510 TUPI PAULISTA;-;-;1;-;-;-;-;1;-;-;-;-;-;-;-;-;-;-;-;-;-;-;-;-;-;-;-;-;-;-;-;-;-;-;-;-;-;-;-;-;-;-;-;-;-;-;-;-;-;-;-;-;-;-;-;-;-;-;-;-;-;-;-;2
355540 UBATUBA;-;-;3;-;1;-;-;1;-;-;-;-;-;-;-;-;-;-;1;-;-;-;-;-;-;-;-;-;1;-;1;-;-;-;-;-;-;-;-;-;-;-;-;-;-;-;-;-;-;-;-;-;-;-;-;-;-;-;-;-;-;-;-;8
355600 URUPES;-;-;-;-;-;-;-;2;-;-;-;-;-;-;-;-;-;-;-;-;-;-;-;-;-;-;-;-;-;-;-;-;-;-;-;-;-;-;-;-;-;-;-;-;-;-;-;-;-;-;-;-;-;-;-;-;-;-;-;-;-;-;-;2
355610 VALENTIM GENTIL;-;-;-;-;-;-;-;1;-;-;-;-;-;-;-;-;-;-;-;-;-;-;-;-;-;-;-;-;-;-;-;-;-;-;-;-;-;-;-;-;-;-;-;-;-;-;-;-;-;-;-;-;-;-;-;-;-;-;-;-;-;-;-;1
355620 VALINHOS;2;4;24;-;5;-;-;13;1;2;-;-;1;-;3;-;-;-;5;-;-;-;1;-;1;-;-;-;7;-;-;-;-;2;-;-;1;-;3;-;-;-;-;-;1;-;-;1;-;-;4;-;4;-;1;3;-;1;-;-;-;1;-;91
355630 VALPARAISO;-;-;1;-;-;-;-;1;-;-;-;-;-;-;-;-;-;-;1;-;-;-;-;-;-;-;-;-;-;-;-;-;-;-;-;-;-;-;-;-;-;-;-;-;-;-;-;-;-;-;-;-;-;-;-;-;-;-;-;-;-;-;-;3
355640 VARGEM GRANDE DO SUL;-;1;-;-;-;-;-;1;-;-;-;-;-;-;-;-;-;-;1;-;-;-;-;-;-;-;-;-;-;-;-;-;-;-;-;-;-;-;-;-;-;-;-;-;-;-;-;-;-;-;1;-;-;-;-;-;-;-;-;-;-;-;-;4
355645 VARGEM GRANDE PAULISTA;-;-;3;1;1;-;-;-;-;-;-;-;-;-;-;-;-;-;1;-;-;-;-;-;-;-;-;-;1;-;-;-;-;-;-;-;-;-;-;-;1;-;-;-;-;-;-;-;-;-;-;-;1;-;-;-;-;-;-;-;-;-;-;9
355650 VARZEA PAULISTA;-;-;6;-;-;-;-;3;-;-;-;-;-;-;-;-;-;-;-;-;-;-;-;-;-;-;-;-;-;1;-;-;-;-;-;-;-;-;-;-;-;-;-;-;-;-;-;-;-;-;-;-;-;-;-;-;-;-;-;-;-;-;-;10
355660 VERA CRUZ;-;-;1;-;-;-;-;-;-;-;-;-;-;-;-;-;-;-;-;-;-;-;-;-;-;-;-;-;-;-;-;-;-;-;-;-;-;-;-;-;-;-;-;-;-;-;-;-;-;-;-;-;-;-;-;-;-;-;-;-;-;-;-;1
355670 VINHEDO;-;1;6;-;-;-;-;7;2;1;-;1;-;-;-;-;-;-;3;-;-;-;-;-;1;-;-;-;1;2;-;-;-;-;-;-;-;-;1;-;-;-;-;1;-;-;-;1;-;-;-;-;3;-;-;-;-;-;-;-;-;1;-;32
355680 VIRADOURO;-;-;1;-;1;-;-;-;-;-;-;-;-;-;-;-;-;-;1;-;-;-;-;-;-;-;-;-;-;-;-;-;-;-;-;-;-;-;-;-;-;-;-;-;-;-;-;-;-;-;-;-;-;-;-;-;-;-;-;-;-;-;-;3
355700 VOTORANTIM;-;-;22;-;-;-;-;1;-;1;-;-;-;-;1;-;-;-;1;1;-;-;-;-;1;-;-;1;3;-;-;-;-;1;-;-;1;-;1;-;-;-;-;-;1;-;-;-;-;-;-;1;1;-;-;-;-;-;-;-;-;1;-;39
355710 VOTUPORANGA;2;-;14;1;1;-;-;6;7;5;-;-;-;-;1;-;-;-;5;-;-;-;-;-;-;-;-;-;5;1;-;-;-;-;-;-;4;-;1;-;2;-;-;-;1;-;-;-;-;-;3;-;3;2;3;-;-;-;1;-;-;1;-;69
355720 CHAVANTES;-;-;-;-;-;-;-;-;-;-;-;-;-;-;-;-;-;-;1;-;-;-;-;-;-;-;-;-;-;-;-;-;-;-;-;-;-;-;-;-;-;-;-;-;-;-;-;-;-;-;-;-;-;-;-;-;-;-;-;-;-;-;-;1
Total;1963;910;10360;503;3970;17;159;4797;1515;2084;18;419;354;128;443;109;10;20;3222;100;1;117;337;52;763;36;8;47;2216;617;348;179;141;432;58;21;938;93;799;23;228;185;4;127;343;2;49;440;207;6;1255;251;2383;711;2301;1131;102;69;277;35;1510;324;581;50848
;;;;;;;;;;;;;;;;;;;;;;;;;;;;;;;;;;;;;;;;;;;;;;;;;;;;;;;;;;;;;;;;
;;;;;;;;;;;;;;;;;;;;;;;;;;;;;;;;;;;;;;;;;;;;;;;;;;;;;;;;;;;;;;;;
;;;;;;;;;;;;;;;;;;;;;;;;;;;;;;;;;;;;;;;;;;;;;;;;;;;;;;;;;;;;;;;;
;;;;;;;;;;;;;;;;;;;;;;;;;;;;;;;;;;;;;;;;;;;;;;;;;;;;;;;;;;;;;;;;
 ;;;;;;;;;;;;;;;;;;;;;;;;;;;;;;;;;;;;;;;;;;;;;;;;;;;;;;;;;;;;;;;;
;;;;;;;;;;;;;;;;;;;;;;;;;;;;;;;;;;;;;;;;;;;;;;;;;;;;;;;;;;;;;;;;
;;;;;;;;;;;;;;;;;;;;;;;;;;;;;;;;;;;;;;;;;;;;;;;;;;;;;;;;;;;;;;;;
;;;;;;;;;;;;;;;;;;;;;;;;;;;;;;;;;;;;;;;;;;;;;;;;;;;;;;;;;;;;;;;;
 ;;;;;;;;;;;;;;;;;;;;;;;;;;;;;;;;;;;;;;;;;;;;;;;;;;;;;;;;;;;;;;;;
