Município;Médico Anestesiologista;Médico Cirurgião Geral;Médico Clínico;Médico Generalista Alopata;Médico Ginecologista Obstetra;Médico da estratégia de Saúde da Família;Médico de família e comunidade;Médico Pediatra;Médico psiquiatra;Médico em radiologia e diagnóstico por imagem;Médico sanitarista;Médico acupunturista;Médico alergista e imunologista;Médico anatomopatologista;Médico angiologista;Médico Cardiologista Intervencionista;Médico cancerologista cirúrgico;Médico cancerologista pediátrico;Médico cardiologista;Médico cirurgião cardiovascular;Médico cirurgião de cabeça e pescoço;Médico cirurgião do aparelho digestivo;Médico cirurgião pediátrico;Médico cirurgião plástico;Médico cirurgião torácico;Médico citopatologista;Médico coloproctologista;Médico dermatologista;Médico do trabalho;Médico em cirurgia vascular;Médico em endoscopia;Médico em medicina de tráfego;Médico em medicina intensiva;Médico em medicina nuclear;Médico em medicina preventiva e social;Médico endocrinologista e metabologista;Médico fisiatra;Médico gastroenterologista;Médico geneticista;Médico geriatra;Médico hematologista;Médico hiperbarista;Médico homeopata;Médico infectologista;Médico legista;Médico mastologista;Médico nefrologista;Médico neurocirurgião;Médico neurofisiologista clínico;Médico neurologista;Médico nutrologista;Médico oftalmologista;Médico oncologista clínico;Médico ortopedista e traumatologista;Médico otorrinolaringologista;Médico patologista;Médico patologista clínico / medicina laboratorial;Médico pneumologista;Médico radioterapeuta;Médico residente;Médico reumatologista;Médico urologista;Total
350010 ADAMANTINA;-;-;70;-;10;6;-;23;1;6;-;-;-;-;1;-;-;-;4;-;-;-;-;-;-;-;-;3;-;-;-;-;-;-;-;-;-;1;-;-;-;-;-;1;-;-;2;-;-;1;-;2;-;4;3;-;-;-;-;-;-;1;139
350020 ADOLFO;-;-;5;-;-;1;-;1;-;-;-;-;-;-;-;-;-;-;-;-;-;-;-;-;-;-;-;-;-;-;-;-;-;-;-;-;-;-;-;-;-;-;-;-;-;-;-;-;-;1;-;-;-;-;-;-;-;-;-;-;-;-;8
350030 AGUAI;-;-;26;-;2;6;-;3;-;5;-;-;-;-;-;-;-;-;-;-;-;-;-;-;-;-;-;-;-;-;-;-;-;-;-;-;-;-;-;-;-;-;-;1;-;-;-;-;-;1;-;-;-;1;-;-;-;-;-;-;-;-;45
350040 AGUAS DA PRATA;-;-;11;-;1;2;-;3;-;2;-;-;-;-;-;-;-;-;1;-;-;-;-;-;-;-;-;1;-;-;-;-;-;-;-;-;-;-;-;-;-;-;-;-;-;-;-;-;-;1;-;1;-;-;-;-;-;-;-;-;-;-;23
350050 AGUAS DE LINDOIA;1;1;21;2;2;4;-;6;1;1;1;1;-;-;-;-;-;-;-;-;-;-;-;-;-;-;-;-;-;-;-;-;-;-;-;-;-;-;-;-;-;-;-;-;-;-;-;-;-;-;-;-;-;-;-;-;-;-;-;-;-;-;41
350055 AGUAS DE SANTA BARBARA;-;-;11;-;-;1;-;2;-;-;-;-;-;-;-;-;-;-;2;-;-;-;-;-;-;-;-;-;-;-;-;-;-;-;-;-;-;-;-;-;-;-;-;-;-;-;-;-;-;-;-;-;-;-;-;-;-;-;-;-;-;-;16
350060 AGUAS DE SAO PEDRO;-;-;13;-;-;-;-;3;1;1;-;-;-;-;-;-;-;-;-;-;-;-;-;-;-;-;-;-;-;-;-;-;-;-;-;-;-;-;-;-;-;-;-;-;-;-;-;-;-;1;-;-;-;1;-;-;-;-;-;-;-;-;20
350070 AGUDOS;1;1;34;-;10;6;-;14;3;3;-;-;-;-;-;-;-;-;5;-;-;-;-;2;-;-;-;3;-;-;-;-;-;-;-;2;-;-;-;-;-;-;-;-;-;-;-;-;-;3;-;-;-;6;1;-;-;-;-;-;-;-;94
350075 ALAMBARI;-;-;8;-;-;-;-;1;-;1;-;-;-;-;-;-;-;-;-;-;-;-;-;-;-;-;-;-;-;-;-;-;-;-;-;-;-;-;-;-;-;-;-;-;-;-;-;-;-;-;-;-;-;-;-;-;-;-;-;-;-;-;10
350080 ALFREDO MARCONDES;-;-;7;-;-;1;-;1;-;-;-;-;-;-;-;-;-;-;-;-;-;-;-;-;-;-;-;-;-;-;-;-;-;-;-;-;-;-;-;-;-;-;-;-;-;-;-;-;-;-;-;-;-;-;-;-;-;-;-;-;-;-;9
350090 ALTAIR;-;-;8;-;1;1;-;1;-;-;-;-;-;-;-;-;-;-;-;-;-;-;-;-;-;-;-;-;-;-;-;-;-;-;-;-;-;-;-;-;-;-;-;-;-;-;-;-;-;-;-;-;-;-;-;-;-;-;-;-;-;-;11
350100 ALTINOPOLIS;-;-;3;-;1;8;-;1;1;2;-;-;-;-;-;-;-;-;2;-;-;-;-;-;-;-;-;1;-;1;-;-;-;-;-;-;-;1;-;-;-;-;-;-;-;-;-;-;-;3;-;3;-;1;1;-;-;-;-;-;-;-;29
350110 ALTO ALEGRE;-;-;2;-;-;1;-;3;-;1;-;-;-;-;-;-;-;-;1;-;-;-;-;-;-;-;-;-;-;-;-;-;-;-;-;-;-;-;-;-;-;-;-;-;-;-;-;-;-;-;-;-;-;1;-;-;-;-;-;-;-;-;9
350115 ALUMINIO;-;-;9;-;3;-;-;1;1;2;-;-;-;-;-;-;-;-;1;-;-;-;-;-;-;-;-;-;1;-;-;-;-;-;-;-;-;-;-;-;-;-;-;-;-;-;-;-;-;-;-;1;-;1;-;-;-;-;-;-;-;-;20
350120 ALVARES FLORENCE;-;-;3;-;-;-;-;1;-;-;-;-;-;-;-;-;-;-;-;-;-;-;-;-;-;-;-;-;-;-;-;-;-;-;-;-;-;-;-;-;-;-;-;-;-;-;-;-;-;-;-;-;-;-;-;-;-;-;-;-;-;-;4
350130 ALVARES MACHADO;-;-;37;-;-;5;-;2;2;-;-;-;-;-;-;-;-;-;1;-;-;-;-;-;-;-;-;-;-;-;-;-;-;-;-;-;-;-;-;-;-;-;-;-;-;-;-;-;-;1;-;-;-;-;-;-;-;-;-;-;-;-;48
350140 ALVARO DE CARVALHO;-;-;2;-;-;2;-;1;-;-;-;-;-;-;-;-;-;-;-;-;-;-;-;-;-;-;-;-;-;-;-;-;-;-;-;-;-;-;-;-;-;-;-;-;-;-;-;-;-;-;-;-;-;-;-;-;-;-;-;-;-;-;5
350150 ALVINLANDIA;-;-;1;-;-;-;-;-;-;-;-;-;-;-;-;-;-;-;-;-;-;-;-;-;-;-;-;-;-;-;-;-;-;-;-;-;-;-;-;-;-;-;-;-;-;-;-;-;-;-;-;-;-;-;-;-;-;-;-;-;-;-;1
350160 AMERICANA;23;12;232;-;39;10;-;80;10;16;-;-;-;1;2;-;-;-;34;-;2;1;-;6;1;-;-;4;2;1;1;-;5;1;-;-;-;-;-;1;-;-;-;3;-;-;10;1;-;11;-;13;5;22;16;-;-;-;-;-;1;8;574
350170 AMERICO BRASILIENSE;24;2;102;-;11;-;-;11;3;2;-;-;1;-;-;-;-;-;9;-;1;-;-;1;-;-;1;4;1;4;-;-;-;-;-;1;-;1;-;1;-;-;-;5;-;-;3;-;-;2;-;7;-;4;4;3;-;1;-;-;1;-;210
350180 AMERICO DE CAMPOS;-;-;19;-;-;1;-;-;-;-;-;-;-;-;-;-;-;-;-;-;-;-;-;-;-;-;-;-;-;-;-;-;-;-;-;-;-;-;-;-;-;-;-;-;-;-;-;-;-;-;-;-;-;-;-;-;-;-;-;-;-;-;20
350190 AMPARO;2;3;79;-;3;41;-;8;6;11;-;1;-;-;-;-;-;-;5;-;-;-;-;-;-;-;-;5;-;4;2;-;-;-;-;1;-;1;-;-;1;-;-;2;-;-;4;-;-;4;-;9;-;1;3;-;-;1;-;-;1;-;198
350200 ANALANDIA;-;-;25;-;1;-;-;1;1;-;-;-;-;-;-;-;-;-;2;-;-;-;-;-;-;-;-;-;-;-;-;-;-;-;-;-;-;-;-;-;-;-;-;-;-;-;-;-;-;3;-;-;-;-;-;-;-;-;-;-;-;-;33
350210 ANDRADINA;-;1;121;-;3;11;-;16;4;18;-;-;-;1;-;-;-;-;10;-;-;-;-;-;-;-;-;2;-;-;-;-;-;-;-;1;-;1;-;-;-;-;-;1;-;-;1;-;-;3;-;4;2;1;-;-;-;-;-;-;-;-;201
350220 ANGATUBA;-;-;14;-;1;1;-;1;1;1;-;-;-;-;-;-;-;-;1;-;-;-;-;-;-;-;-;-;-;-;-;-;-;-;-;-;-;1;-;-;-;-;-;-;-;-;-;-;-;1;-;-;-;1;-;-;-;-;-;-;-;-;23
350230 ANHEMBI;-;-;10;-;1;2;-;2;1;-;-;-;-;-;-;-;-;-;1;-;-;-;-;-;-;-;-;-;-;-;-;-;-;-;-;-;-;-;-;-;-;-;-;-;-;-;-;-;-;-;-;-;-;-;-;-;-;-;-;-;-;-;17
350240 ANHUMAS;-;-;3;-;-;1;-;-;-;-;-;-;-;-;-;-;-;-;-;-;-;-;-;-;-;-;-;-;-;-;-;-;-;-;-;-;-;-;-;-;-;-;-;-;-;-;-;-;-;-;-;-;-;-;-;-;-;-;-;-;-;-;4
350250 APARECIDA;3;3;27;-;-;5;-;7;1;2;-;-;-;-;-;-;-;-;2;-;-;-;-;-;-;-;-;-;1;2;-;-;-;-;-;-;-;1;-;-;-;-;-;1;-;-;2;-;-;-;-;17;-;1;1;-;-;-;-;-;-;-;76
350260 APARECIDA D'OESTE;-;-;4;-;-;1;-;1;3;-;-;-;-;-;-;-;-;-;-;-;-;-;-;-;-;-;-;-;-;-;-;-;-;-;-;-;-;-;-;-;-;-;-;-;-;-;-;-;-;-;-;-;-;-;-;-;-;-;-;-;-;-;9
350270 APIAI;3;-;11;-;4;4;-;2;1;1;-;-;-;-;-;-;-;-;2;-;-;-;-;-;-;-;-;-;-;-;-;-;-;-;-;-;-;-;-;-;-;-;-;-;-;-;-;-;-;-;-;-;-;3;-;-;-;-;-;-;-;-;31
350275 ARACARIGUAMA;-;-;12;-;4;-;-;4;-;-;-;-;-;-;-;-;-;-;1;-;-;-;-;-;-;-;-;1;-;-;-;-;-;-;-;-;-;-;-;-;-;-;-;1;-;-;-;-;-;1;-;1;-;-;1;-;-;-;-;-;-;-;26
350280 ARACATUBA;23;3;130;-;11;24;-;37;4;16;-;-;1;4;-;1;-;-;18;-;1;-;1;-;-;-;1;5;2;3;1;-;-;2;-;3;-;2;-;-;2;-;-;5;-;-;2;2;-;9;-;15;6;12;5;-;-;-;3;71;1;-;426
350290 ARACOIABA DA SERRA;-;1;25;-;2;2;-;3;1;-;-;-;-;-;-;-;-;-;1;-;-;-;-;-;-;-;-;-;-;-;-;-;-;-;-;-;-;-;-;-;-;-;-;-;-;-;-;-;-;1;-;-;-;-;-;-;-;-;-;-;-;-;36
350300 ARAMINA;-;-;1;-;2;3;-;2;1;1;-;-;-;-;-;-;-;-;2;-;-;-;-;-;-;-;-;-;-;-;-;-;-;-;-;-;-;-;-;-;-;-;-;-;-;-;-;-;-;-;-;-;-;1;-;-;-;-;-;-;-;-;13
350310 ARANDU;-;-;15;-;2;-;-;-;1;-;-;-;-;-;-;-;-;-;1;-;-;-;-;-;-;-;-;-;-;-;-;-;-;-;-;-;-;-;-;-;-;-;-;-;-;-;-;-;-;-;-;-;-;1;-;-;-;-;-;-;-;-;20
350315 ARAPEI;-;-;4;-;1;-;-;2;-;1;-;-;-;-;-;-;-;-;1;-;-;-;-;-;-;-;-;-;-;-;-;-;-;-;-;-;-;-;-;-;-;-;-;-;-;-;-;-;-;-;-;-;-;-;-;-;-;-;-;-;-;-;9
350320 ARARAQUARA;16;10;319;5;23;27;6;53;5;23;-;2;1;1;-;1;-;-;13;-;-;-;2;-;1;-;-;2;2;8;-;-;3;-;-;2;-;1;-;-;-;-;-;2;-;-;8;3;-;5;-;25;10;15;6;-;-;3;1;58;-;4;666
350330 ARARAS;-;2;251;1;8;10;-;35;7;4;-;-;-;-;1;7;-;-;13;1;-;-;-;-;-;-;-;-;-;-;-;-;-;1;-;1;-;-;-;-;-;-;-;1;-;-;8;-;-;2;1;3;1;-;-;-;-;-;-;37;1;-;396
350340 AREALVA;1;-;4;-;1;1;-;2;-;-;-;-;-;-;-;-;-;-;-;-;-;-;-;-;-;-;-;-;-;-;-;-;-;-;-;-;-;-;-;-;-;-;-;-;-;-;-;-;-;1;-;8;-;-;-;-;-;-;-;-;-;-;18
350350 AREIAS;-;-;4;-;-;1;-;1;1;-;-;-;-;-;1;-;-;-;1;-;-;-;-;-;-;-;-;-;-;-;-;-;-;-;-;-;-;-;-;-;-;-;-;-;-;-;-;-;-;1;-;-;-;-;-;-;-;-;-;-;-;-;10
350360 AREIOPOLIS;-;-;8;-;-;-;-;2;1;-;-;-;-;-;-;-;-;-;1;-;-;-;-;-;-;-;-;-;-;-;-;-;-;-;-;-;-;-;-;-;-;-;-;-;-;-;-;-;-;1;-;-;-;1;-;-;-;-;-;-;-;-;14
350370 ARIRANHA;-;-;3;-;-;1;-;1;1;-;-;-;-;-;-;-;-;-;1;-;-;-;-;-;-;-;-;-;-;-;-;-;-;-;-;-;-;-;-;-;-;-;-;-;-;-;-;-;-;-;-;-;-;-;-;-;-;-;-;-;-;-;7
350380 ARTUR NOGUEIRA;-;-;11;-;2;6;-;3;1;2;-;-;-;-;-;-;-;-;2;-;-;-;-;-;-;-;-;-;-;-;-;-;-;-;-;-;-;-;-;-;-;-;-;1;-;-;-;-;-;-;-;1;-;1;1;-;-;-;-;-;-;-;31
350390 ARUJA;1;-;69;-;14;5;-;48;2;7;-;-;-;1;-;-;-;-;6;-;-;-;-;-;-;-;-;-;-;-;-;-;-;-;-;-;-;-;-;-;-;-;-;1;-;-;-;-;-;1;-;1;-;7;1;-;-;-;-;-;-;2;166
350395 ASPASIA;-;-;-;-;-;-;-;1;-;-;-;-;-;-;-;-;-;-;-;-;-;-;-;-;-;-;-;-;-;-;-;-;-;-;-;-;-;-;-;-;-;-;-;-;-;-;-;-;-;-;-;-;-;-;-;-;-;-;-;-;-;-;1
350400 ASSIS;4;4;146;-;6;8;-;20;3;7;-;1;1;1;1;3;-;-;10;-;-;-;-;-;-;-;-;2;-;-;-;-;-;-;-;1;-;2;-;-;-;-;-;5;-;-;-;-;-;3;-;9;4;-;2;-;-;1;-;3;2;-;249
350410 ATIBAIA;10;18;190;1;12;12;-;51;4;12;-;-;1;1;-;-;-;-;7;-;-;-;-;-;-;-;-;3;1;2;1;-;1;-;-;1;-;2;-;-;2;-;-;3;-;-;1;-;-;3;-;11;-;21;-;-;-;1;-;-;-;-;372
350420 AURIFLAMA;-;1;12;-;-;2;-;2;1;-;-;-;-;1;-;-;-;-;2;-;-;-;-;-;-;-;-;-;-;-;-;-;-;-;-;-;-;-;-;-;-;-;-;-;-;-;-;-;-;-;-;1;-;2;-;-;-;-;-;-;-;-;24
350430 AVAI;-;-;2;-;-;2;-;1;1;-;-;-;-;-;-;-;-;-;1;-;-;-;-;-;-;-;-;-;-;-;-;-;-;-;-;-;-;-;-;-;-;-;-;-;-;-;-;-;-;-;-;-;-;-;-;-;-;-;-;-;-;-;7
350440 AVANHANDAVA;-;-;10;-;-;-;-;1;-;2;-;-;-;-;-;-;-;-;-;-;-;-;-;-;-;-;-;-;-;-;-;-;-;-;-;-;-;-;-;-;-;-;-;-;-;-;-;-;-;-;-;-;-;-;-;-;-;-;-;-;-;-;13
350450 AVARE;6;2;111;-;7;1;-;13;5;7;-;-;-;1;3;-;-;-;12;-;1;-;-;1;-;-;-;5;2;-;2;-;1;-;-;3;-;2;-;-;-;-;-;3;-;-;4;1;-;8;1;9;8;11;3;-;-;1;-;-;-;1;235
350460 BADY BASSITT;-;-;38;-;10;8;-;3;1;-;-;1;-;-;-;-;-;-;1;-;-;-;-;-;-;-;-;-;-;-;-;-;-;-;-;-;-;-;-;-;-;-;-;-;-;-;-;-;-;1;-;-;-;-;-;-;-;-;-;-;-;-;63
350470 BALBINOS;-;-;4;-;-;1;-;-;-;-;-;-;-;-;-;-;-;-;-;-;-;-;-;-;-;-;-;-;-;-;-;-;-;-;-;-;-;-;-;-;-;-;-;-;-;-;-;-;-;-;-;-;-;-;-;-;-;-;-;-;-;-;5
350480 BALSAMO;-;-;9;-;1;2;-;1;-;-;-;-;-;-;-;-;-;-;-;-;-;-;-;-;-;-;-;-;-;-;-;-;-;-;-;-;-;-;-;-;-;-;-;-;-;-;-;-;-;-;-;1;-;-;-;-;-;-;-;-;-;-;14
350490 BANANAL;-;-;12;-;2;5;-;2;-;1;-;-;-;-;-;-;-;-;1;-;-;-;-;-;-;-;-;1;1;-;-;-;-;-;-;-;-;-;-;-;-;-;-;-;-;-;-;-;-;1;-;1;-;1;-;-;-;1;-;-;-;-;29
350500 BARAO DE ANTONINA;-;-;1;2;-;1;-;1;-;-;-;-;-;-;-;-;-;-;-;-;-;-;-;-;-;-;-;-;-;-;-;-;-;-;-;-;-;-;-;-;-;-;-;-;-;-;-;-;-;-;-;-;-;-;-;-;-;-;-;-;-;-;5
350510 BARBOSA;-;-;5;1;1;1;-;1;-;-;-;-;-;-;-;-;-;-;1;-;-;-;-;-;-;-;-;-;-;-;-;-;-;-;-;-;-;-;-;-;-;-;-;-;-;-;-;-;-;-;-;-;-;-;-;-;-;-;-;-;-;-;10
350520 BARIRI;2;-;35;-;-;2;-;5;2;-;-;-;-;-;-;-;-;-;1;-;-;-;-;-;-;-;-;1;-;-;-;-;-;-;-;1;-;-;-;-;-;-;-;1;-;-;-;-;-;1;-;-;-;-;-;-;-;-;-;-;-;-;51
350530 BARRA BONITA;-;-;47;-;1;1;-;7;2;4;-;-;-;-;-;-;-;-;4;-;-;-;-;-;-;-;-;1;-;1;-;-;-;-;-;1;-;-;-;-;-;-;-;1;-;-;-;-;-;2;-;3;-;-;1;-;-;-;-;-;-;-;76
350535 BARRA DO CHAPEU;-;-;3;-;-;2;-;-;-;-;-;-;-;-;-;-;-;-;-;-;-;-;-;-;-;-;-;-;-;-;-;-;-;-;-;-;-;-;-;-;-;-;-;-;-;-;-;-;-;-;-;-;-;-;-;-;-;-;-;-;-;-;5
350540 BARRA DO TURVO;-;-;7;-;-;3;-;1;-;-;-;-;-;-;-;-;-;-;1;-;-;-;-;-;-;-;-;-;-;-;-;-;-;-;-;-;-;-;-;-;-;-;-;-;-;-;-;-;-;-;-;-;-;-;-;-;-;-;-;-;-;-;12
350550 BARRETOS;62;21;369;-;10;9;-;64;17;84;-;1;1;20;-;-;3;6;18;1;1;1;-;4;-;-;-;5;2;2;3;-;8;1;-;2;3;-;-;-;6;-;1;10;1;2;12;1;-;17;3;15;87;7;3;-;-;4;14;20;1;4;926
350560 BARRINHA;-;-;41;-;2;2;-;4;-;1;-;-;-;-;-;-;-;-;1;-;-;-;-;1;-;-;-;-;1;-;-;-;-;-;-;-;-;-;-;-;-;-;-;1;-;-;-;-;-;-;-;1;-;3;-;-;-;-;-;-;-;-;58
350570 BARUERI;51;20;428;13;122;-;-;284;14;72;1;-;4;2;-;5;-;-;41;-;3;1;3;3;2;-;1;10;6;23;4;-;4;-;-;9;2;3;-;1;1;-;-;10;-;1;11;25;-;24;1;32;4;147;15;-;-;4;-;15;4;10;1436
350580 BASTOS;1;-;41;-;-;4;-;1;-;-;-;-;-;-;-;-;-;-;-;-;-;-;-;-;-;-;-;-;-;-;-;-;-;-;-;-;-;-;-;-;-;-;-;-;-;-;1;-;-;-;-;4;-;1;-;-;-;-;-;-;-;-;53
350590 BATATAIS;-;3;41;1;7;8;1;13;3;4;-;-;-;-;-;-;-;-;11;-;-;2;-;-;-;-;-;1;-;-;-;-;-;-;-;-;-;-;-;-;-;-;-;2;-;-;2;-;-;4;-;7;1;8;5;-;-;-;1;-;-;1;126
350600 BAURU;100;11;258;-;45;29;-;80;15;18;-;-;3;4;3;-;-;-;28;2;2;3;1;4;1;-;-;4;5;2;-;-;3;2;-;2;1;3;-;1;3;-;-;8;7;1;22;2;-;28;1;16;15;15;34;-;-;2;-;47;1;1;833
350610 BEBEDOURO;6;4;112;-;6;9;-;24;5;7;-;-;-;1;-;-;-;-;3;-;-;-;1;-;-;-;-;1;2;-;-;-;2;-;-;2;-;1;-;1;1;-;-;3;-;-;1;-;-;1;-;2;-;1;-;-;-;-;-;-;-;2;198
350620 BENTO DE ABREU;-;-;4;-;-;-;-;1;-;-;-;-;-;-;-;-;-;-;-;-;-;-;-;-;-;-;-;-;-;-;-;-;-;-;-;-;-;-;-;-;-;-;-;-;-;-;-;-;-;-;-;-;-;-;-;-;-;-;-;-;-;-;5
350630 BERNARDINO DE CAMPOS;-;-;14;-;-;-;-;1;1;1;-;-;-;-;-;-;-;-;1;-;-;-;-;-;-;-;-;-;-;-;-;-;-;-;-;-;-;-;-;-;-;-;-;-;-;-;-;-;-;1;-;-;-;2;-;-;-;-;-;-;-;-;21
350635 BERTIOGA;2;4;25;1;12;-;-;12;1;2;-;1;1;1;-;-;-;-;1;-;-;-;-;1;-;-;-;2;-;-;-;-;-;-;-;-;-;-;-;-;1;-;-;3;-;1;1;-;-;2;-;-;-;2;-;-;-;1;-;-;1;-;78
350640 BILAC;-;-;7;-;-;2;-;2;-;-;-;-;-;-;-;-;-;-;-;-;-;-;-;-;-;-;-;-;-;-;-;-;-;-;-;-;-;-;-;-;-;-;-;-;-;-;-;-;-;-;-;-;-;-;-;-;-;-;-;-;-;-;11
350650 BIRIGUI;2;-;153;-;-;13;-;3;2;3;-;-;-;1;-;-;-;-;-;-;-;-;-;-;-;-;-;1;1;-;-;-;-;-;-;2;-;-;-;-;-;-;-;1;-;-;-;-;-;-;-;-;-;-;-;-;-;-;-;3;-;3;188
350660 BIRITIBA-MIRIM;-;-;33;-;5;3;1;8;-;4;-;-;1;-;1;-;-;-;1;-;-;-;-;-;-;-;-;2;1;-;-;-;-;-;-;2;-;-;-;-;-;-;-;-;-;-;-;-;-;-;-;-;-;2;1;-;-;-;-;-;-;1;66
350670 BOA ESPERANCA DO SUL;-;-;3;-;-;3;-;1;2;-;-;-;-;-;-;-;-;-;-;-;-;-;-;-;-;-;-;-;-;-;-;-;-;-;-;-;-;-;-;-;-;-;-;-;-;-;-;-;-;1;-;-;-;-;-;-;-;-;-;-;-;-;10
350680 BOCAINA;-;-;4;-;-;-;-;-;1;1;-;-;-;-;-;-;-;-;-;-;-;-;-;-;-;-;-;-;-;-;-;-;-;-;-;-;-;-;-;-;-;-;-;-;-;-;-;-;-;-;-;-;-;-;-;-;-;-;-;-;-;-;6
350690 BOFETE;-;-;9;-;2;-;-;3;1;1;-;-;-;-;-;-;-;-;-;-;-;-;-;-;-;-;-;-;-;-;-;-;-;-;-;-;-;-;-;-;-;-;-;-;-;-;-;-;-;-;-;1;-;1;-;-;-;-;-;-;-;-;18
350700 BOITUVA;2;-;31;-;8;1;-;18;3;11;-;-;-;-;-;-;-;-;5;-;-;-;-;-;-;-;-;1;-;1;-;-;-;1;-;1;-;-;-;-;-;-;-;1;-;-;2;-;-;2;-;4;-;3;2;-;-;-;-;-;1;-;98
350710 BOM JESUS DOS PERDOES;-;-;19;-;1;-;-;4;-;1;-;-;-;-;-;-;-;-;-;-;-;-;-;-;-;-;-;-;-;-;-;-;-;-;-;-;-;-;-;-;-;-;-;-;-;-;-;-;-;1;-;-;-;1;-;-;-;-;-;-;-;-;27
350715 BOM SUCESSO DE ITARARE;-;-;-;-;-;1;-;-;-;-;-;-;-;-;-;-;-;-;-;-;-;-;-;-;-;-;-;-;-;-;-;-;-;-;-;-;-;-;-;-;-;-;-;-;-;-;-;-;-;-;-;-;-;-;-;-;-;-;-;-;-;-;1
350720 BORA;-;-;1;-;-;-;-;-;-;-;-;-;-;-;-;-;-;-;-;-;-;-;-;-;-;-;-;-;-;-;-;-;-;-;-;-;-;-;-;-;-;-;-;-;-;-;-;-;-;-;-;-;-;-;-;-;-;-;-;-;-;-;1
350730 BORACEIA;-;-;6;-;-;2;-;1;1;-;-;-;-;-;-;-;-;-;-;-;-;-;-;-;-;-;-;-;-;-;-;-;-;-;-;-;-;-;-;-;-;-;-;-;-;-;-;-;-;1;-;-;-;-;-;-;-;-;-;-;-;-;11
350740 BORBOREMA;-;1;11;-;3;-;-;2;-;-;-;-;-;-;-;-;-;-;2;-;-;-;-;-;-;-;-;-;-;-;-;-;-;-;-;-;-;-;-;-;-;-;-;-;-;-;-;-;-;-;-;1;-;-;-;-;-;-;-;-;-;-;20
350745 BOREBI;-;-;10;-;-;-;-;1;-;-;-;-;-;-;-;-;-;-;1;-;-;-;-;-;-;-;-;-;-;-;-;-;-;-;-;-;-;-;-;-;-;-;-;-;-;-;-;-;-;-;-;-;-;-;-;-;-;-;-;-;-;-;12
350750 BOTUCATU;27;7;75;140;26;31;-;84;21;18;7;1;3;6;4;3;-;3;13;3;2;8;2;-;-;-;-;21;6;-;-;-;3;2;1;9;-;10;1;4;4;-;2;17;-;-;21;2;-;14;3;17;15;12;5;2;-;8;-;494;3;2;1162
350760 BRAGANCA PAULISTA;12;14;237;15;43;16;-;70;9;38;-;-;3;1;6;-;-;-;24;4;2;2;3;2;-;-;-;5;2;3;-;-;2;4;1;3;-;6;-;2;-;-;-;8;-;-;8;3;-;16;2;17;3;9;7;-;-;4;2;99;2;6;715
350770 BRAUNA;-;-;1;-;-;1;-;1;-;-;-;-;-;-;-;-;-;-;-;-;-;-;-;-;-;-;-;1;-;-;-;-;-;-;-;-;-;-;-;-;-;-;-;-;-;-;-;-;-;-;-;-;-;-;-;-;-;-;-;-;-;-;4
350775 BREJO ALEGRE;-;-;1;-;-;-;-;1;-;-;-;-;-;-;-;-;-;-;-;-;-;-;-;-;-;-;-;-;-;-;-;-;-;-;-;-;-;-;-;-;-;-;-;-;-;-;-;-;-;-;-;-;-;-;-;-;-;-;-;-;-;-;2
350780 BRODOWSKI;-;-;25;-;1;4;-;3;-;-;-;-;-;-;-;-;-;-;-;-;-;-;-;-;-;-;-;1;-;-;-;-;-;-;-;-;-;-;-;-;-;-;-;-;-;-;-;-;-;2;-;-;-;2;-;-;-;-;-;-;-;-;38
350790 BROTAS;1;1;17;-;2;2;-;3;3;-;-;-;-;-;-;-;-;-;2;-;-;-;-;-;-;-;-;-;-;-;-;-;-;-;-;-;-;-;-;-;-;-;-;-;-;-;-;-;-;1;-;-;-;1;-;-;-;-;-;-;-;-;33
350800 BURI;-;-;14;-;-;1;-;2;2;1;-;-;-;-;-;-;-;-;-;-;-;-;-;-;-;-;-;-;-;-;-;-;-;-;-;-;-;-;-;-;-;-;-;-;-;-;-;-;-;-;-;-;-;-;-;-;-;-;-;-;-;-;20
350810 BURITAMA;-;-;34;-;1;2;-;2;1;-;-;-;-;-;-;-;-;-;-;-;-;-;-;-;-;-;-;-;-;-;-;-;-;-;-;-;-;-;-;-;-;-;-;-;-;-;-;-;-;-;-;1;-;-;-;-;-;-;-;-;-;-;41
350820 BURITIZAL;-;-;8;-;1;-;-;2;-;-;-;-;-;-;-;-;-;-;1;-;-;-;-;-;-;-;-;1;-;-;-;-;-;-;-;1;-;-;-;-;-;-;-;-;-;-;-;-;-;1;-;1;-;1;-;-;-;-;-;-;-;-;17
350830 CABRALIA PAULISTA;-;-;1;-;-;-;-;-;-;-;-;-;-;-;-;-;-;-;-;-;-;-;-;-;-;-;-;-;-;-;-;-;-;-;-;-;-;-;-;-;-;-;-;-;-;-;-;-;-;-;-;-;-;-;-;-;-;-;-;-;-;-;1
350840 CABREUVA;1;-;53;-;1;1;-;23;2;-;-;-;-;-;-;-;-;-;2;-;-;-;-;-;-;-;-;-;-;1;-;-;-;-;-;-;-;1;-;-;-;-;-;-;-;-;-;-;-;4;-;-;-;1;1;-;-;-;-;-;1;-;92
350850 CACAPAVA;10;3;232;-;31;8;-;76;3;1;-;-;-;-;-;-;-;-;-;-;-;-;-;-;-;-;-;1;1;-;-;-;3;-;-;-;-;-;-;-;-;-;-;2;-;-;1;-;-;2;-;2;-;7;-;-;-;-;-;-;1;1;385
350860 CACHOEIRA PAULISTA;-;1;22;-;1;1;-;2;-;2;-;-;-;-;-;-;-;-;4;-;-;-;-;-;-;-;-;1;-;-;-;-;-;-;-;-;-;1;-;-;-;-;-;-;-;-;-;-;-;1;-;3;-;-;-;-;-;-;-;-;-;-;39
350870 CACONDE;1;-;10;1;2;3;-;-;1;1;-;-;-;-;-;-;-;-;1;-;-;-;-;-;-;-;-;-;-;-;-;-;-;-;-;-;-;-;-;-;-;-;-;-;-;-;-;-;-;-;-;1;-;-;-;-;-;-;-;-;-;-;21
350880 CAFELANDIA;-;-;3;-;2;2;-;5;-;-;-;-;-;1;-;-;-;-;1;-;-;-;-;-;-;-;-;-;-;-;-;-;-;-;-;1;-;-;-;-;-;-;-;-;-;-;-;-;-;1;-;-;-;-;-;-;-;-;-;-;-;-;16
350890 CAIABU;-;-;4;-;-;2;-;-;-;-;-;-;-;-;-;-;-;-;-;-;-;-;-;-;-;-;-;-;-;-;-;-;-;-;-;-;-;-;-;-;-;-;-;-;-;-;-;-;-;-;-;-;-;-;-;-;-;-;-;-;-;-;6
350900 CAIEIRAS;13;-;119;3;38;6;-;73;2;8;-;-;-;-;-;-;-;-;2;-;-;-;-;-;-;-;-;-;-;1;-;-;-;-;-;1;-;1;-;-;-;-;-;2;-;-;1;-;-;2;-;4;-;14;1;-;-;-;-;-;-;-;291
350910 CAIUA;-;-;2;-;-;-;-;1;-;-;-;-;-;-;-;-;-;-;-;-;-;-;-;-;-;-;-;-;-;-;-;-;-;-;-;-;-;-;-;-;-;-;-;-;-;-;-;-;-;-;-;-;-;-;-;-;-;-;-;-;-;-;3
350920 CAJAMAR;4;4;68;-;13;6;-;18;4;2;-;-;-;-;-;-;-;-;3;-;-;-;-;-;-;-;-;1;-;1;-;-;-;-;-;-;-;2;-;-;-;-;-;2;-;-;-;-;-;3;-;8;-;5;1;-;-;1;-;-;1;2;149
350925 CAJATI;-;-;23;2;2;2;-;2;1;-;-;-;-;-;-;-;-;-;-;-;-;-;-;-;-;-;-;-;-;-;-;-;-;-;-;-;-;-;-;-;-;-;-;1;-;-;-;-;-;1;-;-;-;1;-;-;-;-;-;-;-;-;35
350930 CAJOBI;-;-;2;-;-;2;-;-;-;-;-;-;-;-;-;-;-;-;-;-;-;-;-;-;-;-;-;-;-;-;-;-;-;-;-;-;-;-;-;-;-;-;-;-;-;-;-;-;-;1;-;-;-;-;-;-;-;-;-;-;-;-;5
350940 CAJURU;1;2;22;-;-;6;-;5;-;2;-;-;-;-;-;-;-;-;1;-;-;-;-;-;-;-;-;-;-;-;-;-;-;-;-;-;-;-;-;-;-;-;-;-;-;-;-;-;-;-;-;-;-;-;-;-;-;-;-;-;-;-;39
350945 CAMPINA DO MONTE ALEGRE;-;-;3;-;-;-;-;1;-;-;-;-;-;-;-;-;-;-;-;-;-;-;-;-;-;-;-;-;-;-;-;-;-;-;-;-;-;-;-;-;-;-;-;-;-;-;-;-;-;-;-;-;-;-;-;-;-;-;-;-;-;-;4
350950 CAMPINAS;116;36;836;22;105;87;7;384;94;96;9;4;7;28;8;4;-;7;70;2;6;8;3;22;-;1;-;25;15;8;2;-;31;4;18;17;4;7;7;2;23;-;5;49;2;1;51;11;-;68;3;52;41;51;23;1;4;5;3;1294;10;8;3807
350960 CAMPO LIMPO PAULISTA;2;-;21;-;5;8;-;11;2;-;-;-;-;-;-;-;-;-;2;-;-;-;-;-;-;-;-;2;-;-;-;-;-;-;-;1;-;1;-;-;-;-;-;1;-;-;4;-;-;1;-;1;-;1;2;-;-;1;-;-;-;-;66
350970 CAMPOS DO JORDAO;3;-;41;-;9;7;-;16;1;8;-;-;-;-;-;-;-;-;2;-;-;-;-;-;-;-;-;1;2;-;-;-;-;-;-;1;-;-;-;-;-;-;-;1;-;-;-;-;-;4;-;1;-;4;-;-;-;-;-;-;-;-;101
350980 CAMPOS NOVOS PAULISTA;-;-;9;-;1;-;-;1;-;-;-;-;-;-;-;-;-;-;-;-;-;-;-;-;-;-;-;-;-;-;-;-;-;-;-;-;-;-;-;-;-;-;-;-;-;-;-;-;-;-;-;-;-;-;-;-;-;-;-;-;-;-;11
350990 CANANEIA;-;-;2;-;2;3;-;2;-;-;-;-;-;-;-;-;-;-;-;-;-;-;-;-;-;-;-;-;-;-;-;-;-;-;-;-;-;-;-;-;-;-;-;-;-;-;-;-;-;-;-;-;-;-;-;-;-;-;-;-;-;-;9
350995 CANAS;-;-;-;-;-;-;-;1;-;-;-;-;-;-;-;-;-;-;1;-;-;-;-;-;-;-;-;-;-;-;-;-;-;-;-;-;-;-;-;-;-;-;-;-;-;-;-;-;-;-;-;-;-;-;-;-;-;-;-;-;-;-;2
351000 CANDIDO MOTA;-;-;66;-;-;1;-;1;-;1;-;-;-;-;-;-;-;-;-;-;-;-;-;-;-;-;-;1;-;-;-;-;-;-;-;-;-;-;-;-;-;-;-;-;-;-;-;-;-;-;-;1;-;-;-;-;-;-;-;-;-;-;71
351010 CANDIDO RODRIGUES;-;-;2;1;-;1;-;-;1;-;-;-;-;-;-;-;-;-;1;-;-;-;-;-;-;-;-;-;-;-;-;-;-;-;-;-;-;-;-;-;-;-;-;-;-;-;-;-;-;-;-;-;-;-;-;-;-;-;-;-;-;-;6
351015 CANITAR;-;-;12;-;-;-;-;-;-;-;-;-;-;-;-;-;-;-;-;-;-;-;-;-;-;-;-;-;-;-;-;-;-;-;-;-;-;-;-;1;-;-;-;-;-;-;-;-;-;-;-;-;-;-;-;-;-;-;-;-;-;-;13
351020 CAPAO BONITO;-;-;33;-;3;10;-;5;2;2;-;-;-;-;-;-;-;-;2;-;-;-;-;-;-;-;-;-;-;-;-;-;-;-;-;-;-;-;-;-;-;-;-;-;-;-;1;-;-;-;-;-;-;-;-;-;-;-;-;-;-;-;58
351030 CAPELA DO ALTO;-;-;10;-;1;1;-;2;1;-;-;-;-;-;-;-;-;-;1;-;-;-;-;-;-;-;-;-;-;-;-;-;-;-;-;-;-;-;-;-;-;-;-;-;-;-;1;-;-;1;-;-;-;-;-;-;-;-;-;-;-;-;18
351040 CAPIVARI;1;-;19;-;2;-;1;9;1;2;-;-;-;-;-;-;-;-;2;-;-;-;-;-;-;-;-;1;-;-;-;-;-;-;-;-;-;-;-;-;-;-;-;-;-;-;2;-;-;1;-;1;-;1;-;-;-;-;-;-;-;-;43
351050 CARAGUATATUBA;32;14;129;-;7;15;-;48;3;15;1;-;-;1;-;-;-;-;18;-;1;-;-;6;-;-;-;4;1;1;4;-;6;-;-;2;-;1;-;1;-;-;-;3;-;4;5;2;-;6;-;7;2;21;4;1;-;1;1;-;-;2;369
351060 CARAPICUIBA;19;10;102;12;44;15;-;81;14;10;-;-;1;1;-;-;-;-;9;-;-;-;1;-;-;-;-;1;-;5;5;-;6;-;-;2;-;4;-;-;-;-;-;3;-;-;9;-;-;3;-;6;-;29;2;-;-;-;-;48;1;5;448
351070 CARDOSO;-;-;4;-;1;5;-;-;-;4;-;-;-;-;-;-;-;-;-;-;-;-;-;-;-;-;-;-;-;-;-;-;-;-;-;-;-;-;-;-;-;-;-;-;-;-;-;-;-;-;-;8;-;-;-;-;-;-;-;-;-;-;22
351080 CASA BRANCA;2;-;42;-;-;3;-;2;4;1;-;2;1;-;-;-;-;-;2;-;-;-;-;-;-;-;1;2;-;1;-;-;-;-;-;3;-;-;-;-;-;-;-;1;-;2;1;-;-;2;-;3;-;3;-;-;-;-;-;-;1;-;79
351090 CASSIA DOS COQUEIROS;-;-;18;-;-;-;-;-;-;-;-;-;-;-;-;-;-;-;1;-;-;-;-;-;-;-;-;-;-;-;-;-;-;-;-;-;-;-;-;-;-;-;-;-;-;-;-;-;-;-;-;-;-;-;-;-;-;-;-;-;-;-;19
351100 CASTILHO;-;-;10;-;1;3;-;-;2;-;-;-;-;-;-;-;-;-;-;-;-;-;-;-;-;-;-;-;-;-;-;-;-;-;-;-;-;-;-;-;-;-;-;-;-;-;-;-;-;-;-;-;-;-;-;-;-;-;-;-;-;-;16
351110 CATANDUVA;12;17;112;-;9;22;-;29;6;19;-;1;1;7;2;3;-;-;11;-;-;1;-;-;-;-;-;10;1;1;-;-;-;3;-;5;-;2;-;-;1;-;-;4;-;-;3;1;-;8;1;10;10;7;9;-;-;2;3;168;1;2;504
351120 CATIGUA;-;-;8;-;-;1;-;-;-;-;-;-;-;-;-;-;-;-;-;-;-;-;-;-;-;-;-;-;-;-;-;-;-;-;-;-;-;-;-;-;-;-;-;-;-;-;-;-;-;-;-;-;-;-;-;-;-;-;-;-;-;-;9
351130 CEDRAL;-;-;38;-;1;2;-;1;-;-;-;-;-;-;-;-;-;-;-;-;-;-;-;-;-;-;-;-;-;-;-;-;-;-;-;-;-;-;-;-;-;-;-;-;-;-;-;-;-;-;-;-;-;-;-;-;-;-;-;-;-;-;42
351140 CERQUEIRA CESAR;-;-;10;-;-;2;-;1;1;1;-;-;-;-;-;-;-;-;-;-;-;-;-;-;-;-;-;-;-;-;-;-;-;-;-;-;-;1;-;-;-;-;-;-;-;-;-;-;-;-;-;-;-;-;-;-;-;-;-;-;-;-;16
351150 CERQUILHO;1;1;25;-;1;2;-;2;-;3;-;-;-;-;-;-;-;-;-;-;-;-;-;-;-;-;-;1;-;-;-;-;-;-;-;-;-;-;-;-;-;-;-;-;-;-;-;-;-;1;-;-;-;-;-;-;-;-;-;-;-;1;38
351160 CESARIO LANGE;1;4;8;-;-;3;-;2;1;1;-;-;-;-;-;-;-;-;1;-;-;-;-;-;-;-;-;1;-;-;-;-;-;-;-;-;-;-;-;-;-;-;-;-;-;-;-;-;-;1;-;-;-;-;-;-;-;-;-;-;-;-;23
351170 CHARQUEADA;-;-;11;-;-;-;-;1;-;-;-;-;-;-;-;-;-;-;-;-;-;-;-;-;-;-;-;-;-;-;-;-;-;-;-;-;-;-;-;-;-;-;-;-;-;-;-;-;-;-;-;-;-;-;-;-;-;-;-;-;-;-;12
351190 CLEMENTINA;-;-;3;-;-;-;-;-;1;-;-;-;-;-;-;-;-;-;-;-;-;-;-;-;-;-;-;-;-;-;-;-;-;-;-;-;-;-;-;-;-;-;-;-;-;-;-;-;-;-;-;-;-;-;-;-;-;-;-;-;-;-;4
351200 COLINA;-;-;17;1;1;1;-;2;-;-;-;-;-;-;-;-;-;-;1;-;-;-;-;-;-;-;-;1;-;-;-;-;-;-;-;-;-;-;-;-;-;-;-;1;-;-;-;-;-;-;-;1;-;1;-;-;-;-;-;-;-;-;27
351210 COLOMBIA;-;-;12;-;-;3;-;1;1;1;-;-;-;-;-;-;-;-;1;-;-;-;-;-;-;-;-;-;-;1;-;-;-;-;-;-;-;-;-;-;-;-;-;-;-;-;-;-;-;-;-;-;-;-;-;-;-;-;-;-;-;-;20
351220 CONCHAL;2;-;9;-;-;3;-;2;-;1;-;-;-;-;-;-;-;-;1;-;-;-;-;-;-;-;-;-;-;-;-;-;-;-;-;-;-;-;-;-;-;-;-;1;-;-;-;-;-;2;-;-;-;-;-;-;-;-;-;-;-;-;21
351230 CONCHAS;-;-;2;-;1;-;-;1;-;-;-;-;-;-;-;-;-;-;-;-;-;-;-;-;-;-;-;-;1;-;-;-;-;-;-;-;-;-;-;-;-;-;-;-;-;-;-;-;-;-;-;-;-;-;-;-;-;-;-;-;-;-;5
351240 CORDEIROPOLIS;-;-;9;-;2;3;-;6;-;-;-;-;-;-;-;-;-;-;1;-;-;-;-;-;-;-;-;-;-;-;-;-;-;-;-;-;-;1;-;-;-;-;-;-;-;-;-;-;-;1;-;1;-;-;-;-;-;-;-;-;-;-;24
351250 COROADOS;-;-;-;-;-;1;-;1;-;-;-;-;-;-;-;-;-;-;-;-;-;-;-;-;-;-;-;-;-;-;-;-;-;-;-;-;-;-;-;-;-;-;-;-;-;-;-;-;-;-;-;-;-;-;-;-;-;-;-;-;-;-;2
351260 CORONEL MACEDO;-;-;1;-;-;-;-;-;-;2;-;-;-;-;-;-;-;-;-;-;-;-;-;-;-;-;-;-;-;-;-;-;-;-;-;-;-;-;-;-;-;-;-;-;-;-;-;-;-;-;-;-;-;-;-;-;-;-;-;-;-;-;3
351270 CORUMBATAI;-;-;8;-;-;-;-;1;-;-;-;-;-;-;-;-;-;-;-;-;-;-;-;-;-;-;-;-;-;-;-;-;-;-;-;-;-;-;-;-;-;-;-;-;-;-;-;-;-;-;-;-;-;-;-;-;-;-;-;-;-;-;9
351280 COSMOPOLIS;2;-;27;-;5;5;-;16;-;2;-;-;-;-;-;-;-;-;2;1;-;-;-;-;-;-;-;-;-;-;-;-;-;-;-;-;-;-;-;-;-;-;-;-;-;-;-;-;-;1;-;1;-;5;-;-;-;-;-;-;-;-;67
351290 COSMORAMA;-;-;13;-;-;2;-;1;-;-;-;-;-;-;-;-;-;-;-;-;-;-;-;-;-;-;-;-;-;-;-;-;-;-;-;-;-;-;-;-;-;-;-;-;-;-;-;-;-;-;-;-;-;-;-;-;-;-;-;-;-;-;16
351300 COTIA;15;8;78;1;23;3;-;51;5;9;-;-;1;-;-;-;-;-;6;-;-;-;1;-;-;-;-;3;2;2;2;-;1;-;-;2;-;1;-;-;-;-;-;2;-;-;1;4;-;3;-;5;-;20;2;-;-;2;-;24;-;-;277
351310 CRAVINHOS;-;-;18;-;3;4;-;6;-;2;-;-;-;-;-;-;-;-;2;-;-;-;-;-;-;-;-;1;-;-;-;-;-;-;-;-;-;-;-;-;-;-;-;1;-;-;-;-;-;1;-;2;-;-;-;-;-;-;-;-;-;-;40
351320 CRISTAIS PAULISTA;-;-;9;-;3;2;-;2;1;-;-;-;-;-;-;-;-;-;-;-;-;-;-;-;-;-;-;-;-;-;-;-;-;-;-;-;-;-;-;-;-;-;-;-;-;-;-;-;-;1;-;-;-;-;-;-;-;-;-;-;-;-;18
351330 CRUZALIA;-;-;4;-;-;1;-;-;-;-;-;-;-;-;-;-;-;-;-;-;-;-;-;-;-;-;-;-;-;-;-;-;-;-;-;-;-;-;-;-;-;-;-;-;-;-;-;-;-;-;-;-;-;-;-;-;-;-;-;-;-;-;5
351340 CRUZEIRO;3;3;45;1;11;10;-;12;2;2;-;-;-;1;-;-;-;-;4;-;-;-;-;-;-;-;-;1;-;-;-;-;1;-;-;1;-;2;-;-;-;-;-;1;-;-;1;-;-;2;-;-;-;4;-;-;-;-;-;-;-;1;108
351350 CUBATAO;6;2;165;-;7;16;-;41;2;1;-;-;-;-;-;-;-;-;13;-;-;-;-;4;-;-;-;1;1;-;-;-;4;-;-;-;-;-;-;-;-;-;-;3;-;-;3;-;-;6;1;1;3;10;1;-;1;1;-;-;2;3;298
351360 CUNHA;-;-;9;-;1;2;-;3;1;2;-;-;-;-;-;-;-;-;1;-;-;-;-;-;-;-;-;-;-;-;-;-;-;-;-;-;-;-;-;-;-;-;-;-;-;-;-;-;-;-;-;-;-;-;-;-;-;-;-;-;-;-;19
351370 DESCALVADO;-;-;45;-;1;1;-;4;-;1;-;-;-;2;1;-;-;-;1;-;-;-;-;-;-;-;-;1;-;-;-;-;-;-;-;-;-;-;-;-;-;-;-;-;-;-;-;-;-;1;-;-;-;1;-;-;-;-;-;-;-;-;59
351380 DIADEMA;39;21;260;31;56;62;1;121;27;43;2;2;2;1;-;-;-;-;9;1;1;3;2;2;1;-;-;3;3;4;1;-;6;-;-;4;7;1;-;-;2;-;-;12;-;-;15;10;-;5;1;19;-;24;8;-;-;3;-;9;1;4;829
351385 DIRCE REIS;-;-;2;-;-;1;-;1;-;-;-;-;-;-;-;-;-;-;-;-;-;-;-;-;-;-;-;-;-;-;-;-;-;-;-;-;-;-;-;-;-;-;-;-;-;-;-;-;-;-;-;-;-;-;-;-;-;-;-;-;-;-;4
351390 DIVINOLANDIA;6;-;7;-;1;1;-;3;-;-;-;-;-;-;-;-;-;-;-;-;-;-;-;-;-;-;-;2;-;2;-;-;-;-;-;-;-;-;-;-;-;-;-;1;-;-;-;-;-;-;-;5;-;2;1;-;-;-;-;83;-;-;114
351400 DOBRADA;-;-;1;-;-;3;-;2;-;-;-;-;-;-;-;-;-;-;-;-;-;-;-;-;-;-;-;-;-;-;-;-;-;-;-;-;-;-;-;-;-;-;-;-;-;-;-;-;-;-;-;-;-;-;-;-;-;-;-;-;-;-;6
351410 DOIS CORREGOS;-;-;28;-;-;1;-;3;1;-;-;-;-;-;-;-;-;-;2;-;-;-;-;-;-;-;-;-;-;-;-;-;-;-;-;-;-;-;-;-;-;-;-;-;-;-;-;-;-;-;-;1;-;1;-;-;-;-;-;-;-;-;37
351420 DOLCINOPOLIS;-;-;-;-;-;-;-;1;-;-;-;-;-;-;-;-;-;-;-;-;-;-;-;-;-;-;-;-;-;-;-;-;-;-;-;-;-;-;-;-;-;-;-;-;-;-;-;-;-;-;-;-;-;-;-;-;-;-;-;-;-;-;1
351430 DOURADO;1;-;1;-;-;1;-;1;-;1;-;-;-;-;-;-;-;-;-;-;-;-;-;-;-;-;-;-;-;-;-;-;-;-;-;-;-;-;-;-;-;-;-;-;-;-;-;-;-;1;-;-;-;-;-;-;-;-;-;-;-;-;6
351440 DRACENA;3;-;63;-;2;10;-;9;4;9;-;1;2;-;-;-;-;-;9;-;-;-;-;-;-;1;-;4;-;1;-;-;1;-;-;1;-;2;-;-;-;-;-;2;-;-;5;-;-;18;-;7;1;4;1;-;-;-;-;-;-;2;162
351450 DUARTINA;-;-;7;-;-;-;-;-;1;-;-;-;-;-;-;-;-;-;-;-;-;-;-;-;-;-;-;-;-;-;-;-;-;-;-;-;-;-;-;-;-;-;-;-;-;-;-;-;-;-;-;-;-;-;-;-;-;-;-;-;-;-;8
351460 DUMONT;-;-;44;-;4;-;-;4;2;-;-;-;-;-;-;-;-;-;1;-;-;-;-;-;-;-;-;-;-;-;-;-;-;-;-;-;-;-;-;-;-;-;-;-;-;-;-;-;-;2;-;-;-;-;-;-;-;-;-;-;-;1;58
351470 ECHAPORA;-;-;4;-;-;2;-;-;2;2;-;-;-;1;-;-;-;-;1;-;-;-;-;-;-;-;-;-;-;-;-;-;-;-;-;-;-;-;-;-;-;-;-;-;-;-;-;-;-;-;-;-;-;1;-;-;-;-;-;-;-;-;13
351480 ELDORADO;-;-;7;-;1;1;-;-;-;1;-;-;-;-;-;-;-;-;-;-;-;-;-;-;-;-;-;-;-;-;-;-;-;-;-;-;-;-;-;-;-;-;-;-;-;-;-;-;-;-;-;-;-;-;-;-;-;-;-;-;-;-;10
351490 ELIAS FAUSTO;-;1;15;-;-;3;-;5;-;-;-;-;-;-;-;-;-;-;1;-;-;-;-;-;-;-;-;-;-;-;-;-;-;-;-;-;-;-;-;-;-;-;-;-;-;-;-;-;-;1;-;-;-;-;-;-;-;-;-;-;-;-;26
351492 ELISIARIO;-;-;-;-;-;1;-;-;-;-;-;-;-;-;-;-;-;-;-;-;-;-;-;-;-;-;-;-;-;-;-;-;-;-;-;-;-;-;-;-;-;-;-;-;-;-;-;-;-;-;-;-;-;-;-;-;-;-;-;-;-;-;1
351495 EMBAUBA;-;-;20;-;-;-;-;1;-;-;-;-;-;-;-;-;-;-;-;-;-;-;-;-;-;-;-;-;-;-;-;-;-;-;-;-;-;-;-;-;-;-;-;-;-;-;-;-;-;-;-;-;-;-;-;-;-;-;-;-;-;-;21
351500 EMBU DAS ARTES;-;1;135;-;15;17;1;64;5;4;-;-;1;-;3;-;-;-;5;-;-;-;-;-;-;-;-;3;-;1;-;-;-;-;-;1;-;3;-;-;-;-;-;2;-;-;5;-;-;5;-;1;-;4;3;-;-;-;-;-;-;2;281
351510 EMBU-GUACU;-;1;28;-;1;7;-;2;1;2;-;-;-;-;-;-;-;-;2;-;-;-;-;-;-;-;-;2;1;-;-;-;-;-;-;-;-;-;-;-;-;-;-;1;-;-;-;-;-;-;-;2;-;1;-;-;-;-;-;-;-;-;51
351512 EMILIANOPOLIS;-;-;-;-;-;1;-;-;-;-;-;-;-;-;-;-;-;-;-;-;-;-;-;-;-;-;-;-;-;-;-;-;-;-;-;-;-;-;-;-;-;-;-;-;-;-;-;-;-;-;-;-;-;-;-;-;-;-;-;-;-;-;1
351515 ENGENHEIRO COELHO;-;-;16;-;-;-;-;1;2;-;-;-;-;-;-;-;-;-;1;-;-;-;-;-;-;-;-;1;-;-;-;-;-;-;-;-;-;-;-;-;-;-;-;-;-;-;-;-;-;1;-;1;-;1;-;-;-;-;-;-;-;-;24
351518 ESPIRITO SANTO DO PINHAL;1;-;52;-;6;7;-;3;3;2;-;-;-;-;-;-;-;-;1;-;-;-;-;-;-;-;-;2;-;-;-;-;2;-;-;1;-;-;-;-;-;-;-;1;-;-;-;1;-;1;-;1;-;2;-;-;-;1;-;-;1;1;89
351519 ESPIRITO SANTO DO TURVO;-;-;-;-;-;-;-;-;1;-;-;-;-;-;-;-;-;-;-;-;-;-;-;-;-;-;-;-;-;-;-;-;-;-;-;-;-;-;-;-;-;-;-;-;-;-;-;-;-;-;-;-;-;-;-;-;-;-;-;-;-;-;1
351520 ESTRELA D'OESTE;1;-;4;-;-;1;-;3;1;1;-;-;-;1;-;-;-;-;1;-;-;-;-;-;-;-;-;-;-;-;-;-;-;-;-;-;-;-;-;-;-;-;-;-;-;-;-;-;-;-;-;-;-;-;-;-;-;-;-;-;-;-;13
351530 ESTRELA DO NORTE;-;-;1;-;-;1;-;1;-;-;-;-;-;-;-;-;-;-;-;-;-;-;-;-;-;-;-;-;-;-;-;-;-;-;-;-;-;-;-;-;-;-;-;-;-;-;-;-;-;-;-;-;-;-;-;-;-;-;-;-;-;-;3
351535 EUCLIDES DA CUNHA PAULISTA;-;-;7;-;-;-;-;1;-;-;-;-;-;-;-;-;-;-;-;-;-;-;-;-;-;-;-;-;-;-;-;-;-;-;-;-;-;-;-;-;-;-;-;-;-;-;-;-;-;-;-;-;-;-;-;-;-;-;-;-;-;-;8
351540 FARTURA;-;1;13;1;-;2;-;4;1;-;-;-;-;-;-;-;-;-;1;-;-;-;-;-;-;-;-;-;-;-;-;-;-;-;-;-;-;-;-;-;-;-;-;-;-;-;-;-;-;-;-;1;-;-;-;-;-;-;-;-;-;-;24
351550 FERNANDOPOLIS;1;7;105;1;6;11;-;15;1;7;-;-;-;-;4;-;-;-;11;-;-;-;-;1;-;-;-;4;-;-;-;-;-;-;-;-;1;-;-;-;-;-;-;3;-;-;3;-;-;9;-;5;-;-;1;-;-;-;-;48;1;-;245
351560 FERNANDO PRESTES;-;-;11;-;-;1;-;-;-;-;-;-;-;-;-;-;-;-;-;-;-;-;-;-;-;-;-;-;-;-;-;-;-;-;-;-;-;-;-;-;-;-;-;-;-;-;-;-;-;-;-;-;-;-;-;-;-;-;-;-;-;-;12
351565 FERNAO;-;-;1;-;-;-;-;-;-;-;-;-;-;-;-;-;-;-;-;-;-;-;-;-;-;-;-;-;-;-;-;-;-;-;-;-;-;-;-;-;-;-;-;-;-;-;-;-;-;-;-;-;-;-;-;-;-;-;-;-;-;-;1
351570 FERRAZ DE VASCONCELOS;36;7;113;12;24;14;-;67;4;8;-;1;-;-;-;-;-;-;7;1;-;-;2;1;-;-;-;1;1;4;-;-;1;-;-;-;-;-;-;-;-;-;-;3;-;-;-;-;-;1;-;2;-;30;4;-;-;1;-;-;1;6;352
351580 FLORA RICA;-;-;3;-;-;1;-;-;-;-;-;-;-;-;-;-;-;-;-;-;-;-;-;-;-;-;-;-;-;-;-;-;-;-;-;-;-;-;-;-;-;-;-;-;-;-;-;-;-;-;-;-;-;-;-;-;-;-;-;-;-;-;4
351590 FLOREAL;-;-;1;-;-;1;-;-;-;-;-;-;-;-;-;-;-;-;-;-;-;-;-;-;-;-;-;-;-;-;-;-;-;-;-;-;-;-;-;-;-;-;-;-;-;-;-;-;-;-;-;-;-;-;-;-;-;-;-;-;-;-;2
351600 FLORIDA PAULISTA;-;-;8;-;-;2;-;-;-;-;-;-;-;1;-;-;-;-;-;-;-;-;-;-;-;-;-;-;-;-;-;-;-;-;-;-;-;-;-;-;-;-;-;-;-;-;-;-;-;-;-;-;-;-;-;-;-;-;-;-;-;-;11
351610 FLORINIA;-;-;5;-;-;1;-;-;-;-;-;-;-;-;-;-;-;-;-;-;-;-;-;-;-;-;-;-;-;-;-;-;-;-;-;-;-;-;-;-;-;-;-;-;-;-;-;-;-;-;-;-;-;-;-;-;-;-;-;-;-;-;6
351620 FRANCA;12;28;306;-;45;9;-;83;14;9;-;-;-;1;7;-;-;2;31;1;3;1;3;-;-;-;-;3;2;2;-;-;2;-;-;2;-;3;-;2;-;-;-;5;1;-;8;-;-;14;-;25;12;5;5;-;-;1;1;123;3;3;777
351630 FRANCISCO MORATO;22;3;87;1;40;8;-;41;1;2;-;-;-;-;-;-;-;-;4;-;-;-;4;-;-;-;-;1;1;2;2;-;-;-;-;-;-;-;-;-;-;-;-;3;-;-;-;-;-;7;-;-;-;1;-;-;-;-;-;-;1;2;233
351640 FRANCO DA ROCHA;8;17;68;-;3;19;-;12;25;6;-;-;-;-;-;-;-;-;6;3;-;-;-;-;-;-;-;1;-;2;7;-;8;-;-;-;-;1;-;-;-;-;-;2;2;-;6;3;-;3;-;10;5;26;2;-;-;1;-;36;1;-;283
351650 GABRIEL MONTEIRO;-;-;-;-;-;1;-;-;-;-;-;-;-;-;-;-;-;-;-;-;-;-;-;-;-;-;-;-;-;-;-;-;-;-;-;-;-;-;-;-;-;-;-;-;-;-;-;-;-;-;-;-;-;-;-;-;-;-;-;-;-;-;1
351660 GALIA;-;-;5;-;-;2;-;1;-;1;-;-;-;-;-;-;-;-;-;-;-;-;-;-;-;-;-;-;-;-;-;-;-;-;-;-;-;-;-;-;-;-;-;-;-;-;-;-;-;-;-;-;-;2;-;-;-;-;-;-;-;-;11
351670 GARCA;-;-;51;1;-;7;-;3;2;-;-;-;-;-;-;-;-;-;1;-;-;-;-;-;-;-;-;1;-;1;-;-;-;-;-;-;-;-;-;-;-;-;-;-;-;-;-;-;-;-;-;1;-;1;-;-;-;-;-;6;-;-;75
351680 GASTAO VIDIGAL;-;-;-;-;-;1;-;-;1;-;-;-;-;-;-;-;-;-;-;-;-;-;-;-;-;-;-;-;-;-;-;-;-;-;-;-;-;-;-;-;-;-;-;-;-;-;-;-;-;-;-;-;-;-;-;-;-;-;-;-;-;-;2
351685 GAVIAO PEIXOTO;-;-;2;-;-;3;-;-;-;-;-;-;-;-;-;-;-;-;1;-;-;-;-;-;-;-;-;1;-;-;-;-;-;-;-;-;-;-;-;-;-;-;-;-;-;-;-;-;-;-;-;1;-;-;-;-;-;-;-;-;-;-;8
351690 GENERAL SALGADO;-;-;2;-;-;-;-;1;-;1;-;-;-;-;-;-;-;-;1;-;-;-;-;-;-;-;-;-;-;-;-;-;-;-;-;-;-;-;-;-;-;-;-;-;-;-;-;-;-;-;-;-;-;-;-;-;-;-;-;-;-;-;5
351700 GETULINA;-;-;11;-;-;1;-;1;1;-;-;-;-;-;-;-;-;-;-;-;-;-;-;-;-;-;-;-;-;-;-;-;-;-;-;-;-;-;-;-;-;-;-;-;-;-;-;-;-;1;-;-;-;-;-;-;-;-;-;-;-;-;15
351710 GLICERIO;-;-;3;-;-;-;-;-;-;-;-;-;-;-;-;-;-;-;-;-;-;-;-;-;-;-;-;-;-;-;-;-;-;-;-;-;-;-;-;-;-;-;-;-;-;-;-;-;-;-;-;-;-;-;-;-;-;-;-;-;-;-;3
351720 GUAICARA;-;-;5;-;-;-;-;2;-;-;-;-;-;-;-;-;-;-;2;-;-;-;-;-;-;-;-;-;-;-;-;-;-;-;-;-;-;-;-;-;-;-;-;-;-;-;-;-;-;-;-;-;-;-;-;-;-;-;-;-;-;-;9
351730 GUAIMBE;-;-;-;-;-;1;-;-;-;-;-;-;-;-;-;-;-;-;-;-;-;-;-;-;-;-;-;-;-;-;-;-;-;-;-;-;-;-;-;-;-;-;-;-;-;-;-;-;-;-;-;-;-;-;-;-;-;-;-;-;-;-;1
351740 GUAIRA;-;1;30;-;-;12;-;2;1;1;-;-;-;-;-;-;-;-;3;-;-;-;-;-;-;-;-;1;-;-;-;-;-;-;-;-;-;-;-;-;-;-;-;1;-;-;-;-;-;-;-;-;-;-;1;-;-;-;-;-;-;-;53
351750 GUAPIACU;-;-;17;-;3;5;-;4;3;2;-;-;-;-;-;-;-;-;-;-;-;-;-;-;-;-;-;-;-;-;-;-;-;-;-;-;-;-;-;-;-;-;-;-;-;-;-;-;-;1;-;-;-;1;-;-;-;-;-;-;-;-;36
351760 GUAPIARA;-;-;3;-;-;4;-;1;1;1;-;-;-;-;-;-;-;-;-;-;-;-;-;-;-;-;-;-;-;-;-;-;-;-;-;-;-;-;-;-;-;-;-;-;-;-;-;-;-;-;-;1;-;-;-;-;-;-;-;-;-;-;11
351770 GUARA;1;-;24;-;-;-;-;4;1;1;-;-;-;-;-;-;-;-;1;-;-;-;-;-;-;-;-;-;-;-;-;-;-;-;-;-;-;-;-;-;-;-;-;-;-;-;-;-;-;1;-;-;-;-;-;-;-;-;-;-;-;-;33
351780 GUARACAI;2;-;5;-;-;-;-;1;-;-;-;-;-;-;-;-;-;-;-;-;-;-;-;-;-;-;-;-;-;-;-;-;-;-;-;-;-;-;-;-;-;-;-;-;-;-;-;-;-;-;-;-;-;-;-;-;-;-;-;-;-;-;8
351790 GUARACI;-;-;14;-;-;2;-;1;1;2;-;-;-;-;-;-;-;-;1;-;-;-;-;-;-;-;-;-;-;-;-;-;-;-;-;-;-;-;-;-;-;-;-;-;-;-;-;-;-;1;-;1;-;-;-;-;-;-;-;-;-;-;23
351800 GUARANI D'OESTE;-;-;2;-;-;2;-;-;-;-;-;-;-;-;-;-;-;-;-;-;-;-;-;-;-;-;-;-;-;-;-;-;-;-;-;-;-;-;-;-;-;-;-;-;-;-;-;-;-;-;-;-;-;-;-;-;-;-;-;-;-;-;4
351810 GUARANTA;-;-;1;-;-;1;-;-;-;-;-;-;-;-;-;-;-;-;-;-;-;-;-;-;-;-;-;-;-;-;-;-;-;-;-;-;-;-;-;-;-;-;-;-;-;-;-;-;-;-;-;-;-;-;-;-;-;-;-;-;-;-;2
351820 GUARARAPES;-;-;24;-;-;2;-;1;-;-;-;-;-;-;-;-;-;-;1;-;-;-;-;-;-;-;-;-;-;-;-;-;-;-;-;-;-;-;-;-;-;-;-;-;-;-;-;-;-;-;-;2;-;-;-;-;-;-;-;-;-;-;30
351830 GUARAREMA;3;-;30;-;8;-;-;23;2;1;-;-;-;-;-;-;-;-;-;-;-;-;-;-;-;-;-;-;-;-;-;-;-;-;-;-;-;-;-;-;-;-;-;1;-;-;-;-;-;1;-;2;-;-;-;-;-;1;-;-;-;-;72
351840 GUARATINGUETA;5;7;64;6;11;4;1;24;2;13;1;-;-;-;2;-;-;-;1;-;1;-;-;-;-;-;-;-;1;3;-;-;4;1;-;-;-;1;-;-;1;-;-;4;-;-;2;-;-;9;1;6;2;3;2;-;-;-;-;-;-;1;183
351850 GUAREI;-;-;7;-;2;1;1;-;-;1;-;-;-;-;-;-;-;-;1;-;-;-;-;-;-;-;-;-;-;-;-;-;-;-;-;-;-;-;-;-;-;-;-;-;-;1;-;-;-;-;-;-;-;-;-;-;-;-;-;-;-;-;14
351860 GUARIBA;-;-;29;-;-;1;-;3;1;-;-;-;-;-;-;-;-;-;2;-;-;-;-;-;-;-;-;1;-;-;-;-;-;-;-;-;-;-;-;-;-;-;-;1;-;-;-;-;-;2;-;2;-;2;1;-;-;-;-;-;-;1;46
351870 GUARUJA;23;5;345;6;28;29;-;92;5;13;-;-;-;2;1;2;-;-;9;-;-;-;2;1;-;-;-;1;1;2;1;-;11;-;-;-;-;1;-;1;-;-;-;12;-;-;8;-;-;8;1;21;7;3;-;-;-;2;-;-;-;-;643
351880 GUARULHOS;52;41;649;10;164;107;1;338;31;70;-;6;6;5;-;-;-;-;31;-;2;-;16;4;-;-;-;13;6;8;5;-;11;-;-;6;1;2;-;1;2;-;2;17;-;1;24;3;-;40;2;29;7;119;12;-;-;2;1;144;4;4;1999
351885 GUATAPARA;-;-;13;1;-;3;-;1;1;-;-;-;-;-;-;-;-;-;-;-;-;-;-;-;-;-;-;1;-;-;-;-;-;-;-;-;-;-;-;-;-;-;-;-;-;-;-;-;-;-;-;-;-;-;-;-;-;-;-;-;-;-;20
351890 GUZOLANDIA;-;-;5;-;-;-;-;-;-;-;-;-;-;-;-;-;-;-;-;-;-;-;-;-;-;-;-;-;-;-;-;-;-;-;-;-;-;-;-;-;-;-;-;-;-;-;-;-;-;-;-;-;-;-;-;-;-;-;-;-;-;-;5
351900 HERCULANDIA;-;-;5;-;-;3;-;1;-;1;-;-;-;-;-;-;-;-;-;-;-;-;-;-;-;-;-;-;-;-;-;-;-;-;-;-;-;-;-;-;-;-;-;-;-;-;-;-;-;-;-;-;-;-;-;-;-;-;-;-;-;-;10
351905 HOLAMBRA;-;-;2;-;1;1;-;1;-;-;1;-;-;-;-;-;-;-;1;-;-;-;-;-;-;-;-;-;-;-;-;-;-;-;-;-;-;1;-;-;-;-;-;-;-;-;-;-;-;-;-;-;-;1;-;-;-;-;-;-;-;-;9
351907 HORTOLANDIA;-;5;116;2;11;18;-;42;2;2;-;-;-;-;-;-;-;-;2;-;-;-;-;-;-;-;-;1;-;-;-;-;-;-;-;-;-;1;-;-;1;-;-;2;-;-;5;-;-;1;-;-;-;2;-;-;-;-;-;-;-;-;213
351910 IACANGA;1;-;3;-;-;1;-;-;-;1;-;-;-;-;-;-;-;-;-;-;-;-;-;-;-;-;-;-;-;-;-;-;-;-;-;-;-;-;-;-;-;-;-;-;-;-;-;-;-;-;-;-;-;-;-;-;-;-;-;-;-;-;6
351920 IACRI;-;-;3;-;-;1;-;1;-;-;-;-;-;-;-;-;-;-;-;-;-;-;-;-;-;-;-;-;-;-;-;-;-;-;-;-;-;-;-;-;-;-;-;-;-;-;-;-;-;-;-;-;-;-;-;-;-;-;-;-;-;-;5
351925 IARAS;-;-;-;-;-;1;-;1;-;-;-;-;-;-;-;-;-;-;-;-;-;-;-;-;-;-;-;-;-;-;-;-;-;-;-;-;-;-;-;-;-;-;-;-;-;-;-;-;-;-;-;-;-;-;-;-;-;-;-;-;-;-;2
351930 IBATE;-;-;20;-;-;2;-;3;1;-;-;-;-;-;-;-;-;-;1;-;-;-;-;-;-;-;-;-;-;-;-;-;-;-;-;-;-;-;-;-;-;-;-;-;-;-;-;-;-;1;-;1;-;-;-;-;-;-;-;-;-;-;29
351940 IBIRA;-;-;3;-;-;-;-;3;1;1;-;-;-;-;-;-;-;-;-;-;-;-;-;-;-;-;-;-;-;-;-;-;-;-;-;-;-;-;-;-;-;-;-;-;-;-;-;-;-;-;-;-;-;-;-;-;-;-;-;-;-;-;8
351950 IBIRAREMA;-;-;5;-;-;2;-;1;-;1;-;-;-;-;-;-;-;-;-;-;-;-;-;-;-;-;-;-;-;-;-;-;-;-;-;-;-;-;-;-;-;-;-;-;-;-;-;-;-;-;-;-;-;-;-;-;-;-;-;-;-;-;9
351960 IBITINGA;4;-;32;-;7;-;-;5;2;5;-;-;-;-;-;-;-;-;6;-;-;-;-;1;-;-;-;1;-;1;-;-;1;-;-;-;-;-;-;1;-;-;-;1;-;-;1;-;-;1;-;2;-;6;2;-;-;-;-;-;-;1;80
351970 IBIUNA;2;2;13;-;6;6;-;3;1;2;-;-;-;-;-;-;-;-;2;-;-;-;-;-;-;-;-;1;-;-;-;-;-;-;-;1;-;-;-;-;-;-;-;-;-;-;-;-;-;1;-;3;-;1;1;-;-;-;-;-;-;-;45
351980 ICEM;-;-;12;-;1;2;-;-;-;-;-;-;-;-;-;-;-;-;-;-;-;-;-;-;-;-;-;-;-;-;-;-;-;-;-;-;-;-;-;-;-;-;-;-;-;-;-;-;-;-;-;-;-;-;-;-;-;-;-;-;-;-;15
351990 IEPE;2;-;10;-;-;-;-;1;-;1;-;-;-;-;-;-;-;-;1;-;-;-;-;-;-;-;-;-;-;-;-;-;-;-;-;-;-;-;-;-;-;-;-;-;-;-;-;-;-;-;-;-;-;-;-;-;-;-;-;-;-;-;15
352000 IGARACU DO TIETE;-;-;3;-;-;2;-;2;-;-;-;-;-;-;-;-;-;-;-;-;-;-;-;-;-;-;-;-;-;-;-;-;-;-;-;-;-;1;-;-;-;-;-;-;-;-;-;-;-;-;-;-;-;-;-;-;-;-;-;-;-;-;8
352010 IGARAPAVA;6;-;26;-;3;5;-;-;1;3;-;-;-;-;-;-;-;-;1;-;-;-;-;-;-;-;-;-;-;-;-;-;-;-;-;-;-;-;-;-;-;-;-;2;-;-;-;-;-;1;-;-;-;1;-;-;-;1;-;-;1;-;51
352020 IGARATA;-;-;8;-;-;1;-;1;-;1;-;-;-;-;-;-;-;-;-;-;-;-;-;-;-;-;-;-;-;-;-;-;-;-;-;-;-;-;-;-;-;-;-;-;-;-;-;-;-;-;-;-;-;-;-;-;-;-;-;-;-;-;11
352030 IGUAPE;-;-;49;-;2;3;-;6;-;-;-;-;-;-;-;-;-;-;-;-;-;-;-;-;-;-;-;-;1;-;-;-;-;-;-;-;-;-;-;-;-;-;-;-;-;-;-;-;-;-;-;15;-;2;-;-;-;-;-;-;-;-;78
352040 ILHABELA;4;-;54;-;2;11;-;13;3;-;-;-;1;-;-;-;-;-;2;-;-;-;-;-;-;-;-;-;-;2;-;-;-;-;-;1;-;-;-;-;-;-;-;1;-;-;1;-;-;1;-;1;-;-;2;-;-;-;-;-;-;-;99
352042 ILHA COMPRIDA;-;-;-;1;1;3;-;1;-;-;-;-;-;-;-;-;-;-;-;-;-;-;-;-;-;-;-;-;-;-;-;-;-;-;-;-;-;-;-;-;-;-;-;-;-;-;-;-;-;-;-;-;-;-;1;-;-;-;-;-;-;-;7
352044 ILHA SOLTEIRA;1;-;22;-;2;6;-;1;1;1;-;-;-;-;-;-;-;-;3;-;-;-;-;-;-;-;-;-;1;1;-;-;-;1;-;-;-;-;-;-;-;-;-;-;-;-;2;-;-;2;-;1;-;-;-;-;-;-;-;-;-;-;45
352050 INDAIATUBA;14;26;330;-;42;23;-;73;10;7;-;-;-;1;6;-;-;-;16;-;1;-;-;1;-;-;-;3;1;3;1;-;3;-;-;5;-;2;-;1;1;-;-;5;-;-;7;1;-;11;-;10;1;13;3;-;1;1;-;67;1;3;694
352060 INDIANA;-;-;2;-;-;1;-;-;-;-;-;-;-;-;-;-;-;-;-;-;-;-;-;-;-;-;-;-;-;-;-;-;-;-;-;-;-;-;-;-;-;-;-;-;-;-;-;-;-;-;-;-;-;-;-;-;-;-;-;-;-;-;3
352070 INDIAPORA;-;-;6;-;-;-;-;-;-;-;-;-;-;-;-;-;-;-;-;-;-;-;-;-;-;-;-;-;-;-;-;-;-;-;-;-;-;-;-;-;-;-;-;-;-;-;-;-;-;-;-;-;-;-;-;-;-;-;-;-;-;-;6
352080 INUBIA PAULISTA;-;-;10;-;-;1;-;1;-;-;-;-;-;-;-;-;-;-;-;-;-;-;-;-;-;-;-;-;-;-;-;-;-;-;-;-;-;-;-;-;-;-;-;-;-;-;-;-;-;-;-;-;-;-;-;-;-;-;-;-;-;-;12
352090 IPAUSSU;-;1;3;-;1;-;-;1;1;-;-;-;-;-;-;-;-;-;-;-;-;-;-;-;-;-;-;-;1;-;-;-;-;-;-;-;-;-;-;-;-;-;-;-;-;-;-;-;-;1;-;-;-;-;-;-;-;-;-;-;-;-;9
352100 IPERO;-;-;12;-;1;1;-;3;2;1;-;-;-;-;-;-;-;-;-;-;-;-;-;-;-;-;-;-;-;-;-;-;-;-;-;1;-;-;-;-;-;-;-;-;-;-;-;-;-;1;-;-;-;1;-;-;-;-;-;-;-;-;23
352110 IPEUNA;-;-;38;-;1;1;-;2;-;-;-;-;-;-;-;-;-;-;1;-;-;-;-;-;-;-;-;-;-;-;-;-;-;-;-;-;-;-;-;-;-;-;-;-;-;-;-;-;-;1;-;-;-;-;-;-;-;-;-;-;-;1;45
352115 IPIGUA;-;-;10;-;-;2;-;1;-;-;-;-;-;-;-;-;-;-;1;-;-;-;-;-;-;-;-;-;-;-;-;-;-;-;-;-;-;-;-;-;-;-;-;-;-;-;-;-;-;-;-;-;-;-;-;-;-;-;-;-;-;-;14
352120 IPORANGA;-;-;4;-;-;2;-;-;-;-;-;-;-;-;-;-;-;-;1;-;-;-;-;-;-;-;-;-;-;-;-;-;-;-;-;-;-;-;-;-;-;-;-;-;-;-;-;-;-;-;-;-;-;-;-;-;-;-;-;-;-;-;7
352130 IPUA;-;1;9;-;2;2;-;-;-;-;-;-;-;-;-;-;-;-;-;-;-;-;-;-;-;-;-;-;-;-;-;-;-;-;-;1;-;-;-;-;-;-;-;-;-;-;-;-;-;1;-;-;-;-;-;-;-;-;-;-;-;-;16
352140 IRACEMAPOLIS;-;-;11;-;1;2;-;1;-;1;-;-;-;-;-;-;-;-;-;-;-;-;-;-;-;-;-;-;-;-;-;-;-;-;-;-;-;-;-;-;-;-;-;-;-;-;-;-;-;-;-;-;-;-;-;-;-;-;-;-;-;-;16
352150 IRAPUA;-;-;1;-;-;1;-;1;-;-;-;-;-;-;-;-;-;-;-;-;-;-;-;-;-;-;-;-;-;-;-;-;-;-;-;-;-;-;-;-;-;-;-;-;-;-;-;-;-;-;-;-;-;-;-;-;-;-;-;-;-;-;3
352160 IRAPURU;-;-;3;-;-;1;-;-;-;-;-;-;-;-;-;-;-;-;-;-;-;-;-;-;-;-;-;-;-;-;-;-;-;-;-;-;-;-;-;-;-;-;-;-;-;-;-;-;-;-;-;-;-;-;-;-;-;-;-;-;-;-;4
352170 ITABERA;2;1;8;-;-;-;-;-;2;1;-;-;-;-;-;-;-;-;1;-;-;-;-;-;-;-;-;-;-;-;-;-;-;-;-;-;-;-;-;-;-;-;-;-;-;-;-;-;-;-;-;-;-;-;-;-;-;-;-;-;-;-;15
352180 ITAI;-;-;4;-;-;2;-;-;-;-;-;-;-;-;-;-;-;-;2;-;-;-;-;-;-;-;-;-;-;-;-;-;-;-;-;-;-;-;-;-;-;-;-;-;-;-;-;-;-;-;-;-;-;-;-;-;-;-;-;-;-;-;8
352190 ITAJOBI;-;-;12;-;-;1;-;-;-;1;-;-;-;-;-;-;-;-;1;-;-;-;-;-;-;-;-;-;-;-;-;-;-;-;-;-;-;-;-;-;-;-;-;-;-;-;-;-;-;1;-;-;-;-;-;-;-;-;-;-;-;-;16
352200 ITAJU;-;-;2;-;-;-;-;-;-;-;-;-;-;-;-;-;-;-;-;-;-;-;-;-;-;-;-;-;-;-;-;-;-;-;-;-;-;-;-;-;-;-;-;-;-;-;-;-;-;-;-;-;-;-;-;-;-;-;-;-;-;-;2
352210 ITANHAEM;5;4;45;-;8;12;-;32;2;5;-;-;-;-;-;-;-;-;3;-;-;-;-;-;-;-;-;2;-;2;1;-;3;-;-;2;-;-;-;-;1;-;-;-;-;-;-;-;-;3;-;2;-;10;2;-;-;1;-;19;1;-;165
352220 ITAPECERICA DA SERRA;25;13;30;-;27;10;-;48;3;4;-;-;-;-;-;-;-;-;-;-;-;-;2;-;-;-;-;-;1;4;1;-;6;-;-;-;-;-;-;-;-;-;-;3;-;-;2;1;-;-;-;5;8;17;2;-;-;-;-;25;-;1;238
352230 ITAPETININGA;3;-;116;-;12;8;-;19;2;9;-;1;-;1;-;-;-;-;3;-;-;-;-;-;-;-;-;2;-;4;-;-;3;-;-;2;-;3;-;-;-;-;-;2;-;-;8;-;-;4;-;6;10;4;3;-;-;1;-;-;1;1;228
352240 ITAPEVA;4;2;58;-;6;10;-;27;1;6;-;-;1;-;-;-;-;-;5;-;-;-;-;-;-;-;-;1;-;-;-;-;-;-;-;1;-;-;-;-;-;-;-;2;-;-;1;-;-;1;-;4;2;-;2;-;-;-;-;-;-;-;134
352250 ITAPEVI;13;12;129;13;14;-;-;61;11;6;-;1;-;1;-;-;-;-;5;-;-;-;2;-;-;-;-;1;-;4;1;-;-;-;-;1;-;1;-;-;1;-;-;4;-;1;1;-;-;3;-;4;-;10;3;-;-;1;-;29;2;1;336
352260 ITAPIRA;5;1;40;-;7;10;-;9;6;2;-;-;-;-;-;-;-;-;3;-;-;-;-;-;-;-;-;1;-;-;-;-;-;-;-;-;-;-;-;-;-;-;-;-;-;-;-;-;-;2;1;-;-;-;-;-;1;-;-;14;1;-;103
352265 ITAPIRAPUA PAULISTA;-;-;1;-;-;2;-;-;-;-;-;-;-;-;-;-;-;-;-;-;-;-;-;-;-;-;-;-;-;-;-;-;-;-;-;-;-;-;-;-;-;-;-;-;-;-;-;-;-;-;-;-;-;-;-;-;-;-;-;-;-;-;3
352270 ITAPOLIS;1;-;29;-;1;1;-;4;-;-;-;-;-;-;-;-;-;-;1;-;-;-;-;-;-;-;-;-;-;1;-;-;-;-;-;-;-;-;-;-;-;-;-;-;-;-;-;-;-;1;-;1;-;5;-;-;-;-;-;-;-;-;45
352280 ITAPORANGA;-;-;8;-;-;-;-;1;-;-;-;-;-;-;-;-;-;-;-;-;-;-;-;-;-;-;-;-;-;-;-;-;-;-;-;-;-;-;-;-;-;-;-;-;-;-;-;-;-;-;-;-;-;-;-;-;-;-;-;-;-;-;9
352290 ITAPUI;-;-;13;-;-;2;-;1;-;1;-;-;-;-;-;-;-;-;2;-;-;-;-;-;-;-;-;-;-;-;-;-;-;-;-;-;-;-;-;-;-;-;-;-;-;-;-;-;-;-;-;1;-;-;-;-;-;-;-;-;-;-;20
352300 ITAPURA;-;-;1;-;-;-;-;-;-;-;-;-;-;-;-;-;-;-;-;-;-;-;-;-;-;-;-;-;-;-;-;-;-;-;-;-;-;-;-;-;-;-;-;-;-;-;-;-;-;-;-;-;-;-;-;-;-;-;-;-;-;-;1
352310 ITAQUAQUECETUBA;13;19;102;-;28;8;-;46;13;4;-;-;-;-;-;3;-;-;3;-;2;-;-;2;-;-;-;-;1;1;1;-;3;-;-;-;-;-;-;-;-;-;-;-;-;-;19;9;-;4;-;-;-;25;1;-;-;-;-;-;-;-;307
352320 ITARARE;-;-;33;-;1;1;-;3;-;-;-;-;-;-;-;-;-;-;1;-;-;-;-;-;-;-;-;-;-;-;-;-;-;-;-;-;-;-;-;-;-;-;-;-;-;-;-;-;-;-;-;1;-;2;-;-;-;-;-;-;-;-;42
352330 ITARIRI;-;-;5;-;-;2;-;1;2;-;-;-;-;-;-;-;-;-;-;-;-;-;-;-;-;-;-;-;-;-;-;-;-;-;-;-;-;-;-;-;-;-;-;-;-;-;-;-;-;-;-;-;-;-;-;-;-;-;-;-;-;-;10
352340 ITATIBA;7;6;71;-;8;20;1;25;4;5;-;-;2;-;5;-;-;-;7;-;-;-;-;-;-;-;-;3;1;-;-;-;-;-;-;3;-;3;-;-;-;-;-;-;-;-;3;-;-;6;1;6;2;5;1;-;-;1;-;2;1;-;199
352350 ITATINGA;-;-;9;-;-;-;-;-;1;-;-;-;-;-;-;-;-;-;-;-;-;-;-;-;-;-;-;-;-;-;-;-;-;-;-;-;-;-;-;-;-;-;-;-;-;-;-;-;-;-;-;-;-;-;-;-;-;-;-;-;-;-;10
352360 ITIRAPINA;-;-;21;-;-;3;-;3;-;1;-;-;-;-;-;-;-;-;1;-;-;-;-;-;-;-;-;-;-;-;-;-;-;-;-;-;-;-;-;-;-;-;-;-;-;-;-;-;-;-;-;-;-;1;-;-;-;-;-;-;-;-;30
352370 ITIRAPUA;-;-;4;-;-;1;-;1;-;-;-;-;-;-;-;-;-;-;-;-;-;-;-;-;-;-;-;-;-;-;-;-;-;-;-;-;-;-;-;-;-;-;-;-;-;-;-;-;-;-;-;-;-;-;-;-;-;-;-;-;-;-;6
352380 ITOBI;-;-;4;-;-;-;-;1;-;-;-;-;-;-;-;-;-;-;-;-;-;-;-;-;-;-;-;-;-;-;-;-;-;-;-;-;-;-;-;-;-;-;-;-;-;-;-;-;-;-;-;-;-;-;-;-;-;-;-;-;-;-;5
352390 ITU;7;4;197;2;22;-;-;72;9;7;-;3;2;-;-;-;-;-;16;-;1;-;-;3;-;-;-;6;2;1;-;-;5;-;-;3;-;4;-;-;-;-;3;4;1;-;4;1;-;9;-;2;-;7;2;-;-;2;-;1;3;2;407
352400 ITUPEVA;-;-;47;-;4;4;-;35;3;4;-;-;-;-;-;-;-;-;2;-;-;-;-;-;-;-;-;-;-;1;-;-;-;-;-;1;-;1;-;-;-;-;-;-;-;-;2;-;-;3;-;1;1;1;1;-;-;-;-;-;1;-;112
352410 ITUVERAVA;1;-;57;-;1;6;-;3;-;6;-;-;-;2;-;-;-;-;8;-;-;-;-;-;-;-;-;-;-;-;-;-;-;-;-;-;-;-;-;-;-;-;-;1;-;1;2;-;-;7;-;1;-;1;1;-;1;1;-;-;-;1;101
352420 JABORANDI;-;-;4;-;-;2;-;1;-;-;-;-;-;-;-;-;-;-;-;-;-;-;-;-;-;-;-;-;-;-;-;-;-;-;-;-;-;-;-;-;-;-;-;-;-;-;-;-;-;-;-;-;-;-;-;-;-;-;-;-;-;-;7
352430 JABOTICABAL;2;7;125;4;8;-;-;10;3;7;-;-;-;-;1;-;-;-;2;-;-;-;-;-;-;-;-;1;-;-;-;-;2;-;-;-;1;-;-;-;2;-;-;3;-;-;2;-;-;15;-;2;-;1;1;-;-;-;-;-;-;1;200
352440 JACAREI;7;7;239;11;40;25;1;69;6;42;1;-;2;-;-;-;-;-;7;-;1;1;1;-;1;-;-;1;-;-;-;-;-;1;-;1;-;1;-;-;6;-;-;1;-;-;4;-;-;6;-;10;5;13;3;-;-;-;-;-;-;1;514
352450 JACI;1;-;13;-;1;1;-;-;6;-;-;-;-;1;-;-;-;-;1;-;-;-;-;-;-;-;-;-;-;-;-;-;-;-;-;-;-;-;-;-;-;-;-;2;-;-;-;-;-;-;-;-;-;-;-;-;-;-;-;-;-;-;26
352460 JACUPIRANGA;-;-;4;-;1;3;-;-;1;-;-;-;-;-;-;-;-;-;1;-;-;-;-;-;-;-;-;-;-;-;-;-;-;-;-;-;-;-;-;-;-;-;-;-;-;-;-;-;-;-;-;-;-;-;-;-;-;-;-;-;-;-;10
352470 JAGUARIUNA;3;2;128;9;6;2;-;50;3;2;-;1;1;-;-;-;-;-;2;-;-;-;-;-;-;-;-;-;-;1;-;-;-;-;-;-;-;-;-;-;-;-;-;1;-;-;-;-;-;-;1;4;-;2;-;-;-;-;-;9;-;-;227
352480 JALES;2;2;74;-;2;7;-;6;2;10;1;2;-;2;-;-;-;-;7;-;-;-;-;-;-;-;-;1;-;1;-;-;1;1;-;-;-;1;-;-;-;-;-;1;-;-;1;-;-;1;-;1;2;-;-;-;-;-;-;-;-;-;128
352490 JAMBEIRO;-;-;3;-;-;1;-;-;-;-;-;-;-;-;-;-;-;-;1;-;-;-;-;-;-;-;-;-;-;-;-;-;-;-;-;-;-;-;-;-;-;-;-;-;-;-;-;-;-;-;-;-;-;-;-;-;-;-;-;-;-;-;5
352500 JANDIRA;-;-;7;-;-;20;-;4;1;-;-;-;-;-;-;-;-;-;2;-;-;-;-;-;-;-;-;2;-;-;-;-;-;-;-;-;-;-;-;-;-;-;-;-;-;-;-;-;-;2;-;1;-;3;-;-;-;-;-;-;-;-;42
352510 JARDINOPOLIS;-;-;34;4;1;3;-;7;2;2;-;-;-;-;2;-;-;-;2;-;-;-;-;-;-;-;-;-;-;-;-;-;-;-;-;-;-;-;-;-;-;-;-;-;-;-;2;-;-;1;-;2;-;1;1;-;-;-;-;-;-;-;64
352520 JARINU;-;-;9;-;-;4;-;4;1;-;-;-;-;-;-;-;-;-;-;-;-;-;-;-;-;-;-;-;-;-;-;-;-;-;-;-;-;-;-;-;-;-;-;1;-;-;-;-;-;-;-;-;-;-;-;-;-;-;-;-;-;-;19
352530 JAU;20;5;177;1;4;6;-;20;2;25;-;-;-;1;-;1;-;-;13;-;-;-;1;1;-;-;-;3;-;1;-;-;-;3;-;2;-;2;-;-;1;-;-;5;-;-;4;-;-;12;-;4;80;-;2;-;-;-;-;52;-;1;449
352540 JERIQUARA;-;-;-;-;1;-;-;-;-;-;-;-;-;-;-;-;-;-;-;-;-;-;-;-;-;-;-;-;-;-;-;-;-;-;-;-;-;-;-;-;-;-;-;-;-;-;-;-;-;-;-;-;-;-;-;-;-;-;-;-;-;-;1
352550 JOANOPOLIS;-;-;10;-;-;2;-;1;-;-;-;-;-;-;-;-;-;-;-;-;-;-;-;-;-;-;-;-;-;-;-;-;-;-;-;-;-;-;-;-;-;-;-;-;-;-;-;-;-;-;-;-;-;-;-;-;-;-;-;-;-;-;13
352560 JOAO RAMALHO;-;-;-;-;-;3;-;-;-;-;-;-;-;-;-;-;-;-;1;-;-;-;-;-;-;-;-;-;-;-;-;-;-;-;-;-;-;-;-;-;-;-;-;-;-;-;-;-;-;-;-;-;-;-;-;-;-;-;-;-;-;-;4
352570 JOSE BONIFACIO;1;1;13;-;-;3;-;4;3;1;-;-;-;-;-;-;-;-;1;-;-;-;-;-;-;-;-;2;-;-;-;-;-;-;-;-;-;-;-;-;-;-;-;-;-;-;-;-;-;1;-;1;-;1;-;-;-;-;-;-;-;-;32
352580 JULIO MESQUITA;-;-;1;-;1;1;-;1;-;-;-;-;-;-;-;-;-;-;-;-;-;-;-;-;-;-;-;-;-;-;-;-;-;-;-;-;-;-;-;-;-;-;-;-;-;-;-;-;-;-;-;-;-;-;-;-;-;-;-;-;-;-;4
352585 JUMIRIM;-;-;2;-;-;-;-;1;-;-;-;-;-;-;-;-;-;-;-;-;-;-;-;-;-;-;-;-;-;-;-;-;-;-;-;-;-;-;-;-;-;-;-;-;-;-;-;-;-;-;-;-;-;-;-;-;-;-;-;-;-;-;3
352590 JUNDIAI;24;13;396;7;57;20;-;116;15;11;-;1;3;1;10;3;-;1;22;1;1;-;-;2;1;-;-;3;2;1;1;-;5;1;-;5;-;1;-;2;1;-;1;12;6;-;11;-;-;16;-;23;5;16;7;-;-;2;1;212;-;3;1042
352600 JUNQUEIROPOLIS;-;1;15;-;-;5;-;-;-;-;-;-;-;-;1;-;-;-;-;-;-;-;-;-;-;-;-;-;-;-;-;-;-;-;-;-;-;-;-;-;-;-;-;-;-;-;-;-;-;-;-;-;-;1;-;-;-;-;-;-;-;-;23
352610 JUQUIA;-;-;13;-;-;3;-;1;-;-;-;-;-;-;-;-;-;-;-;-;-;-;-;-;-;-;-;-;-;-;-;-;-;-;-;-;-;-;-;-;-;-;-;-;-;-;-;-;-;-;-;-;-;-;-;-;-;-;-;-;-;-;17
352620 JUQUITIBA;-;-;10;-;1;6;-;-;2;-;-;-;-;-;-;-;-;-;1;-;-;-;-;-;-;-;-;-;-;1;-;-;-;-;-;-;-;-;-;-;-;-;-;-;-;-;-;-;-;-;-;-;-;-;-;-;-;-;-;-;-;-;21
352630 LAGOINHA;-;-;-;-;-;-;-;-;1;-;-;-;-;-;-;-;-;-;1;-;-;-;-;-;-;-;-;-;-;-;-;-;-;-;-;-;-;-;-;-;-;-;-;-;-;-;-;-;-;-;-;-;-;1;-;-;-;-;-;-;-;-;3
352640 LARANJAL PAULISTA;1;-;20;-;1;1;-;5;-;2;-;1;-;-;-;-;-;-;1;-;-;-;-;-;-;-;-;-;-;-;-;-;-;-;-;-;-;-;-;-;-;-;-;-;-;-;-;-;-;-;-;1;-;-;-;-;-;1;-;-;-;-;34
352650 LAVINIA;-;-;4;-;-;3;-;-;-;-;-;-;-;-;-;-;-;-;-;-;-;-;-;-;-;-;-;-;-;-;-;-;-;-;-;-;-;-;-;-;-;-;-;-;-;-;-;-;-;-;-;-;-;-;-;-;-;-;-;-;-;-;7
352660 LAVRINHAS;-;-;-;-;-;2;-;-;-;-;-;-;-;-;-;-;-;-;-;-;-;-;-;-;-;-;-;-;-;-;-;-;-;-;-;-;-;-;-;-;-;-;-;-;-;-;-;-;-;-;-;-;-;-;-;-;-;-;-;-;-;-;2
352670 LEME;1;1;74;1;1;4;-;5;3;4;-;-;-;-;2;-;-;-;4;-;-;-;-;-;-;-;-;1;-;-;-;-;-;-;-;-;-;-;-;-;-;-;-;1;-;-;4;-;-;3;-;5;-;-;-;-;-;-;-;-;-;-;114
352680 LENCOIS PAULISTA;-;-;68;-;2;13;-;8;-;4;1;-;-;-;-;-;-;-;1;-;-;-;-;-;-;-;-;1;-;-;-;-;-;-;-;-;-;1;-;-;-;-;-;1;-;-;-;-;-;2;-;1;-;-;-;-;-;-;-;-;1;-;104
352690 LIMEIRA;6;5;211;1;3;23;-;67;6;11;-;-;-;2;4;-;-;-;15;-;1;-;-;2;-;-;-;1;1;2;2;-;-;-;-;1;-;1;-;-;-;-;-;1;-;1;8;-;1;9;-;13;3;1;1;-;-;-;-;96;3;-;502
352700 LINDOIA;-;-;9;-;1;1;-;-;3;2;-;-;-;-;-;-;-;-;1;-;-;-;-;-;-;-;-;1;-;-;-;-;-;-;-;1;-;-;-;-;-;-;-;-;-;-;-;-;-;-;-;1;-;-;-;-;-;-;-;-;-;-;20
352710 LINS;1;1;70;1;5;2;-;12;3;1;-;-;-;-;1;-;-;-;4;-;-;-;-;-;-;-;-;1;1;-;-;1;-;-;-;1;-;-;-;-;-;-;-;1;-;-;-;-;-;-;-;1;-;2;1;-;-;-;-;-;-;-;110
352720 LORENA;4;6;40;-;10;7;-;21;1;17;-;-;-;-;1;-;-;-;5;-;-;-;-;-;-;-;-;2;1;-;1;-;1;-;-;-;-;-;-;-;-;-;-;1;-;-;1;1;-;-;-;2;-;1;3;-;-;-;-;-;2;-;128
352725 LOURDES;-;-;1;-;-;-;-;-;-;-;-;-;-;-;-;-;-;-;-;-;-;-;-;-;-;-;-;-;-;-;-;-;-;-;-;-;-;-;-;-;-;-;-;-;-;-;-;-;-;-;-;-;-;-;-;-;-;-;-;-;-;-;1
352730 LOUVEIRA;2;2;28;1;3;-;-;13;1;2;-;-;1;-;-;-;-;-;3;-;-;-;-;-;-;-;-;-;1;-;-;-;-;-;-;-;-;-;-;-;-;-;-;2;-;-;-;-;-;-;-;1;-;-;-;-;-;-;-;-;-;-;60
352740 LUCELIA;-;-;10;-;-;-;-;-;-;-;-;-;-;-;-;-;-;-;-;-;-;-;-;-;-;-;-;-;-;-;-;-;-;-;-;-;-;-;-;-;-;-;-;-;-;-;-;-;-;-;-;-;-;-;-;-;-;-;-;-;-;-;10
352750 LUCIANOPOLIS;-;-;1;-;-;-;-;-;-;-;-;-;-;-;-;-;-;-;-;-;-;-;-;-;-;-;-;-;-;-;-;-;-;-;-;-;-;-;-;-;-;-;-;-;-;-;-;-;-;-;-;-;-;-;-;-;-;-;-;-;-;-;1
352760 LUIS ANTONIO;-;-;8;-;-;-;-;1;-;-;-;-;-;-;-;-;-;-;1;-;-;-;-;-;-;-;-;-;-;-;-;-;-;-;-;-;-;-;-;-;-;-;-;-;-;-;-;-;-;1;1;-;-;-;-;-;-;-;-;-;-;-;12
352770 LUIZIANIA;-;-;2;-;-;-;-;-;-;-;-;-;-;-;-;-;-;-;-;-;-;-;-;-;-;-;-;-;-;-;-;-;-;-;-;-;-;-;-;-;-;-;-;-;-;-;-;-;-;-;-;-;-;-;-;-;-;-;-;-;-;-;2
352780 LUPERCIO;-;-;1;-;-;-;-;1;-;-;-;-;-;-;-;-;-;-;-;-;-;-;-;-;-;-;-;-;-;-;-;-;-;-;-;-;-;-;-;-;-;-;-;-;-;-;-;-;-;-;-;-;-;-;-;-;-;-;-;-;-;-;2
352790 LUTECIA;-;-;-;-;-;-;-;-;-;-;-;-;-;-;-;-;-;-;-;-;-;-;-;-;-;-;-;-;1;-;-;-;-;-;-;-;-;-;-;-;-;-;-;-;-;-;-;-;-;-;-;-;-;-;-;-;-;-;-;-;-;-;1
352800 MACATUBA;1;-;6;-;-;2;-;1;-;-;-;-;-;-;-;-;-;-;-;-;-;-;-;-;-;-;-;-;-;-;-;-;-;-;-;-;-;-;-;-;-;-;-;-;-;-;-;-;-;-;-;-;-;-;-;-;-;-;-;-;-;-;10
352810 MACAUBAL;-;-;3;-;1;1;-;-;-;-;-;-;-;-;-;-;-;-;-;-;-;-;-;-;-;-;-;-;-;-;-;-;-;-;-;-;-;-;-;-;-;-;-;-;-;-;-;-;-;-;-;-;-;-;-;-;-;-;-;-;-;-;5
352820 MACEDONIA;-;-;1;-;-;1;-;-;-;-;-;-;-;-;-;-;-;-;-;-;-;-;-;-;-;-;-;-;-;-;-;-;-;-;-;-;-;-;-;-;-;-;-;-;-;-;-;-;-;-;-;-;-;-;-;-;-;-;-;-;-;-;2
352830 MAGDA;-;-;-;1;-;1;-;1;-;-;-;-;-;-;-;-;-;-;-;-;-;-;-;-;-;-;-;-;-;-;-;-;-;-;-;-;-;-;-;-;-;-;-;-;-;-;-;-;-;-;-;-;-;-;-;-;-;-;-;-;-;-;3
352840 MAIRINQUE;-;-;25;-;1;3;-;2;-;-;-;-;-;-;-;-;-;-;-;-;-;-;-;-;-;-;-;-;1;-;-;-;-;-;-;-;-;-;-;-;-;-;-;-;-;-;-;-;-;1;-;-;-;-;-;-;-;-;-;-;-;-;33
352850 MAIRIPORA;-;-;53;-;7;4;-;11;1;3;-;-;-;-;-;-;-;-;2;-;-;-;-;-;-;-;-;1;-;-;-;-;-;-;-;-;1;-;-;-;-;-;-;1;-;-;-;-;-;-;-;-;-;2;-;-;-;-;-;-;-;1;87
352860 MANDURI;-;-;7;-;-;1;-;1;-;-;-;-;-;-;-;-;-;-;-;-;-;-;-;-;-;-;-;-;-;-;-;-;-;-;-;-;-;-;-;-;-;-;-;-;-;-;-;-;-;-;-;-;-;-;-;-;-;-;-;-;-;-;9
352870 MARABA PAULISTA;-;-;3;-;-;1;-;-;-;-;-;-;-;-;-;-;-;-;-;-;-;-;-;-;-;-;-;-;-;-;-;-;-;-;-;-;-;-;-;-;-;-;-;-;-;-;-;-;-;-;-;-;-;-;-;-;-;-;-;-;-;-;4
352880 MARACAI;-;-;6;-;-;2;-;-;-;1;-;-;-;-;-;-;-;-;1;-;-;-;-;-;-;-;-;-;-;1;-;-;-;-;-;-;-;-;-;-;-;-;-;-;-;-;-;-;-;-;-;-;-;-;-;-;-;-;-;-;-;-;11
352885 MARAPOAMA;-;-;6;-;-;-;-;-;-;-;-;-;-;-;-;-;-;-;-;-;-;-;-;-;-;-;-;-;-;-;-;-;-;-;-;-;-;-;-;-;-;-;-;-;-;-;-;-;-;-;-;-;-;-;-;-;-;-;-;-;-;-;6
352890 MARIAPOLIS;-;-;-;-;-;1;-;-;1;-;-;-;-;-;-;-;-;-;-;-;-;-;-;-;-;-;-;-;-;-;-;-;-;-;-;-;-;-;-;-;-;-;-;-;-;-;-;-;-;-;-;-;-;-;-;-;-;-;-;-;-;-;2
352900 MARILIA;33;13;299;1;26;38;-;123;24;30;1;2;1;3;2;2;-;3;63;-;3;2;1;11;1;-;-;6;1;3;-;-;6;-;1;10;2;6;-;3;3;-;-;6;-;-;9;4;-;25;1;38;18;33;13;-;-;2;1;106;3;2;984
352910 MARINOPOLIS;-;-;2;-;-;-;-;-;-;-;-;-;-;-;-;-;-;-;-;-;-;-;-;-;-;-;-;-;-;-;-;-;-;-;-;-;-;-;-;-;-;-;-;-;-;-;-;-;-;-;-;-;-;-;-;-;-;-;-;-;-;-;2
352920 MARTINOPOLIS;-;-;16;-;-;4;-;4;4;-;-;-;-;-;-;-;-;-;3;-;-;-;-;-;-;-;-;-;-;-;-;-;-;-;-;-;-;1;-;-;-;-;-;-;-;-;-;-;-;1;-;-;-;2;-;-;-;-;-;-;-;-;35
352930 MATAO;6;-;92;1;2;9;-;9;1;7;-;-;-;-;3;3;-;-;12;-;-;-;-;-;-;-;-;-;-;-;1;-;-;-;-;-;-;-;-;-;-;-;-;2;-;-;2;-;-;4;-;-;1;-;1;-;-;1;-;2;-;-;159
352940 MAUA;21;20;181;1;50;39;-;74;14;8;-;2;-;1;-;-;-;-;7;-;-;-;2;1;-;-;-;5;1;-;-;-;-;-;-;2;-;2;-;-;-;-;-;2;-;-;4;-;-;6;1;10;-;46;1;-;-;1;-;82;-;5;589
352950 MENDONCA;-;-;2;-;-;-;-;-;-;-;-;-;-;-;-;-;-;-;1;-;-;-;-;-;-;-;-;-;-;-;-;-;-;-;-;-;-;-;-;-;-;-;-;-;-;-;-;-;-;-;-;-;-;-;-;-;-;-;-;-;-;-;3
352960 MERIDIANO;-;-;2;-;-;-;-;-;-;-;-;-;-;-;-;-;-;-;-;-;-;-;-;-;-;-;-;-;-;-;-;-;-;-;-;-;-;-;-;-;-;-;-;-;-;-;-;-;-;-;-;-;-;-;-;-;-;-;-;-;-;-;2
352965 MESOPOLIS;-;-;-;-;-;-;-;1;-;-;-;-;-;-;-;-;-;-;-;-;-;-;-;-;-;-;-;-;-;-;-;-;-;-;-;-;-;-;-;-;-;-;-;-;-;-;-;-;-;-;-;-;-;-;-;-;-;-;-;-;-;-;1
352970 MIGUELOPOLIS;-;1;12;-;-;2;-;1;-;1;-;-;-;-;-;-;-;-;-;-;-;-;-;-;-;-;-;-;-;-;-;-;-;-;-;-;-;-;-;-;-;-;-;-;-;-;-;-;-;-;-;-;-;-;-;-;-;-;-;-;-;-;17
352980 MINEIROS DO TIETE;-;-;5;-;-;4;-;1;-;-;-;-;-;-;-;-;-;-;-;-;-;-;-;-;-;-;-;-;-;-;-;-;-;-;-;-;-;-;-;-;-;-;-;-;-;-;-;-;-;1;-;-;-;-;-;-;-;-;-;-;-;-;11
352990 MIRACATU;-;-;3;-;-;2;-;1;1;-;-;-;-;-;-;-;-;-;1;-;-;-;-;-;-;-;-;-;-;-;-;-;-;-;-;-;-;-;-;-;-;-;-;-;-;-;-;-;-;-;-;-;-;-;-;-;-;-;-;-;-;-;8
353000 MIRA ESTRELA;-;-;3;-;-;1;-;-;-;-;-;-;-;-;-;-;-;-;-;-;-;-;-;-;-;-;-;-;-;-;-;-;-;-;-;-;-;-;-;-;-;-;-;-;-;-;-;-;-;-;-;-;-;-;-;-;-;-;-;-;-;-;4
353010 MIRANDOPOLIS;-;-;13;-;-;2;-;1;-;-;-;-;-;-;-;-;-;-;-;-;-;-;-;-;-;-;-;-;-;-;-;-;1;-;-;-;-;-;-;-;-;-;-;-;-;-;-;-;-;-;-;-;-;1;-;-;-;-;-;-;-;-;18
353020 MIRANTE DO PARANAPANEMA;-;-;20;-;1;6;-;1;1;-;-;-;-;-;-;-;-;-;1;-;-;-;-;-;-;-;-;-;-;-;-;-;-;-;-;-;-;-;-;-;-;-;-;-;-;-;-;-;-;2;-;-;-;-;-;-;-;-;-;-;-;-;32
353030 MIRASSOL;1;-;25;-;3;-;-;11;-;2;-;-;-;-;-;-;-;-;-;-;-;-;-;-;-;-;-;-;-;-;-;-;-;-;-;-;-;-;-;-;-;-;-;-;-;-;-;-;-;-;-;1;-;3;-;-;-;-;-;-;-;-;46
353040 MIRASSOLANDIA;-;-;4;-;-;1;-;-;-;-;-;-;-;-;-;-;-;-;-;-;-;-;-;-;-;-;-;-;-;-;-;-;-;-;-;-;-;-;-;-;-;-;-;-;-;-;-;-;-;-;-;-;-;-;-;-;-;-;-;-;-;-;5
353050 MOCOCA;-;-;61;1;3;6;-;11;2;3;1;-;-;-;-;-;-;-;4;-;-;-;-;-;-;-;-;1;-;-;-;-;-;-;-;-;-;-;-;-;-;-;-;3;-;-;3;-;-;2;1;1;-;1;-;-;-;-;-;-;-;-;104
353060 MOGI DAS CRUZES;21;18;293;-;23;9;-;74;8;15;2;-;-;-;-;-;-;-;30;-;1;-;1;1;-;-;-;3;3;2;1;-;5;-;-;1;-;2;-;-;1;1;-;7;-;1;8;2;-;6;1;12;5;8;3;-;-;1;2;107;1;2;681
353070 MOGI GUACU;-;17;124;2;11;7;-;20;1;6;-;1;-;2;3;-;-;-;3;-;-;1;-;-;-;-;-;-;1;1;-;-;-;-;-;1;-;3;-;-;-;-;-;2;-;-;4;-;-;6;-;5;5;6;1;-;-;-;2;-;-;1;236
353080 MOGI MIRIM;5;-;27;-;3;5;-;3;-;5;-;-;-;2;-;-;-;-;2;-;-;-;-;-;-;-;-;-;-;1;-;-;1;-;-;-;3;-;-;-;-;-;-;1;-;-;2;-;-;-;-;1;-;2;-;-;-;1;-;-;-;-;64
353090 MOMBUCA;-;-;2;-;-;-;-;1;-;-;-;-;-;-;-;-;-;-;-;-;-;-;-;-;-;-;-;-;-;-;-;-;-;-;-;-;-;-;-;-;-;-;-;-;-;-;-;-;-;-;-;-;-;-;-;-;-;-;-;-;-;-;3
353100 MONCOES;-;-;2;-;-;1;-;-;-;-;-;-;-;-;-;-;-;-;-;-;-;-;-;-;-;-;-;-;-;-;-;-;-;-;-;-;-;-;-;-;-;-;-;-;-;-;-;-;-;-;-;-;-;-;-;-;-;-;-;-;-;-;3
353110 MONGAGUA;-;-;23;-;5;4;-;15;1;1;-;-;-;-;1;-;-;-;1;-;-;-;-;-;-;-;-;-;1;-;-;-;-;-;-;-;-;-;-;-;-;-;-;-;-;-;-;-;-;1;-;-;1;1;1;-;-;-;-;-;-;-;56
353120 MONTE ALEGRE DO SUL;-;-;3;-;-;-;-;1;-;-;-;-;-;-;-;-;-;-;-;-;-;-;-;-;-;-;-;-;-;-;-;-;-;-;-;-;-;-;-;-;-;-;-;-;-;-;-;-;-;-;-;-;-;-;-;-;-;-;-;-;-;-;4
353130 MONTE ALTO;1;-;27;-;-;3;-;3;-;-;-;-;-;-;1;-;-;-;4;-;-;-;-;-;-;-;-;1;-;-;-;-;-;-;-;-;-;-;-;-;-;-;-;-;-;-;1;-;-;1;-;1;-;-;-;-;-;-;-;-;-;-;43
353140 MONTE APRAZIVEL;-;-;13;-;2;1;-;3;-;-;-;-;-;-;-;-;-;-;1;-;-;-;-;-;-;-;-;-;-;-;-;-;-;-;-;-;-;-;-;-;-;-;-;-;-;-;-;-;-;-;-;-;-;-;-;-;-;-;-;-;-;-;20
353150 MONTE AZUL PAULISTA;-;-;7;-;-;2;-;5;-;2;-;-;-;-;-;-;-;-;-;-;-;-;-;-;-;-;-;-;-;-;-;-;-;-;-;-;-;-;-;-;-;-;-;-;-;-;-;-;-;1;-;1;-;1;-;-;-;-;-;-;-;-;19
353160 MONTE CASTELO;-;-;9;-;-;-;-;-;-;-;-;-;-;-;-;-;-;-;-;-;-;-;-;-;-;-;-;-;-;-;-;-;-;-;-;-;-;-;-;-;-;-;-;-;-;-;-;-;-;-;-;-;-;-;-;-;-;-;-;-;-;-;9
353170 MONTEIRO LOBATO;-;-;6;-;-;-;-;1;2;-;-;-;-;-;-;-;-;-;-;-;-;-;-;-;-;-;-;-;-;-;-;-;-;-;-;-;-;-;-;-;-;-;-;-;-;-;-;-;-;-;-;-;-;-;-;-;-;-;-;-;-;-;9
353180 MONTE MOR;-;-;11;-;1;7;-;10;1;-;-;-;-;-;1;-;-;-;-;-;-;-;-;-;-;-;-;1;-;-;-;-;-;-;-;-;-;-;-;-;-;-;-;-;-;-;-;-;-;-;-;-;-;2;-;-;-;1;-;-;-;-;35
353190 MORRO AGUDO;2;-;26;-;1;4;-;3;2;1;-;-;-;-;-;-;-;-;1;-;-;-;-;-;-;-;-;1;-;-;-;-;-;-;-;-;-;-;-;-;-;-;-;-;-;-;-;-;-;-;-;-;-;1;1;-;-;-;-;4;-;-;47
353200 MORUNGABA;-;-;7;-;-;3;-;-;-;-;-;-;-;-;-;-;-;-;-;-;-;-;-;-;-;-;-;-;-;-;-;-;-;-;-;-;-;-;-;-;-;-;-;-;-;-;-;-;-;-;-;-;-;-;-;-;-;-;-;-;-;-;10
353205 MOTUCA;-;-;2;-;-;-;-;-;-;-;-;-;-;-;-;-;-;-;-;-;-;-;-;-;-;-;-;-;-;-;-;-;-;-;-;-;-;-;-;-;-;-;-;-;-;-;-;-;-;-;-;-;-;-;-;-;-;-;-;-;-;-;2
353210 MURUTINGA DO SUL;-;-;1;-;-;1;-;-;-;-;-;-;-;-;-;-;-;-;-;-;-;-;-;-;-;-;-;-;-;-;-;-;-;-;-;-;-;-;-;-;-;-;-;-;-;-;-;-;-;-;-;-;-;-;-;-;-;-;-;-;-;-;2
353215 NANTES;-;-;2;-;-;1;-;-;-;-;-;-;-;-;-;-;-;-;-;-;-;-;-;-;-;-;-;-;-;-;-;-;-;-;-;-;-;-;-;-;-;-;-;-;-;-;-;-;-;-;-;-;-;-;-;-;-;-;-;-;-;-;3
353220 NARANDIBA;-;-;5;-;-;-;-;-;1;-;-;-;-;-;-;-;-;-;-;-;-;-;-;-;-;-;-;-;1;-;-;-;-;-;-;-;-;-;-;-;-;-;-;-;-;-;-;-;-;-;-;-;-;-;-;-;-;-;-;-;-;-;7
353230 NATIVIDADE DA SERRA;-;-;2;-;1;1;-;1;-;-;-;-;-;-;-;-;-;-;1;-;-;-;-;-;-;-;-;-;-;-;-;-;-;-;-;-;-;-;-;-;-;-;-;-;-;-;-;-;-;-;-;-;-;-;-;-;-;-;-;-;-;-;6
353240 NAZARE PAULISTA;-;-;8;-;-;1;-;2;-;-;-;-;-;-;-;-;-;-;-;-;-;-;-;-;-;-;-;-;-;-;-;-;-;-;-;-;-;-;-;-;-;-;-;-;-;-;-;-;-;-;-;-;-;-;-;-;-;-;-;-;-;-;11
353250 NEVES PAULISTA;-;-;8;-;-;-;-;1;-;-;-;-;-;-;-;-;-;-;-;-;-;-;-;-;-;-;-;-;-;-;-;-;-;-;-;-;-;-;-;-;-;-;-;-;-;-;-;-;-;-;-;-;-;-;-;-;-;-;-;-;-;-;9
353260 NHANDEARA;-;-;8;-;-;2;-;4;1;-;-;-;-;-;-;-;-;-;1;-;-;-;-;-;-;-;-;-;-;-;-;-;-;-;-;-;-;-;-;-;-;-;-;-;-;-;-;-;-;-;-;-;-;-;-;-;-;-;-;-;-;-;16
353270 NIPOA;-;-;8;-;-;-;-;-;-;-;-;-;-;-;-;-;-;-;-;-;-;-;-;-;-;-;-;-;-;-;-;-;-;-;-;-;-;-;-;-;-;-;-;-;-;-;-;-;-;-;-;-;-;-;-;-;-;-;-;-;-;-;8
353280 NOVA ALIANCA;-;-;13;-;1;2;-;2;-;-;-;-;-;-;-;-;-;-;-;-;-;-;-;-;-;-;-;-;-;-;-;-;-;-;-;-;-;-;-;-;-;-;-;-;-;-;-;-;-;-;-;-;-;-;-;-;-;-;-;-;-;-;18
353282 NOVA CAMPINA;-;-;1;-;-;3;-;-;-;-;-;-;-;-;-;-;-;-;-;-;-;-;-;-;-;-;-;-;-;-;-;-;-;-;-;-;-;-;-;-;-;-;-;-;-;-;-;-;-;-;-;-;-;-;-;-;-;-;-;-;-;-;4
353284 NOVA CANAA PAULISTA;-;-;-;-;1;-;-;1;-;-;-;-;-;-;-;-;-;-;-;-;-;-;-;-;-;-;-;-;-;-;-;-;-;-;-;-;-;-;-;-;-;-;-;-;-;-;-;-;-;-;-;-;-;-;-;-;-;-;-;-;-;-;2
353286 NOVA CASTILHO;-;-;1;-;-;1;-;-;-;-;-;-;-;-;-;-;-;-;-;-;-;-;-;-;-;-;-;-;-;-;-;-;-;-;-;-;-;-;-;-;-;-;-;-;-;-;-;-;-;-;-;-;-;-;-;-;-;-;-;-;-;-;2
353290 NOVA EUROPA;-;-;3;-;-;2;-;1;-;-;-;-;-;-;-;-;-;-;1;-;-;-;-;-;-;-;-;-;-;-;-;-;-;-;-;-;-;-;-;-;-;-;-;-;-;-;-;-;-;-;-;-;-;-;-;-;-;-;-;-;-;-;7
353300 NOVA GRANADA;-;-;8;-;-;-;-;2;-;-;-;-;-;-;-;-;-;-;1;-;-;-;-;-;-;-;-;-;-;-;-;-;-;-;-;-;-;-;-;-;-;-;-;-;-;-;-;-;-;-;-;-;-;1;-;-;-;-;-;-;-;-;12
353310 NOVA GUATAPORANGA;-;-;-;-;-;-;-;1;-;-;-;-;-;-;-;-;-;-;-;-;-;-;-;-;-;-;-;-;-;-;-;-;-;-;-;-;-;-;-;-;-;-;-;-;-;-;-;-;-;-;-;-;-;-;-;-;-;-;-;-;-;-;1
353320 NOVA INDEPENDENCIA;-;-;2;-;-;1;-;1;-;-;-;-;-;-;-;-;-;-;-;-;-;-;-;-;-;-;-;-;-;-;-;-;-;-;-;-;-;-;-;-;-;-;-;-;-;-;-;-;-;-;-;-;-;-;-;-;-;-;-;-;-;-;4
353325 NOVAIS;-;-;1;-;1;-;-;-;-;-;-;-;-;-;-;-;-;-;-;-;-;-;-;-;-;-;-;-;-;-;-;-;-;-;-;-;-;-;-;-;-;-;-;-;-;-;-;-;-;-;-;-;-;-;-;-;-;-;-;-;-;-;2
353330 NOVA LUZITANIA;-;-;2;-;-;-;-;-;-;-;-;-;-;-;-;-;-;-;-;-;-;-;-;-;-;-;-;-;-;-;-;-;-;-;-;-;-;-;-;-;-;-;-;-;-;-;-;-;-;-;-;-;-;-;-;-;-;-;-;-;-;-;2
353340 NOVA ODESSA;2;-;31;6;-;-;1;7;1;-;-;-;-;-;-;-;-;-;-;-;-;-;-;-;-;-;-;1;2;-;-;-;-;-;-;-;-;-;-;-;-;-;-;-;-;-;-;-;-;1;-;1;-;-;-;-;-;-;-;-;-;-;53
353350 NOVO HORIZONTE;2;1;39;-;4;-;1;4;1;1;-;-;-;-;-;-;-;-;1;-;-;-;-;-;-;-;-;-;-;1;-;-;-;-;-;-;-;-;-;-;-;-;-;-;-;-;-;-;-;-;-;2;-;2;-;-;-;-;-;-;-;-;59
353360 NUPORANGA;-;-;1;-;1;3;-;1;-;-;-;-;-;-;-;-;-;-;-;-;-;-;-;-;-;-;-;-;-;-;-;-;-;-;-;-;-;-;-;-;-;-;-;-;-;-;-;-;-;-;-;-;-;-;-;-;-;-;-;-;-;-;6
353370 OCAUCU;-;-;1;-;-;-;-;-;-;-;-;-;-;-;-;-;-;-;-;-;-;-;-;-;-;-;-;-;-;-;-;-;-;-;-;-;-;-;-;-;-;-;-;-;-;-;-;-;-;-;-;-;-;-;-;-;-;-;-;-;-;-;1
353380 OLEO;-;-;-;-;-;-;-;-;1;-;-;-;-;-;-;-;-;-;-;-;-;-;-;-;-;-;-;-;-;-;-;-;-;-;-;-;-;-;-;-;-;-;-;-;-;-;-;-;-;-;-;-;-;1;-;-;-;-;-;-;-;-;2
353390 OLIMPIA;1;1;40;-;4;1;2;6;-;1;-;-;-;-;1;-;-;-;3;-;-;-;-;1;-;-;-;1;-;-;-;-;-;-;-;-;-;-;-;1;-;-;-;-;-;-;1;-;-;2;-;1;-;-;2;-;-;-;-;1;1;-;71
353400 ONDA VERDE;-;-;-;-;1;2;-;1;-;-;-;-;-;-;-;-;-;-;-;-;-;-;-;-;-;-;-;-;-;-;-;-;-;-;-;-;-;-;-;-;-;-;-;-;-;-;-;-;-;-;-;-;-;-;-;-;-;-;-;-;-;-;4
353410 ORIENTE;-;-;21;-;-;1;-;-;-;3;-;-;-;-;-;-;-;-;-;-;-;-;-;-;-;-;-;-;-;-;-;-;-;-;-;-;-;-;-;-;-;-;-;-;-;-;-;-;-;-;-;-;-;-;-;-;-;-;-;-;-;-;25
353420 ORINDIUVA;-;-;8;-;-;1;-;1;-;-;-;-;-;-;-;-;-;-;-;-;-;-;-;-;-;-;-;-;-;-;-;-;-;-;-;-;-;-;-;-;-;-;-;-;-;-;-;-;-;-;-;-;-;-;-;-;-;-;-;-;-;-;10
353430 ORLANDIA;2;-;41;-;1;3;-;7;-;1;-;-;-;-;-;-;-;-;4;-;-;-;-;-;-;-;-;1;-;-;-;-;-;-;-;-;-;-;-;-;-;-;-;-;-;-;-;-;-;1;-;2;1;1;-;-;-;-;-;-;-;-;65
353440 OSASCO;40;33;355;18;62;42;-;160;27;4;3;3;-;1;2;1;-;-;16;1;-;-;1;-;1;-;-;3;1;3;1;-;15;-;-;4;2;1;-;-;-;-;-;8;11;1;3;-;-;17;-;7;-;31;3;-;-;1;-;64;-;1;947
353450 OSCAR BRESSANE;-;-;1;-;-;-;-;-;-;-;-;-;-;-;-;-;-;-;-;-;-;-;-;-;-;-;-;-;-;-;-;-;-;-;-;-;-;-;-;-;-;-;-;-;-;-;-;-;-;-;-;-;-;-;-;-;-;-;-;-;-;-;1
353460 OSVALDO CRUZ;1;-;30;-;1;3;-;-;-;-;-;-;-;-;-;-;-;-;2;-;-;-;-;-;-;-;-;-;-;-;-;-;-;-;-;-;-;-;-;-;-;-;-;1;-;-;-;-;-;-;-;1;-;-;-;-;-;-;-;-;-;-;39
353470 OURINHOS;2;4;70;3;10;4;-;15;4;4;-;-;-;2;-;6;-;-;2;-;-;-;-;-;-;-;-;2;-;-;-;-;-;-;-;4;-;1;-;-;-;-;-;1;-;1;-;-;-;5;2;3;1;4;1;-;-;-;-;24;-;1;176
353475 OUROESTE;1;-;8;-;-;1;-;1;1;-;-;-;-;-;-;-;-;-;-;-;-;-;-;-;-;-;-;-;-;-;-;-;-;-;-;-;-;-;-;-;-;-;-;-;-;-;-;-;-;-;-;-;-;-;-;-;-;-;-;-;-;-;12
353480 OURO VERDE;-;-;5;-;-;-;-;-;-;-;-;-;-;-;-;-;-;-;-;-;-;-;-;-;-;-;-;-;-;-;-;-;-;-;-;-;-;-;-;-;-;-;-;-;-;-;-;-;-;-;-;-;-;-;-;-;-;-;-;-;-;-;5
353490 PACAEMBU;-;-;9;-;-;1;-;-;2;-;-;-;-;-;-;-;-;-;1;-;-;-;-;-;-;-;-;-;-;-;-;-;-;-;-;-;-;-;-;-;-;-;-;-;-;-;-;-;-;-;-;-;-;-;-;-;-;-;-;-;-;-;13
353500 PALESTINA;-;-;7;-;1;1;-;1;1;2;-;-;-;-;-;-;-;-;-;-;-;-;-;-;-;-;-;-;-;-;-;-;-;-;-;-;-;-;-;-;-;-;-;-;-;-;-;-;-;-;-;-;-;1;-;-;-;-;-;-;-;-;14
353510 PALMARES PAULISTA;-;-;8;-;-;3;-;-;-;-;-;-;-;-;-;-;-;-;-;-;-;-;-;-;-;-;-;-;-;-;-;-;-;-;-;-;-;-;-;-;-;-;-;-;-;-;-;-;-;-;-;-;-;-;-;-;-;-;-;-;-;-;11
353520 PALMEIRA D'OESTE;1;-;1;-;-;1;-;-;-;-;-;-;-;-;-;-;-;-;-;-;-;-;-;-;-;-;-;-;-;-;-;-;-;-;-;-;-;-;-;-;-;-;-;-;-;-;-;-;-;-;-;-;-;-;-;-;-;-;-;-;-;-;3
353530 PALMITAL;-;1;17;-;-;3;-;1;1;-;-;-;-;-;-;-;-;-;2;-;-;-;-;-;-;-;-;1;-;-;-;-;-;-;-;-;-;-;-;-;-;-;-;-;-;-;1;-;-;1;-;1;-;-;-;-;-;-;-;-;-;1;30
353540 PANORAMA;-;-;6;-;-;1;-;-;-;-;-;-;-;-;-;-;-;-;-;-;-;-;-;-;-;-;-;-;-;-;-;-;-;-;-;-;-;-;-;-;1;-;-;-;-;-;-;-;-;-;-;-;-;-;-;-;-;-;-;-;-;-;8
353550 PARAGUACU PAULISTA;1;-;56;-;-;5;-;3;-;1;-;-;-;-;-;-;-;-;2;-;-;-;-;-;-;-;-;-;-;1;-;-;-;-;-;-;-;-;-;-;-;-;-;1;-;-;-;-;-;1;-;2;-;-;-;-;-;1;-;-;-;-;74
353560 PARAIBUNA;-;-;3;-;1;1;-;-;-;-;-;-;-;-;-;-;-;-;-;-;-;-;-;-;-;-;-;-;-;-;-;-;-;-;-;-;-;-;-;-;-;-;-;-;-;-;-;-;-;-;-;-;-;-;-;-;-;-;-;-;-;-;5
353570 PARAISO;-;-;7;-;-;1;-;-;-;-;-;-;-;-;-;-;-;-;-;-;-;-;-;-;-;-;-;-;-;-;-;-;-;-;-;-;-;-;-;-;-;-;-;-;-;-;-;-;-;-;-;-;-;-;-;-;-;-;-;-;-;-;8
353580 PARANAPANEMA;-;-;6;-;-;-;-;1;1;-;-;-;-;-;-;-;-;-;1;-;-;-;-;-;-;-;-;-;-;-;-;-;-;-;-;-;-;-;-;-;-;-;-;-;-;-;-;-;-;-;-;-;-;-;-;-;-;-;-;-;-;-;9
353590 PARANAPUA;-;-;1;-;-;-;-;-;-;-;-;-;-;-;-;-;-;-;-;-;-;-;-;-;-;-;-;-;-;-;-;-;-;-;-;-;-;-;-;-;-;-;-;-;-;-;-;-;-;-;-;-;-;-;-;-;-;-;-;-;-;-;1
353600 PARAPUA;-;-;-;-;-;2;-;-;-;-;-;-;-;-;-;-;-;-;-;-;-;-;-;-;-;-;-;-;-;-;-;-;-;-;-;-;-;-;-;-;-;-;-;-;-;-;-;-;-;-;-;-;-;-;-;-;-;-;-;-;-;-;2
353620 PARIQUERA-ACU;9;8;33;-;7;2;-;7;-;3;-;-;-;1;-;-;-;-;3;-;-;-;-;-;-;-;-;-;-;5;-;-;1;-;-;-;-;2;-;-;-;-;-;1;-;-;2;3;-;2;1;-;-;4;1;-;-;-;-;-;-;4;99
353625 PARISI;-;-;2;-;-;-;-;-;-;-;-;-;-;-;-;-;-;-;-;-;-;-;-;-;-;-;-;-;-;-;-;-;-;-;-;-;-;-;-;-;-;-;-;-;-;-;-;-;-;-;-;-;-;-;-;-;-;-;-;-;-;-;2
353630 PATROCINIO PAULISTA;-;-;3;-;-;3;-;1;-;-;-;-;-;-;-;-;-;-;1;-;-;-;-;1;-;-;-;-;-;-;-;-;-;-;-;-;-;-;-;-;-;-;-;-;-;-;-;-;-;-;-;-;-;-;-;-;-;-;-;-;-;-;9
353640 PAULICEIA;-;-;2;-;-;2;-;-;-;-;-;-;-;-;-;-;-;-;-;-;-;-;-;-;-;-;-;-;-;-;-;-;-;-;-;-;-;-;-;-;-;-;-;-;-;-;-;-;-;-;-;-;-;-;-;-;-;-;-;-;-;-;4
353650 PAULINIA;2;2;68;7;8;1;1;19;12;2;1;-;-;-;-;-;-;-;1;-;-;-;-;-;-;-;-;1;-;-;-;-;-;-;-;1;-;-;-;1;-;-;-;1;-;-;-;-;-;1;-;2;1;1;-;-;-;-;-;-;1;-;134
353657 PAULISTANIA;-;-;1;-;-;1;-;-;-;-;-;-;-;-;-;-;-;-;-;-;-;-;-;-;-;-;-;-;-;-;-;-;-;-;-;-;-;-;-;-;-;-;-;-;-;-;-;-;-;-;-;-;-;-;-;-;-;-;-;-;-;-;2
353660 PAULO DE FARIA;-;-;3;-;-;-;-;1;-;-;-;-;-;-;-;-;-;-;1;-;-;-;-;-;-;-;-;-;-;-;-;-;-;-;-;-;-;-;-;-;-;-;-;-;-;-;-;-;-;-;-;-;-;-;-;-;-;-;-;-;-;-;5
353670 PEDERNEIRAS;-;-;22;-;-;6;-;2;-;-;-;-;-;-;-;-;-;-;1;-;-;-;-;-;-;-;-;-;-;-;-;-;-;-;-;-;-;-;-;-;-;-;-;-;-;-;-;-;-;-;-;1;-;-;-;-;-;-;-;-;-;-;32
353680 PEDRA BELA;-;-;3;-;-;1;-;-;-;-;-;-;-;-;-;-;-;-;-;-;-;-;-;-;-;-;-;-;-;-;-;-;-;-;-;-;-;-;-;-;-;-;-;-;-;-;-;-;-;-;-;-;-;-;-;-;-;-;-;-;-;-;4
353690 PEDRANOPOLIS;-;-;1;-;-;1;-;-;-;-;-;-;-;-;-;-;-;-;-;-;-;-;-;-;-;-;-;-;-;-;-;-;-;-;-;-;-;-;-;-;-;-;-;-;-;-;-;-;-;-;-;-;-;-;-;-;-;-;-;-;-;-;2
353700 PEDREGULHO;1;-;4;-;-;8;-;1;-;-;-;-;-;-;-;-;-;-;-;-;-;-;-;-;-;-;-;-;-;-;-;-;-;-;-;-;-;-;-;-;-;-;-;-;-;-;-;-;-;-;-;-;-;-;-;-;-;-;-;-;-;-;14
353710 PEDREIRA;-;-;27;-;1;4;-;1;-;1;-;-;-;-;-;-;-;-;3;-;-;-;-;-;-;-;-;1;-;-;-;-;-;-;-;-;-;-;-;-;-;-;-;-;-;-;-;-;-;-;-;-;-;-;-;-;-;-;-;-;-;-;38
353715 PEDRINHAS PAULISTA;-;-;3;-;-;1;-;-;-;-;-;-;-;-;-;-;-;-;-;-;-;-;-;-;-;-;-;-;-;-;-;-;-;-;-;-;-;-;-;-;-;-;-;-;-;-;-;-;-;-;-;-;-;-;-;-;-;-;-;-;-;-;4
353720 PEDRO DE TOLEDO;-;-;-;-;1;1;-;1;-;1;-;-;-;-;-;-;-;-;-;-;-;-;-;-;-;-;-;-;-;-;-;-;-;-;-;-;-;-;-;-;-;-;-;-;-;-;-;-;-;-;-;-;-;-;-;-;-;-;-;-;-;-;4
353730 PENAPOLIS;2;1;35;-;6;8;-;5;2;1;-;-;-;-;-;-;-;-;2;-;-;-;-;-;-;-;-;-;1;2;-;-;-;-;-;-;-;-;-;-;-;-;-;2;-;-;1;-;-;-;-;3;-;2;1;-;-;-;-;-;-;-;74
353740 PEREIRA BARRETO;-;-;7;-;-;2;-;2;-;1;-;-;-;-;-;-;-;-;1;-;-;-;-;-;-;-;-;-;-;-;-;-;-;-;-;-;-;-;-;-;-;-;-;-;-;-;-;-;-;-;-;-;1;1;-;-;-;-;-;-;-;-;15
353750 PEREIRAS;-;-;3;-;-;2;-;-;1;-;-;-;-;-;-;-;-;-;-;-;-;-;-;-;-;-;-;-;-;-;-;-;-;-;-;-;-;-;-;-;-;-;-;-;-;-;-;-;-;-;-;-;-;-;-;-;-;-;-;-;-;-;6
353760 PERUIBE;2;-;23;-;7;7;-;8;3;2;-;-;-;-;-;-;-;-;1;-;-;-;-;-;-;-;-;-;-;-;-;-;-;-;-;-;-;-;-;-;-;-;-;1;-;-;-;-;-;-;-;1;-;1;1;-;-;-;-;-;-;-;57
353770 PIACATU;-;-;-;-;-;1;2;-;-;-;-;-;-;-;-;-;-;-;-;-;-;-;-;-;-;-;-;-;-;-;-;-;-;-;-;-;-;-;-;-;-;-;-;-;-;-;-;-;-;-;-;-;-;-;-;-;-;-;-;-;-;-;3
353780 PIEDADE;1;1;16;1;5;-;-;9;1;2;-;-;-;-;-;-;-;-;-;-;-;-;-;-;-;-;-;-;-;-;-;-;-;-;-;-;-;-;-;-;-;-;-;1;-;-;-;-;-;1;-;1;-;2;-;-;-;-;-;-;-;1;42
353790 PILAR DO SUL;2;-;7;-;1;2;-;3;1;-;-;-;-;-;-;-;-;-;-;-;-;-;-;-;-;-;-;-;-;-;-;-;-;-;-;-;-;-;-;-;-;-;-;-;-;-;-;-;-;-;-;-;-;-;-;-;-;-;-;-;-;-;16
353800 PINDAMONHANGABA;13;6;148;1;26;20;-;47;2;10;-;-;-;-;-;-;-;-;6;-;1;-;1;-;-;-;-;1;1;-;-;-;-;-;-;3;-;2;-;-;1;-;-;1;-;-;8;-;-;4;-;5;-;4;2;-;-;1;-;-;-;1;315
353810 PINDORAMA;-;-;28;-;-;1;-;1;-;-;-;-;-;-;-;-;-;-;-;-;-;-;-;-;-;-;-;-;-;-;-;-;-;-;-;-;-;-;-;-;-;-;-;-;-;-;-;-;-;-;-;-;-;-;-;-;-;-;-;-;-;-;30
353820 PINHALZINHO;-;-;5;-;-;-;-;-;-;-;-;-;-;-;-;-;-;-;2;-;-;-;-;-;-;-;-;-;-;-;-;-;-;-;-;-;-;-;-;-;-;-;-;-;-;-;-;-;-;1;-;-;-;-;-;-;-;-;-;-;-;-;8
353830 PIQUEROBI;-;-;2;-;-;2;-;-;-;-;-;-;-;-;-;-;-;-;-;-;-;-;-;-;-;-;-;-;-;-;-;-;-;-;-;-;-;-;-;-;-;-;-;-;-;-;-;-;-;-;-;-;-;-;-;-;-;-;-;-;-;-;4
353850 PIQUETE;-;-;3;-;-;1;-;-;-;-;-;-;-;-;-;-;-;-;-;-;-;-;-;-;-;-;-;-;-;-;-;-;-;-;-;-;-;-;-;-;-;-;-;-;-;-;-;-;-;-;-;-;-;-;-;-;-;-;-;-;-;-;4
353860 PIRACAIA;-;-;5;-;-;-;-;5;1;-;-;-;-;-;-;-;-;-;-;-;-;-;-;-;-;-;-;-;-;-;-;-;-;-;-;-;-;-;-;-;-;-;-;1;-;-;-;-;-;-;-;-;-;-;1;-;-;-;-;-;-;-;13
353870 PIRACICABA;26;17;521;-;6;37;-;66;3;9;-;-;-;2;8;-;-;-;25;1;1;2;1;5;-;-;-;8;3;-;-;-;3;1;-;6;-;3;-;1;-;-;-;7;-;-;7;-;-;23;-;15;17;13;8;-;-;4;-;72;4;1;926
353880 PIRAJU;2;-;33;-;-;1;-;1;-;1;-;-;-;-;-;-;-;-;2;-;-;-;-;-;-;-;-;-;-;-;-;-;-;-;-;-;-;-;-;-;-;-;-;-;-;-;-;-;-;-;-;1;-;-;1;-;-;-;-;-;-;-;42
353890 PIRAJUI;-;-;21;-;-;2;-;1;2;-;-;-;-;-;-;-;-;-;-;-;-;-;-;-;-;-;-;-;-;-;-;-;-;-;-;-;-;-;-;-;-;-;-;-;-;-;-;-;-;-;-;-;-;-;-;-;-;-;-;-;-;-;26
353900 PIRANGI;-;-;12;-;-;1;-;1;-;-;-;-;-;-;-;-;-;-;1;-;-;-;-;-;-;-;-;-;-;-;-;-;-;-;-;-;-;-;-;-;-;-;-;-;-;-;-;-;-;-;-;-;-;-;-;-;-;-;-;-;-;-;15
353910 PIRAPORA DO BOM JESUS;-;-;6;-;1;2;-;1;-;-;-;-;-;-;-;-;-;-;-;-;-;-;-;-;-;-;-;-;-;-;-;-;-;-;-;-;-;-;-;-;-;-;-;-;-;-;-;-;-;-;-;-;-;-;1;-;-;-;-;-;-;-;11
353920 PIRAPOZINHO;-;-;11;-;-;4;-;-;-;1;-;-;-;-;-;-;-;-;-;-;-;-;-;-;-;-;-;-;-;-;-;-;-;-;-;-;-;-;-;-;-;-;-;-;-;-;-;-;-;-;-;-;-;-;-;-;-;-;-;-;-;-;16
353930 PIRASSUNUNGA;-;-;45;-;2;9;-;11;-;3;-;-;-;-;-;-;-;-;7;-;-;-;-;1;-;-;-;-;-;-;-;-;-;-;-;-;-;-;-;-;-;-;-;-;-;-;-;-;-;3;-;5;1;2;1;-;-;-;-;-;-;-;90
353940 PIRATININGA;-;-;3;-;-;2;-;-;-;-;-;-;-;-;-;-;-;-;-;-;-;-;-;-;-;-;-;-;-;-;-;-;-;-;-;-;-;-;-;-;-;-;-;-;-;-;-;-;-;-;-;-;-;-;-;-;-;-;-;-;-;-;5
353950 PITANGUEIRAS;2;-;38;-;2;3;-;1;-;4;-;-;-;-;1;-;-;-;2;-;-;-;-;-;-;-;-;1;1;-;-;-;-;-;-;1;-;-;-;-;-;-;-;1;-;-;-;-;-;-;-;2;-;-;-;-;-;-;-;-;-;-;59
353960 PLANALTO;-;-;4;-;-;2;-;-;-;-;-;-;-;-;-;-;-;-;-;-;-;-;-;-;-;-;-;-;-;-;-;-;-;-;-;-;-;-;-;-;-;-;-;-;-;-;-;-;-;-;-;-;-;-;-;-;-;-;-;-;-;-;6
353970 PLATINA;-;-;-;-;-;1;-;-;-;-;-;-;-;-;-;-;-;-;-;-;-;-;-;-;-;-;-;-;-;-;-;-;-;-;-;-;-;-;-;-;-;-;-;-;-;-;-;-;-;-;-;-;-;-;-;-;-;-;-;-;-;-;1
353980 POA;-;-;23;-;5;-;-;17;1;1;-;-;-;-;1;-;-;-;-;-;-;-;-;-;-;-;-;-;-;-;-;-;-;-;-;-;-;-;-;-;-;-;-;-;-;-;-;-;-;1;-;-;-;-;-;-;-;-;-;-;1;-;50
353990 POLONI;-;-;2;-;-;2;-;-;-;-;-;-;-;-;-;-;-;-;-;-;-;-;-;-;-;-;-;-;-;-;-;-;-;-;-;-;-;-;-;-;-;-;-;-;-;-;-;-;-;-;-;-;-;-;-;-;-;-;-;-;-;-;4
354000 POMPEIA;-;-;16;-;-;4;-;1;-;2;-;-;-;-;-;-;-;-;-;-;-;-;-;-;-;-;-;-;-;-;-;-;-;-;-;-;-;-;-;-;-;-;-;-;-;-;-;-;-;1;-;-;-;-;-;-;-;-;-;-;-;-;24
354020 PONTAL;-;-;26;-;-;4;-;2;1;2;-;-;-;-;-;-;-;-;-;-;-;-;-;-;-;-;-;1;-;-;-;-;-;-;-;-;-;-;-;-;-;-;-;-;-;-;-;-;-;-;-;3;-;-;-;-;-;-;-;-;-;-;39
354025 PONTALINDA;-;-;-;-;-;1;-;-;-;-;-;-;-;-;-;-;-;-;-;-;-;-;-;-;-;-;-;-;-;-;-;-;-;-;-;-;-;-;-;-;-;-;-;-;-;-;-;-;-;-;-;-;-;-;-;-;-;-;-;-;-;-;1
354030 PONTES GESTAL;-;-;8;-;-;1;-;1;1;-;-;-;-;-;-;-;-;-;-;-;-;-;-;-;-;-;-;-;-;-;-;-;-;-;-;-;-;-;-;-;-;-;-;-;-;-;-;-;-;-;-;-;-;-;-;-;-;-;-;-;-;-;11
354040 POPULINA;-;-;1;-;-;1;-;-;-;-;-;-;-;-;-;-;-;-;-;-;-;-;-;-;-;-;-;-;-;-;-;-;-;-;-;-;-;-;-;-;-;-;-;-;-;-;-;-;-;-;-;-;-;-;-;-;-;-;-;-;-;-;2
354050 PORANGABA;-;-;17;-;-;-;-;-;-;-;-;-;-;-;-;-;-;-;-;-;-;-;-;-;-;-;-;-;-;-;-;-;-;-;-;-;-;-;-;-;-;-;-;-;-;-;-;-;-;-;-;-;-;-;-;-;-;-;-;-;-;-;17
354060 PORTO FELIZ;4;1;27;-;1;6;-;3;1;1;-;-;-;-;-;-;-;-;-;-;-;-;-;-;-;-;-;1;-;-;-;-;-;-;-;1;-;4;-;-;-;-;-;-;-;-;-;-;-;2;-;2;-;-;-;-;-;-;-;-;1;-;55
354070 PORTO FERREIRA;-;-;73;-;1;7;-;8;-;2;-;-;-;-;-;-;-;-;6;-;-;-;-;-;-;-;-;-;-;-;-;-;-;-;-;-;-;-;-;-;-;-;-;1;-;-;-;-;-;-;-;1;1;-;-;-;-;-;-;-;-;-;100
354075 POTIM;-;-;3;-;-;5;-;-;-;-;-;-;-;-;-;-;-;-;-;-;-;-;-;-;-;-;-;-;1;-;-;-;-;-;-;-;-;-;-;-;-;-;-;1;-;-;-;-;-;-;-;-;-;-;-;-;-;-;-;-;-;-;10
354080 POTIRENDABA;1;-;4;-;1;4;-;1;1;1;-;-;-;-;-;-;-;-;1;-;-;-;-;-;-;-;-;-;-;-;-;-;-;-;-;-;-;-;-;-;-;-;-;-;-;-;-;-;-;-;-;-;-;-;-;-;-;-;-;-;-;-;14
354085 PRACINHA;-;-;1;-;-;-;-;-;-;-;-;-;-;-;-;-;-;-;-;-;-;-;-;-;-;-;-;-;-;-;-;-;-;-;-;-;-;-;-;-;-;-;-;-;-;-;-;-;-;-;-;-;-;-;-;-;-;-;-;-;-;-;1
354090 PRADOPOLIS;-;-;11;-;1;2;-;3;1;-;-;-;-;-;-;-;-;-;-;-;-;-;-;-;-;-;-;-;-;-;-;-;-;-;-;-;-;-;-;-;-;-;-;-;-;-;-;-;-;1;-;-;-;1;-;-;-;-;-;-;-;-;20
354100 PRAIA GRANDE;23;7;200;4;15;43;68;81;7;16;-;1;1;1;2;-;-;-;13;-;1;-;-;2;-;-;-;3;-;4;4;-;8;-;-;2;-;4;-;1;-;-;-;1;-;-;8;7;-;11;-;36;1;13;5;-;-;1;-;-;2;2;598
354105 PRATANIA;-;-;2;-;-;1;-;-;-;-;-;-;-;-;-;-;-;-;-;-;-;-;-;-;-;-;-;-;-;-;-;-;-;-;-;-;-;-;-;-;-;-;-;-;-;-;-;-;-;-;-;-;-;-;-;-;-;-;-;-;-;-;3
354110 PRESIDENTE ALVES;-;-;2;-;-;1;-;-;-;-;-;-;-;-;-;-;-;-;-;-;-;-;-;-;-;-;-;-;-;-;-;-;-;-;-;-;-;-;-;-;-;-;-;-;-;-;-;-;-;-;-;-;-;-;-;-;-;-;-;-;-;-;3
354120 PRESIDENTE BERNARDES;-;-;2;-;1;4;-;1;1;-;-;-;-;-;-;-;-;1;-;-;-;-;-;-;-;-;-;-;-;-;-;-;-;-;-;-;-;-;-;-;-;-;-;-;-;-;-;-;-;-;-;-;-;-;-;-;-;-;-;-;-;-;10
354130 PRESIDENTE EPITACIO;1;-;25;-;1;2;-;3;1;3;-;-;-;-;-;-;-;-;-;-;-;-;-;-;-;-;-;-;-;1;-;-;-;-;-;-;-;-;-;-;-;-;-;-;-;-;3;-;-;-;-;1;-;-;-;-;-;-;-;-;-;-;41
354140 PRESIDENTE PRUDENTE;13;8;461;-;12;19;-;64;18;11;1;1;-;1;4;2;-;14;41;1;-;1;-;1;-;-;-;10;3;1;-;-;-;-;-;1;1;-;-;-;1;-;-;13;-;1;8;-;-;7;3;6;5;6;2;-;-;1;4;92;1;2;841
354150 PRESIDENTE VENCESLAU;1;-;21;-;-;4;-;1;-;-;-;-;-;-;-;-;-;-;-;-;-;-;-;-;-;-;-;-;-;-;-;-;-;-;-;-;-;-;-;-;-;-;-;-;-;-;-;-;-;-;-;2;-;-;-;-;-;-;-;-;-;-;29
354160 PROMISSAO;-;2;24;1;-;-;-;12;-;1;-;-;-;-;-;-;-;-;2;-;-;-;-;-;-;-;-;-;-;1;-;-;-;-;-;-;-;-;-;-;-;-;-;-;-;-;2;-;-;1;-;1;-;2;-;-;-;-;-;-;-;-;49
354165 QUADRA;-;-;8;-;-;-;-;1;-;-;-;-;-;-;-;-;-;-;-;-;-;-;-;-;-;-;-;-;-;-;-;-;-;-;-;-;-;-;-;-;-;-;-;-;-;-;-;-;-;-;-;-;-;-;-;-;-;-;-;-;-;-;9
354170 QUATA;-;-;5;-;-;2;-;-;-;-;-;-;-;-;-;-;-;-;-;-;-;-;-;-;-;-;-;-;-;-;-;-;-;-;-;-;-;-;-;-;-;-;-;-;-;-;-;-;-;-;-;-;-;-;-;-;-;-;-;-;-;-;7
354190 QUELUZ;-;-;6;-;1;2;-;1;-;2;-;-;-;-;-;-;-;-;-;-;-;-;-;-;-;-;-;-;-;-;-;-;-;-;-;-;-;-;-;-;-;-;-;-;-;-;-;-;-;-;-;-;-;-;-;-;-;-;-;-;-;-;12
354200 QUINTANA;-;-;4;-;-;-;-;-;-;-;-;-;-;-;-;-;-;-;-;-;-;-;-;-;-;-;-;-;-;-;-;-;-;-;-;-;-;-;-;-;-;-;-;-;-;-;-;-;-;-;-;-;-;-;-;-;-;-;-;-;-;-;4
354210 RAFARD;-;-;3;-;-;-;-;-;-;-;-;-;-;-;-;-;-;-;-;-;-;-;-;-;-;-;-;-;-;-;-;-;-;-;-;-;-;-;-;-;-;-;-;-;-;-;-;-;-;-;-;-;-;-;-;-;-;-;-;-;-;-;3
354220 RANCHARIA;-;-;15;-;-;6;-;2;-;-;-;-;-;-;-;-;-;-;-;-;-;-;-;-;-;-;-;-;-;-;-;-;-;-;-;-;-;-;-;-;-;-;-;-;-;-;-;-;-;-;-;1;-;-;-;-;-;-;-;-;-;-;24
354230 REDENCAO DA SERRA;-;-;2;-;-;-;-;2;1;-;-;-;-;-;-;-;-;-;1;-;-;-;-;-;-;-;-;-;-;-;-;-;-;-;-;-;-;-;-;-;-;-;-;-;-;-;-;-;-;-;-;-;-;1;-;-;-;-;-;-;-;-;7
354240 REGENTE FEIJO;-;-;3;-;-;5;-;2;-;-;-;-;-;-;-;-;-;-;-;-;-;-;-;-;-;-;-;-;-;-;-;-;-;-;-;-;-;-;-;-;-;-;-;-;-;-;-;-;-;-;-;-;-;-;-;-;-;-;-;-;-;-;10
354250 REGINOPOLIS;-;-;1;-;-;-;-;-;-;-;-;-;-;-;-;-;-;-;-;-;-;-;-;-;-;-;-;-;-;-;-;-;-;-;-;-;-;-;-;-;-;-;-;-;-;-;-;-;-;-;-;-;-;-;-;-;-;-;-;-;-;-;1
354260 REGISTRO;7;2;28;-;2;14;-;11;1;1;-;-;-;-;-;3;-;-;1;1;-;-;-;-;-;-;-;1;1;-;-;-;3;-;-;-;1;-;-;-;-;-;-;1;-;-;-;1;-;1;-;2;-;6;1;-;1;-;-;-;-;-;90
354270 RESTINGA;-;-;5;-;-;-;-;-;-;-;-;-;-;-;-;-;-;-;-;-;-;-;-;-;-;-;-;-;-;-;-;-;-;-;-;-;-;-;-;-;-;-;-;-;-;-;-;-;-;-;-;-;-;-;-;-;-;-;-;-;-;-;5
354280 RIBEIRA;-;-;4;-;-;1;-;-;-;-;-;-;-;-;-;-;-;-;-;-;-;-;-;-;-;-;-;1;-;-;-;-;-;-;-;-;-;-;-;-;-;-;-;-;-;-;-;-;-;-;-;-;-;-;-;-;-;-;-;-;-;-;6
354290 RIBEIRAO BONITO;-;-;3;-;-;1;-;1;-;-;-;-;-;-;-;-;-;-;-;-;-;-;-;-;-;-;-;-;-;-;-;-;-;-;-;-;-;-;-;-;-;-;-;-;-;-;-;-;-;-;-;-;-;-;-;-;-;-;-;-;-;-;5
354300 RIBEIRAO BRANCO;-;-;4;-;-;-;3;1;1;-;-;-;-;-;-;-;-;-;-;-;-;-;-;-;-;-;-;-;-;-;-;-;-;-;-;-;-;-;-;-;-;-;-;-;-;-;-;-;-;-;-;-;-;-;-;-;-;-;-;-;-;-;9
354320 RIBEIRAO DO SUL;-;-;8;-;-;-;-;-;-;-;-;-;-;-;-;-;-;-;-;-;-;-;-;-;-;-;-;-;-;-;-;-;-;-;-;-;-;-;-;-;-;-;-;-;-;-;-;-;-;-;-;-;-;-;-;-;-;-;-;-;-;-;8
354323 RIBEIRAO DOS INDIOS;-;-;-;-;-;1;-;1;-;-;-;-;-;-;-;-;-;-;-;-;-;-;-;-;-;-;-;-;-;-;-;-;-;-;-;-;-;-;-;-;-;-;-;-;-;-;-;-;-;-;-;-;-;-;-;-;-;-;-;-;-;-;2
354325 RIBEIRAO GRANDE;-;-;1;-;-;1;-;-;-;-;-;-;-;-;-;-;-;-;-;-;-;-;-;-;-;-;-;-;-;-;-;-;-;-;-;-;-;-;-;-;-;-;-;-;-;-;-;-;-;-;-;-;-;-;-;-;-;-;-;-;-;-;2
354330 RIBEIRAO PIRES;2;1;27;-;13;11;-;15;4;7;-;-;-;-;-;-;-;-;2;-;-;-;-;-;-;-;-;-;-;-;-;-;-;-;-;1;-;-;-;-;-;-;-;1;-;-;1;-;-;4;-;1;-;3;2;-;-;-;-;-;1;-;96
354340 RIBEIRAO PRETO;60;40;682;4;102;33;4;286;48;39;10;1;15;22;6;9;-;8;84;3;9;8;4;6;1;-;1;11;8;5;-;-;20;4;5;11;1;18;5;3;10;-;-;29;-;1;42;6;1;61;13;39;25;35;19;-;-;8;3;1226;4;8;3106
354350 RIVERSUL;-;-;1;-;1;1;-;-;-;-;-;-;-;-;-;-;-;-;-;-;-;-;-;-;-;-;-;-;-;-;-;-;-;-;-;-;-;-;-;-;-;-;-;-;-;-;-;-;-;-;-;-;-;-;-;-;-;-;-;-;-;-;3
354360 RIFAINA;-;-;5;-;-;-;-;-;-;-;-;-;-;-;-;-;-;-;-;-;-;-;-;-;-;-;-;-;-;-;-;-;-;-;-;-;-;-;-;-;-;-;-;-;-;-;-;-;-;-;-;-;-;-;-;-;-;-;-;-;-;-;5
354370 RINCAO;-;-;2;-;-;2;-;1;-;-;-;-;-;-;-;-;-;-;1;-;-;-;-;-;-;-;-;-;-;-;-;-;-;-;-;-;-;-;-;-;-;-;-;-;-;-;-;-;-;-;-;-;-;-;-;-;-;-;-;-;-;-;6
354380 RINOPOLIS;-;-;6;-;-;-;-;1;-;-;-;-;-;-;-;-;-;-;-;-;-;-;-;-;-;-;-;-;-;-;-;-;-;-;-;-;-;-;-;-;-;-;-;-;-;-;-;-;-;-;-;-;-;-;-;-;-;-;-;-;-;-;7
354390 RIO CLARO;5;-;75;-;16;21;-;18;3;2;-;1;1;1;-;1;-;-;5;-;-;-;-;1;-;-;-;4;-;2;-;-;-;1;-;1;-;2;-;-;-;-;-;2;-;-;1;1;-;9;1;2;1;2;2;-;-;2;-;-;-;1;184
354400 RIO DAS PEDRAS;-;-;7;-;1;-;-;-;-;-;-;-;-;-;-;-;-;-;-;-;-;-;-;-;-;-;-;-;-;-;-;-;-;-;-;-;-;-;-;-;-;-;-;-;-;-;-;-;-;-;-;1;-;-;-;-;-;-;-;-;-;-;9
354410 RIO GRANDE DA SERRA;-;-;11;2;-;1;-;-;-;-;-;-;-;-;-;-;-;-;-;-;-;-;-;-;-;-;-;-;-;-;-;-;-;-;-;-;-;-;-;-;-;-;-;-;-;-;1;-;-;-;-;-;-;1;-;-;-;-;-;-;-;-;16
354420 RIOLANDIA;-;-;4;-;-;3;-;1;-;1;-;-;-;-;-;-;-;-;-;-;-;-;-;-;-;-;-;-;-;-;-;-;-;-;-;-;-;-;-;-;-;-;-;-;-;-;-;-;-;-;-;-;-;-;-;-;-;-;-;-;-;-;9
354425 ROSANA;2;-;26;-;-;1;-;1;1;1;-;-;-;-;-;-;-;-;1;-;-;-;-;-;-;-;-;-;1;-;-;-;-;-;-;-;-;-;-;-;-;-;-;-;-;-;-;-;-;-;-;1;-;-;-;-;-;-;-;-;-;-;35
354430 ROSEIRA;-;-;38;-;-;1;-;-;-;-;-;-;-;-;-;-;-;-;-;-;-;-;-;-;-;-;-;-;-;-;-;-;-;-;-;-;-;-;-;-;-;-;-;-;-;-;-;-;-;1;-;-;-;-;-;-;-;-;-;-;-;-;40
354440 RUBIACEA;-;-;-;-;-;-;-;-;1;-;-;-;-;-;-;-;-;-;-;-;-;-;-;-;-;-;-;-;-;-;-;-;-;-;-;-;-;-;-;-;-;-;-;-;-;-;-;-;-;-;-;-;-;-;-;-;-;-;-;-;-;-;1
354450 RUBINEIA;-;-;3;-;-;-;-;-;-;-;-;-;-;-;-;-;-;-;-;-;-;-;-;-;-;-;-;-;-;-;-;-;-;-;-;-;-;-;-;-;-;-;-;-;-;-;-;-;-;-;-;-;-;-;-;-;-;-;-;-;-;-;3
354460 SABINO;-;-;2;-;-;-;-;-;-;-;-;-;-;-;-;-;-;-;-;-;-;-;-;-;-;-;-;-;-;-;-;-;-;-;-;-;-;-;-;-;-;-;-;-;-;-;-;-;-;-;-;-;-;-;-;-;-;-;-;-;-;-;2
354470 SAGRES;-;-;-;-;-;-;-;-;-;-;-;-;-;-;-;-;-;-;1;-;-;-;-;-;-;-;-;-;-;-;-;-;-;-;-;-;-;-;-;-;-;-;-;-;-;-;-;-;-;-;-;-;-;-;-;-;-;-;-;-;-;-;1
354480 SALES;-;-;1;-;-;1;-;-;1;-;-;-;-;-;-;-;-;-;-;-;-;-;-;-;-;-;-;-;-;-;-;-;-;-;-;-;-;-;-;-;-;-;-;-;-;-;-;-;-;-;-;-;-;-;-;-;-;-;-;-;-;-;3
354490 SALES OLIVEIRA;-;-;1;-;1;1;-;-;-;1;-;-;-;-;-;-;-;-;-;-;-;-;-;-;-;-;-;-;-;-;-;-;-;-;-;-;-;-;-;-;-;-;-;-;-;-;-;-;-;-;-;-;-;-;-;-;-;-;-;-;-;-;4
354500 SALESOPOLIS;-;1;4;2;1;-;-;-;-;-;-;-;-;-;-;-;-;-;1;-;-;-;-;-;-;-;-;-;-;-;-;-;-;-;-;-;-;-;-;-;-;-;-;-;-;-;-;-;-;1;-;-;-;-;-;-;-;-;-;-;-;-;10
354515 SALTINHO;-;-;6;-;-;-;-;-;-;-;-;-;-;-;-;-;-;-;-;-;-;-;-;-;-;-;-;-;-;-;-;-;-;-;-;-;-;-;-;-;-;-;-;-;-;-;-;-;-;-;-;-;-;-;-;-;-;-;-;-;-;-;6
354520 SALTO;1;-;18;-;5;7;-;13;-;4;-;-;-;1;-;-;-;-;1;-;-;-;-;-;-;-;-;-;1;-;1;-;-;-;-;-;-;-;-;-;-;-;-;-;-;1;-;-;-;-;-;-;-;-;-;-;-;2;-;-;-;-;55
354530 SALTO DE PIRAPORA;2;1;11;-;6;9;-;6;3;1;-;-;-;-;-;-;-;-;1;-;-;-;-;-;-;-;-;-;-;1;-;-;-;-;-;-;-;-;-;-;-;-;-;-;-;-;-;-;-;-;-;-;-;-;1;-;-;-;-;2;-;-;44
354540 SALTO GRANDE;-;-;6;-;-;3;-;1;-;-;-;-;-;-;-;-;-;-;-;-;-;-;-;-;-;-;-;-;-;-;-;-;-;-;-;-;-;-;-;-;-;-;-;-;-;-;-;-;-;-;-;-;-;-;-;-;-;-;-;-;-;-;10
354550 SANDOVALINA;-;-;1;-;-;1;-;-;-;-;-;-;-;-;-;-;-;-;-;-;-;-;-;-;-;-;-;-;-;-;-;-;-;-;-;-;-;-;-;-;-;-;-;-;-;-;-;-;-;-;-;-;-;-;-;-;-;-;-;-;-;-;2
354560 SANTA ADELIA;-;-;10;-;-;1;-;-;-;-;-;-;-;-;-;-;-;-;-;-;-;-;-;-;-;-;-;-;-;-;-;-;-;-;-;-;-;-;-;-;-;-;-;-;-;-;-;-;-;-;-;-;-;-;-;-;-;-;-;-;-;-;11
354570 SANTA ALBERTINA;-;-;1;-;-;1;-;-;-;-;-;-;-;-;-;-;-;-;-;-;-;-;-;-;-;-;-;-;-;-;-;-;-;-;-;-;-;-;-;-;-;-;-;-;-;-;-;-;-;-;-;-;-;-;-;-;-;-;-;-;-;-;2
354580 SANTA BARBARA D'OESTE;5;6;57;10;6;8;-;8;-;4;-;1;-;-;-;-;-;-;5;-;-;-;-;-;-;-;-;1;-;1;-;-;-;-;-;-;-;-;-;-;-;-;-;-;-;-;2;-;-;-;1;2;-;2;-;-;-;-;-;14;-;-;133
354600 SANTA BRANCA;-;-;4;-;1;2;-;2;2;-;-;-;-;-;-;-;-;-;-;-;-;-;-;-;-;-;-;-;-;-;-;-;-;-;-;-;-;-;-;-;-;-;-;-;-;-;-;-;-;-;-;-;-;-;-;-;-;-;-;-;-;-;11
354610 SANTA CLARA D'OESTE;-;-;-;-;1;1;-;-;-;-;-;-;-;-;-;-;-;-;-;-;-;-;-;-;-;-;-;-;-;-;-;-;-;-;-;-;-;-;-;-;-;-;-;-;-;-;-;-;-;-;-;-;-;-;-;-;-;-;-;-;-;-;2
354620 SANTA CRUZ DA CONCEICAO;-;-;1;-;-;1;-;-;-;-;-;-;-;-;-;-;-;-;-;-;-;-;-;-;-;-;-;-;-;-;-;-;-;-;-;-;-;-;-;-;-;-;-;-;-;-;-;-;-;-;-;-;-;-;-;-;-;-;-;-;-;-;2
354625 SANTA CRUZ DA ESPERANCA;-;-;-;1;-;-;-;-;-;-;-;-;-;-;-;-;-;-;-;-;-;-;-;-;-;-;-;-;-;-;-;-;-;-;-;-;-;-;-;-;-;-;-;-;-;-;-;-;-;-;-;-;-;-;-;-;-;-;-;-;-;-;1
354630 SANTA CRUZ DAS PALMEIRAS;-;-;12;-;-;3;-;2;-;-;-;-;-;-;-;-;-;-;1;-;-;-;-;-;-;-;-;-;-;-;-;-;-;-;-;-;-;-;-;-;-;-;-;-;-;-;-;-;-;-;-;-;-;1;-;-;-;-;-;-;-;-;19
354640 SANTA CRUZ DO RIO PARDO;-;-;73;-;4;7;-;6;-;1;-;-;-;-;-;-;-;-;3;-;-;-;-;-;-;-;-;-;-;-;-;-;-;-;-;-;-;-;-;-;-;-;-;-;-;-;-;-;-;2;-;-;-;-;1;-;-;-;-;-;-;-;97
354650 SANTA ERNESTINA;-;-;2;-;-;-;-;-;-;-;-;-;-;-;-;-;-;-;-;-;-;-;-;-;-;-;-;-;-;-;-;-;-;-;-;-;-;-;-;-;-;-;-;-;-;-;-;-;-;-;-;-;-;-;-;-;-;-;-;-;-;-;2
354660 SANTA FE DO SUL;1;1;18;-;1;5;-;3;1;3;-;1;-;-;-;-;-;-;5;-;-;-;-;-;-;-;-;2;-;-;-;-;1;-;-;-;-;-;-;-;-;-;-;-;-;-;-;-;-;-;-;3;-;1;-;-;-;-;-;-;1;-;47
354670 SANTA GERTRUDES;-;-;12;-;-;1;-;1;-;-;-;-;-;-;-;-;-;-;-;-;-;-;-;-;-;-;-;1;-;-;-;-;-;-;-;-;-;-;-;-;-;-;-;-;-;-;-;-;-;-;-;-;-;-;-;-;-;-;-;-;-;-;15
354680 SANTA ISABEL;4;-;26;1;1;2;-;1;-;2;-;-;-;-;-;-;-;-;-;-;-;-;-;-;-;-;-;-;-;-;-;-;-;-;-;-;-;-;-;-;-;-;-;-;-;-;-;-;-;-;-;-;-;3;-;-;-;-;-;-;-;-;40
354690 SANTA LUCIA;-;-;2;-;-;-;-;-;-;-;-;-;-;-;-;-;-;-;-;-;-;-;-;-;-;-;-;-;-;-;-;-;-;-;-;-;-;-;-;-;-;-;-;-;-;-;-;-;-;-;-;-;-;-;-;-;-;-;-;-;-;-;2
354700 SANTA MARIA DA SERRA;-;-;2;-;-;-;-;-;-;-;-;-;-;-;-;-;-;-;-;-;-;-;-;-;-;-;-;-;-;-;-;-;-;-;-;-;-;-;-;-;-;-;-;-;-;-;-;-;-;-;-;-;-;-;-;-;-;-;-;-;-;-;2
354710 SANTA MERCEDES;-;-;-;-;1;-;-;-;-;-;-;-;-;-;-;-;-;-;-;-;-;-;-;-;-;-;-;-;-;-;-;-;-;-;-;-;-;-;-;-;-;-;-;-;-;-;-;-;-;-;-;-;-;-;-;-;-;-;-;-;-;-;1
354730 SANTANA DE PARNAIBA;1;-;56;-;18;-;-;46;11;16;-;4;3;-;-;-;-;-;10;1;-;-;-;-;-;-;-;2;-;2;2;-;2;-;-;3;-;3;-;-;-;-;-;2;-;-;2;-;-;1;-;3;-;10;3;-;-;-;-;-;2;-;203
354750 SANTA RITA DO PASSA QUATRO;1;-;14;-;1;-;-;1;-;-;-;-;-;-;-;-;-;-;-;-;-;-;-;-;-;-;-;-;-;-;-;-;-;-;-;-;-;-;-;-;-;-;-;-;-;-;-;-;-;1;-;1;-;-;-;-;-;-;-;-;-;-;19
354760 SANTA ROSA DE VITERBO;2;-;9;-;-;-;-;1;-;-;-;-;-;-;-;-;-;-;1;-;-;-;-;-;-;-;-;-;-;-;-;-;-;-;-;-;-;-;-;-;-;-;-;-;-;-;-;-;-;-;-;-;-;-;-;-;-;-;-;-;-;-;13
354765 SANTA SALETE;-;-;1;-;-;-;-;-;-;-;-;-;-;-;-;-;-;-;-;-;-;-;-;-;-;-;-;-;-;-;-;-;-;-;-;-;-;-;-;-;-;-;-;-;-;-;-;-;-;-;-;-;-;-;-;-;-;-;-;-;-;-;1
354770 SANTO ANASTACIO;-;-;4;-;-;1;-;-;1;-;-;-;-;-;-;-;-;-;-;-;-;-;-;-;-;-;-;-;-;-;-;-;-;-;-;-;-;-;-;-;-;-;-;-;-;-;-;-;-;-;-;2;-;-;-;-;-;-;-;-;-;-;8
354780 SANTO ANDRE;54;26;238;28;82;28;-;131;38;19;3;3;28;17;1;-;-;8;43;1;2;7;7;11;-;-;1;89;7;14;2;-;13;3;-;18;3;19;2;5;10;-;2;31;-;3;60;14;-;62;8;71;16;65;29;1;-;16;6;399;7;17;1768
354790 SANTO ANTONIO DA ALEGRIA;-;-;5;-;1;2;-;3;-;-;-;-;-;-;-;-;-;-;-;-;-;-;-;-;-;-;-;-;-;-;-;-;-;-;-;-;-;-;-;-;-;-;-;-;-;-;-;-;-;-;-;1;-;-;-;-;-;-;-;-;-;-;12
354800 SANTO ANTONIO DE POSSE;-;1;6;1;1;2;-;1;1;-;-;-;-;-;-;-;-;-;-;-;-;-;-;-;-;-;-;-;-;-;-;-;-;-;-;1;-;-;-;-;-;-;-;-;-;-;-;-;-;-;-;-;-;-;-;-;-;-;-;-;-;-;14
354805 SANTO ANTONIO DO ARACANGUA;-;-;4;-;-;1;-;1;-;-;-;-;-;-;-;-;-;-;-;-;-;-;-;-;-;-;-;-;-;-;-;-;-;-;-;-;-;-;-;-;-;-;-;-;-;-;-;-;-;-;-;-;-;-;-;-;-;-;-;-;-;-;6
354810 SANTO ANTONIO DO JARDIM;-;-;4;-;1;1;-;1;-;-;-;-;-;-;-;-;-;-;-;-;-;-;-;-;-;-;-;-;-;-;-;-;-;-;-;-;-;-;-;-;-;-;-;-;-;-;-;-;-;-;-;-;-;-;-;-;-;-;-;-;-;-;7
354820 SANTO ANTONIO DO PINHAL;-;-;-;-;-;1;-;2;-;-;-;-;-;-;-;-;-;-;-;-;-;-;-;-;-;-;-;-;-;-;-;-;-;-;-;-;-;-;-;-;-;-;-;-;-;-;-;-;-;-;-;-;-;-;-;-;-;-;-;-;-;-;3
354830 SANTO EXPEDITO;-;-;1;-;-;1;-;-;-;-;-;-;-;-;-;-;-;-;-;-;-;-;-;-;-;-;-;-;-;-;-;-;-;-;-;-;-;-;-;-;-;-;-;-;-;-;-;-;-;-;-;-;-;-;-;-;-;-;-;-;-;-;2
354840 SANTOPOLIS DO AGUAPEI;-;-;2;-;-;1;-;-;-;-;-;-;-;-;-;-;-;-;-;-;-;-;-;-;-;-;-;-;-;-;-;-;-;-;-;-;-;-;-;-;-;-;-;-;-;-;-;-;-;-;-;-;-;-;-;-;-;-;-;-;-;-;3
354850 SANTOS;57;99;700;27;55;29;1;164;24;28;3;7;5;5;1;3;-;1;95;2;3;2;1;15;1;-;3;29;3;10;1;-;13;2;-;7;3;13;1;2;8;-;2;15;-;-;16;3;1;52;10;46;32;49;15;2;3;5;4;121;5;12;1816
354860 SAO BENTO DO SAPUCAI;-;1;16;-;1;1;-;4;1;1;-;-;-;-;-;-;-;-;-;-;-;-;-;-;-;-;-;-;-;-;-;-;-;-;-;1;-;-;-;-;-;-;-;-;-;-;-;-;-;-;-;-;-;-;1;-;-;-;-;-;-;1;28
354870 SAO BERNARDO DO CAMPO;76;64;482;158;84;30;-;157;21;46;-;2;1;-;-;9;-;-;113;2;5;-;2;8;-;-;-;4;2;2;7;-;27;1;-;5;1;1;-;1;2;-;-;21;2;1;25;13;-;33;-;13;14;38;7;1;-;2;2;305;1;6;1797
354880 SAO CAETANO DO SUL;22;29;360;22;41;22;-;130;15;11;-;1;2;1;-;-;-;-;25;-;3;1;1;2;-;-;-;10;4;4;-;-;5;-;-;6;1;1;-;3;1;-;1;6;6;1;3;-;-;17;-;9;8;24;5;-;1;5;-;50;2;3;864
354890 SAO CARLOS;9;19;180;28;17;10;3;32;6;4;-;-;1;-;-;1;-;-;14;1;-;1;-;-;-;-;-;5;-;1;-;-;-;-;-;3;-;4;-;1;-;-;1;7;-;-;3;1;-;17;-;5;4;5;-;1;1;1;-;107;1;1;495
354900 SAO FRANCISCO;-;-;2;-;-;-;-;-;-;-;-;-;-;-;-;-;-;-;-;-;-;-;-;-;-;-;-;-;-;-;-;-;-;-;-;-;-;-;-;-;-;-;-;-;-;-;-;-;-;-;-;-;-;-;-;-;-;-;-;-;-;-;2
354910 SAO JOAO DA BOA VISTA;8;4;68;-;11;11;-;20;1;4;-;-;1;2;-;-;1;-;8;-;-;-;-;-;-;1;-;3;-;2;-;-;1;-;-;2;-;4;-;-;-;-;-;-;-;-;3;1;-;-;-;2;1;3;-;-;-;2;-;-;2;2;168
354925 SAO JOAO DE IRACEMA;-;-;1;-;-;-;-;-;-;-;-;-;-;-;-;-;-;-;-;-;-;-;-;-;-;-;-;-;-;-;-;-;-;-;-;-;-;-;-;-;-;-;-;-;-;-;-;-;-;-;-;-;-;-;-;-;-;-;-;-;-;-;1
354930 SAO JOAO DO PAU D'ALHO;-;-;2;-;-;1;-;-;-;-;-;-;-;-;-;-;-;-;-;-;-;-;-;-;-;-;-;-;-;-;-;-;-;-;-;-;-;-;-;-;-;-;-;-;-;-;-;-;-;-;-;-;-;-;-;-;-;-;-;-;-;-;3
354940 SAO JOAQUIM DA BARRA;4;1;80;6;3;8;-;4;-;2;-;-;-;1;-;-;-;-;7;-;-;-;-;-;-;-;-;1;-;-;-;-;-;-;-;-;-;-;-;1;-;-;-;1;-;-;-;-;-;1;-;3;-;1;1;-;-;-;-;-;-;-;125
354950 SAO JOSE DA BELA VISTA;-;-;-;-;-;1;-;-;-;-;-;-;-;-;-;-;-;-;-;-;-;-;-;-;-;-;-;-;-;-;-;-;-;-;-;-;-;-;-;-;-;-;-;-;-;-;-;-;-;-;-;-;-;-;-;-;-;-;-;-;-;-;1
354960 SAO JOSE DO BARREIRO;-;-;1;-;-;-;-;2;-;-;-;-;-;-;-;-;-;-;-;-;-;-;-;-;-;-;-;-;-;-;-;-;-;-;-;-;-;-;-;-;-;-;-;-;-;-;-;-;-;-;-;-;-;-;-;-;-;-;-;-;-;-;3
354970 SAO JOSE DO RIO PARDO;3;-;42;1;2;5;-;4;3;2;-;-;-;-;-;-;-;-;2;-;-;-;-;-;-;-;-;-;-;1;-;-;-;-;-;1;-;-;-;-;-;-;-;-;-;-;-;-;-;-;-;1;-;1;-;-;-;-;-;-;-;1;69
354980 SAO JOSE DO RIO PRETO;73;37;363;4;90;53;-;118;23;37;1;6;2;6;6;1;-;3;77;6;7;4;1;26;1;-;2;33;2;9;5;-;16;4;1;9;2;15;1;3;16;-;-;20;-;1;18;3;-;30;3;48;22;30;13;1;2;7;3;750;13;8;2035
354990 SAO JOSE DOS CAMPOS;47;30;550;-;56;44;-;201;13;24;2;-;3;2;10;9;-;5;62;-;2;1;3;5;-;-;-;20;3;6;5;-;15;2;1;8;-;16;-;4;2;-;-;10;-;1;13;4;-;29;3;9;17;47;6;-;1;3;3;75;4;6;1382
354995 SAO LOURENCO DA SERRA;-;-;8;-;-;2;1;-;-;-;-;-;-;-;-;-;-;-;1;-;-;-;-;-;-;-;-;-;-;-;-;-;-;-;-;-;-;-;-;-;-;-;-;-;-;-;-;-;-;-;-;-;-;-;-;-;-;-;-;-;-;-;12
355000 SAO LUIS DO PARAITINGA;-;-;3;-;-;1;-;1;-;-;-;-;-;-;-;-;-;-;-;-;-;-;-;-;-;-;-;-;-;-;-;-;-;-;-;-;-;-;-;-;-;-;-;-;-;-;-;-;-;-;-;-;-;-;-;-;-;-;-;-;-;-;5
355010 SAO MANUEL;2;1;11;1;2;6;-;1;1;-;-;-;-;-;-;2;-;-;1;-;-;-;-;-;-;-;-;-;-;-;-;-;-;-;-;-;-;-;-;-;-;-;-;-;-;-;-;-;-;-;-;1;-;1;-;-;-;-;-;1;-;-;31
355020 SAO MIGUEL ARCANJO;1;1;7;-;-;4;-;-;-;-;-;-;-;-;-;-;-;-;-;-;-;-;-;-;-;-;-;-;-;-;-;-;-;-;-;-;-;-;-;-;-;-;-;-;-;-;-;-;-;-;-;-;-;-;-;-;-;-;-;-;-;-;13
355030 SAO PAULO;1020;693;6889;172;929;1230;7;2212;737;628;55;100;53;99;106;26;4;23;965;25;61;89;30;87;11;4;8;244;107;99;70;1;302;41;7;123;50;127;25;69;115;1;27;447;2;20;380;71;2;412;53;500;491;661;199;32;20;80;36;7161;57;111;28406
355040 SAO PEDRO;2;1;13;-;1;2;1;2;-;1;-;1;-;-;-;-;-;-;-;-;-;-;-;1;-;-;-;-;-;-;-;-;-;-;-;-;-;-;-;-;-;-;-;-;-;-;-;-;-;-;-;1;-;-;-;-;-;-;-;-;-;-;26
355050 SAO PEDRO DO TURVO;-;-;-;-;-;2;-;-;-;-;-;-;-;-;-;-;-;-;-;-;-;-;-;-;-;-;-;-;-;-;-;-;-;-;-;-;-;-;-;-;-;-;-;-;-;-;-;-;-;-;-;-;-;-;-;-;-;-;-;-;-;-;2
355060 SAO ROQUE;5;1;59;1;3;12;-;2;2;2;-;-;-;-;-;-;-;-;2;-;-;-;-;-;-;-;-;-;-;-;-;-;-;-;-;1;-;1;-;-;-;-;-;-;-;-;1;-;-;1;-;1;-;1;-;-;-;-;-;-;-;-;95
355070 SAO SEBASTIAO;-;-;72;-;4;19;-;10;-;2;-;-;-;-;-;-;-;-;2;-;-;-;-;-;-;-;-;-;-;-;-;-;-;-;-;-;-;-;-;-;-;-;-;-;-;-;-;-;-;3;-;1;-;1;-;-;-;1;-;-;-;-;115
355080 SAO SEBASTIAO DA GRAMA;-;-;6;-;-;2;-;1;-;-;-;-;-;-;-;-;-;-;-;-;-;-;-;-;-;-;-;-;-;-;-;-;-;-;-;-;-;-;-;-;-;-;-;-;-;-;-;-;-;-;-;-;-;-;-;-;-;-;-;-;-;-;9
355090 SAO SIMAO;-;-;6;-;-;-;-;1;-;-;-;-;-;-;-;-;-;-;-;-;-;-;-;-;-;-;-;-;-;-;-;-;-;-;-;-;-;-;-;-;-;-;-;-;-;-;-;-;-;-;-;-;-;-;1;-;-;-;-;-;-;-;8
355100 SAO VICENTE;1;3;27;3;-;14;-;4;2;-;-;2;1;1;-;-;-;-;2;-;-;-;-;-;-;-;-;-;1;-;-;-;-;-;-;-;-;1;-;-;-;-;-;1;-;-;1;-;-;-;1;6;-;-;-;-;-;-;-;-;-;1;72
355110 SARAPUI;-;-;2;-;-;-;-;1;-;-;-;-;-;-;-;-;-;-;-;-;-;-;-;-;-;-;-;-;-;-;-;-;-;-;-;-;-;-;-;-;-;-;-;-;-;-;-;-;-;-;-;-;-;-;-;-;-;-;-;-;-;-;3
355120 SARUTAIA;-;-;-;-;-;-;-;1;-;-;-;-;-;-;-;-;-;-;-;-;-;-;-;-;-;-;-;-;-;-;-;-;-;-;-;-;-;-;-;-;-;-;-;-;-;-;-;-;-;-;-;-;-;-;-;-;-;-;-;-;-;-;1
355130 SEBASTIANOPOLIS DO SUL;-;-;3;-;-;2;-;-;-;-;-;-;-;-;-;-;-;-;-;-;-;-;-;-;-;-;-;-;-;-;-;-;-;-;-;-;-;-;-;-;-;-;-;-;-;-;-;-;-;-;-;-;-;-;-;-;-;-;-;-;-;-;5
355140 SERRA AZUL;-;-;16;-;-;2;-;-;-;-;-;-;-;-;-;-;-;-;-;-;-;-;-;-;-;-;-;-;-;-;-;-;-;-;-;-;-;-;-;-;-;-;-;-;-;-;-;-;-;-;-;-;-;-;-;-;-;-;-;-;-;-;18
355150 SERRANA;1;-;11;-;2;3;-;9;2;2;-;-;-;-;-;-;-;-;1;-;-;-;-;-;-;-;-;1;1;-;-;-;2;-;-;-;-;1;-;-;-;-;-;1;-;-;-;-;-;-;-;-;-;1;-;-;-;-;-;-;-;-;38
355160 SERRA NEGRA;1;-;13;-;1;7;1;-;-;-;-;-;-;-;-;-;-;-;-;-;-;-;-;-;-;-;-;-;-;-;-;-;-;-;-;-;-;-;-;-;-;-;-;-;-;-;-;-;-;-;-;-;-;-;-;-;-;-;-;-;-;-;23
355170 SERTAOZINHO;7;-;111;11;13;-;-;20;3;14;-;-;-;-;1;-;-;-;4;-;-;-;-;-;-;-;-;-;-;-;-;-;-;1;-;2;-;1;-;-;-;-;-;2;-;-;1;-;-;1;-;-;-;4;1;-;-;-;-;-;-;-;197
355180 SETE BARRAS;-;-;-;-;-;1;-;-;-;-;-;-;-;-;-;-;-;-;-;-;-;-;-;-;-;-;-;-;-;-;-;-;-;-;-;-;-;-;-;-;-;-;-;-;-;-;-;-;-;-;-;-;-;-;-;-;-;-;-;-;-;-;1
355190 SEVERINIA;-;-;1;-;-;1;-;-;-;-;-;-;-;-;-;-;-;-;-;-;-;-;-;-;-;-;-;-;-;-;-;-;-;-;-;-;-;-;-;-;-;-;-;-;-;-;-;-;-;-;-;-;-;-;-;-;-;-;-;-;-;-;2
355200 SILVEIRAS;-;-;1;-;-;2;-;1;-;-;-;-;-;-;-;-;-;-;-;-;-;-;-;-;-;-;-;-;-;-;-;-;-;-;-;-;-;-;-;-;-;-;-;-;-;-;-;-;-;-;-;-;-;-;-;-;-;-;-;-;-;-;4
355210 SOCORRO;-;-;21;-;-;7;-;-;-;-;-;-;-;-;-;1;-;-;3;-;-;-;-;-;-;-;-;-;-;-;-;-;-;-;-;-;-;-;-;-;-;-;-;-;-;-;-;-;-;-;-;-;-;-;-;-;-;-;-;-;-;-;32
355220 SOROCABA;78;80;510;-;73;21;3;423;35;16;-;2;1;6;5;-;1;4;31;7;1;3;4;16;-;-;-;5;2;9;4;-;11;1;-;6;1;14;-;2;8;-;-;15;-;-;29;5;-;16;3;89;13;11;32;-;-;5;2;261;2;3;1869
355230 SUD MENNUCCI;-;-;4;-;-;2;-;-;-;-;-;-;-;-;-;-;-;-;1;-;-;-;-;-;-;-;-;-;-;-;-;-;-;-;-;-;-;-;-;-;-;-;-;-;-;-;-;-;-;-;-;-;-;-;-;-;-;-;-;-;-;-;7
355240 SUMARE;1;4;94;-;9;15;-;29;1;-;1;-;-;-;1;-;-;-;1;-;-;1;-;-;-;-;-;2;-;-;-;-;-;-;-;-;-;2;-;1;-;-;-;-;-;-;1;-;-;4;1;-;-;1;-;-;-;-;-;-;-;-;169
355250 SUZANO;1;2;48;4;3;15;-;19;2;-;-;-;1;-;-;-;-;-;1;-;-;-;-;-;-;-;-;-;-;-;-;-;-;-;-;-;-;-;-;-;-;-;-;-;-;-;-;-;-;1;-;2;-;-;1;-;-;-;-;-;-;-;100
355260 TABAPUA;-;1;17;-;-;1;-;2;-;-;-;-;-;-;-;-;-;-;-;-;-;-;-;-;-;-;-;-;-;-;-;-;-;-;-;-;-;-;-;-;-;-;-;-;-;-;-;-;-;-;-;-;-;-;-;-;-;-;-;-;-;-;21
355270 TABATINGA;-;-;5;-;-;2;-;1;1;1;-;-;-;-;-;-;-;-;-;-;-;-;-;-;-;-;-;-;-;-;-;-;-;-;-;-;-;-;-;-;-;-;-;-;-;-;-;-;-;-;-;-;-;-;-;-;-;-;-;-;-;-;10
355280 TABOAO DA SERRA;4;5;159;13;9;-;-;78;8;-;-;1;2;-;1;-;-;-;5;-;1;-;-;-;-;-;1;2;2;1;-;-;-;-;-;2;-;-;-;-;1;-;1;2;7;1;5;-;-;4;-;-;-;5;1;-;-;1;-;7;1;-;330
355290 TACIBA;-;-;3;-;-;3;-;-;-;-;-;-;-;-;-;-;-;-;-;-;-;-;-;-;-;-;-;-;-;-;-;-;-;-;-;-;-;-;-;-;-;-;-;-;-;-;-;-;-;-;-;-;-;-;-;-;-;-;-;-;-;-;6
355300 TAGUAI;-;-;8;1;1;-;-;-;-;-;-;-;-;-;-;-;-;-;-;-;-;-;-;-;-;-;-;-;-;-;-;-;-;-;-;-;-;-;-;-;-;-;-;-;-;-;-;-;-;-;-;-;-;-;-;-;-;-;-;-;-;-;10
355310 TAIACU;-;-;2;-;-;1;-;-;-;-;-;-;-;-;-;-;-;-;-;-;-;-;-;-;-;-;-;-;-;-;-;-;-;-;-;-;-;-;-;-;-;-;-;-;-;-;-;-;-;-;-;-;-;-;-;-;-;-;-;-;-;-;3
355320 TAIUVA;-;-;7;-;-;-;-;-;-;-;-;-;-;-;-;-;-;-;-;-;-;-;-;-;-;-;-;-;-;-;-;-;-;-;-;-;-;-;-;-;-;-;-;-;-;-;-;-;-;-;-;-;-;-;-;-;-;-;-;-;-;-;7
355330 TAMBAU;2;1;12;-;-;1;-;1;1;-;-;-;-;-;-;-;-;-;1;-;-;-;-;-;-;-;-;-;-;-;-;-;-;-;-;-;-;-;-;-;-;-;-;1;-;-;-;-;-;-;-;-;-;-;-;-;-;-;-;-;-;-;20
355340 TANABI;-;-;46;-;-;2;-;2;-;3;-;-;-;-;-;-;-;-;-;-;-;-;-;-;-;-;-;-;-;-;-;-;-;-;-;-;-;-;-;-;-;-;-;-;-;-;-;-;-;-;-;-;-;-;-;-;-;-;-;-;-;-;53
355350 TAPIRAI;-;-;2;-;-;2;-;-;-;-;-;-;-;-;-;-;-;-;-;-;-;-;-;-;-;-;-;-;-;-;-;-;-;-;-;-;-;-;-;-;-;-;-;-;-;-;-;-;-;-;-;-;-;-;-;-;-;-;-;-;-;-;4
355360 TAPIRATIBA;-;-;3;-;-;1;1;-;-;-;-;1;-;-;-;-;-;-;-;-;-;-;-;-;-;-;-;-;-;-;-;-;-;-;-;-;-;-;-;-;-;-;-;-;-;-;-;-;-;-;-;-;-;-;-;-;-;-;-;-;-;-;6
355370 TAQUARITINGA;1;1;24;-;2;3;-;5;-;1;-;2;-;-;1;-;-;-;6;-;-;-;-;-;-;-;-;1;-;-;-;-;4;-;-;-;-;1;-;-;-;-;-;1;-;-;-;-;-;-;-;3;-;-;-;-;-;-;-;-;2;-;58
355380 TAQUARITUBA;-;-;14;-;-;1;-;1;-;-;-;-;-;-;-;-;-;-;1;-;-;-;-;-;-;-;-;-;-;-;-;-;-;-;-;-;-;-;-;-;-;-;-;-;-;-;-;-;-;-;-;2;-;-;-;-;-;-;-;-;-;-;19
355385 TAQUARIVAI;-;-;2;-;-;2;-;-;-;-;-;-;-;-;-;-;-;-;-;-;-;-;-;-;-;-;-;-;-;-;-;-;-;-;-;-;-;-;-;-;-;-;-;-;-;-;-;-;-;-;-;-;-;-;-;-;-;-;-;-;-;-;4
355390 TARABAI;-;-;2;-;-;3;-;-;-;-;-;-;-;-;-;-;-;-;-;-;-;-;-;-;-;-;-;-;-;-;-;-;-;-;-;-;-;-;-;-;-;-;-;-;-;-;-;-;-;-;-;-;-;-;-;-;-;-;-;-;-;-;5
355395 TARUMA;-;-;3;-;-;2;-;1;-;-;-;-;-;-;-;-;-;-;1;-;-;-;-;-;-;-;-;-;-;-;-;-;-;-;-;-;-;-;-;-;-;-;-;-;-;-;-;-;-;-;-;-;-;-;-;-;-;-;-;-;-;-;7
355400 TATUI;1;-;33;-;7;5;-;6;4;3;-;-;1;1;2;-;-;-;1;-;-;-;-;-;-;-;-;2;1;-;-;-;-;-;-;-;-;2;-;-;-;-;-;-;-;-;-;-;-;4;-;2;-;1;1;-;-;2;-;-;1;-;80
355410 TAUBATE;21;19;269;-;21;11;-;83;9;6;-;3;2;-;-;1;-;-;15;-;-;-;-;2;-;-;-;9;1;1;1;-;-;1;-;5;-;2;-;3;-;-;-;6;-;-;6;-;-;8;2;19;11;23;4;3;1;1;1;1;1;5;577
355420 TEJUPA;-;-;2;-;-;1;-;-;-;-;-;-;-;-;-;-;-;-;-;-;-;-;-;-;-;-;-;-;-;-;-;-;-;-;-;-;-;-;-;-;-;-;-;-;-;-;-;-;-;-;-;-;-;-;-;-;-;-;-;-;-;-;3
355430 TEODORO SAMPAIO;-;-;12;-;-;3;-;-;-;-;-;-;-;-;-;-;-;-;-;-;-;-;-;-;-;-;-;-;-;-;-;-;-;-;-;-;-;-;-;-;-;-;-;-;-;-;-;-;-;-;-;-;-;-;-;-;-;-;-;-;-;-;15
355440 TERRA ROXA;-;-;1;-;-;2;-;-;-;-;-;-;-;-;-;-;-;-;-;-;-;-;-;-;-;-;-;-;-;-;-;-;-;-;-;-;-;-;-;-;-;-;-;-;-;-;-;-;-;-;-;-;-;-;-;-;-;-;-;-;-;-;3
355450 TIETE;-;-;10;-;-;3;-;2;-;-;-;-;-;-;-;-;-;-;1;-;-;-;-;-;-;-;-;-;-;-;-;-;-;-;-;-;-;-;-;-;-;-;-;-;-;-;-;-;-;1;-;1;-;-;-;-;-;-;-;-;-;-;18
355470 TORRINHA;-;-;3;1;-;3;-;-;-;-;-;-;-;-;-;-;-;-;-;-;-;-;-;-;-;-;-;-;-;-;-;-;-;-;-;-;-;-;-;-;-;-;-;-;-;-;-;-;-;-;-;-;-;-;-;-;-;-;-;-;-;-;7
355480 TREMEMBE;-;-;3;-;-;3;-;2;-;-;-;-;-;-;-;-;-;-;-;-;-;-;-;-;-;-;-;-;-;-;-;-;-;-;-;-;-;-;-;-;-;-;-;-;-;-;-;-;-;-;-;-;-;-;-;-;-;-;-;-;-;-;8
355490 TRES FRONTEIRAS;-;-;1;-;-;-;-;-;-;-;-;-;-;-;-;-;-;-;-;-;-;-;-;-;-;-;-;-;-;-;-;-;-;-;-;-;-;-;-;-;-;-;-;-;-;-;-;-;-;-;-;-;-;-;-;-;-;-;-;-;-;-;1
355500 TUPA;-;-;85;-;-;5;-;3;1;1;-;-;-;-;1;-;-;-;3;-;-;1;-;-;-;-;-;2;1;-;-;-;-;-;-;1;1;-;-;-;-;-;-;-;-;-;2;-;-;6;-;1;2;-;-;-;-;-;-;-;-;-;116
355510 TUPI PAULISTA;-;-;4;-;1;-;-;1;-;-;-;-;-;-;-;-;-;-;-;-;-;-;-;1;-;-;-;-;-;-;-;-;-;-;-;-;-;-;-;-;-;-;-;-;-;-;-;-;-;-;-;-;-;-;-;-;-;-;-;-;-;-;7
355520 TURIUBA;-;-;1;-;-;1;-;-;-;-;-;-;-;-;-;-;-;-;-;-;-;-;-;-;-;-;-;-;-;-;-;-;-;-;-;-;-;-;-;-;-;-;-;-;-;-;-;-;-;-;-;-;-;-;-;-;-;-;-;-;-;-;2
355530 TURMALINA;-;-;-;-;-;1;-;-;-;-;-;-;-;-;-;-;-;-;-;-;-;-;-;-;-;-;-;-;-;-;-;-;-;-;-;-;-;-;-;-;-;-;-;-;-;-;-;-;-;-;-;-;-;-;-;-;-;-;-;-;-;-;1
355535 UBARANA;-;-;12;-;-;1;-;-;-;-;-;-;-;-;-;-;-;-;-;-;-;-;-;-;-;-;-;-;-;-;-;-;-;-;-;-;-;-;-;-;-;-;-;-;-;-;-;-;-;-;-;-;-;-;-;-;-;-;-;-;-;-;13
355540 UBATUBA;-;1;105;-;4;23;-;13;4;2;-;-;-;1;-;-;-;-;3;-;-;-;-;-;-;-;-;1;1;-;-;-;-;-;-;-;-;-;-;-;-;-;-;1;-;-;-;1;-;-;-;1;-;1;-;-;-;-;-;-;-;-;162
355550 UBIRAJARA;-;-;1;-;-;1;-;-;-;-;-;-;-;-;-;-;-;-;-;-;-;-;-;-;-;-;-;-;-;-;-;-;-;-;-;-;-;-;-;-;-;-;-;-;-;-;-;-;-;-;-;-;-;-;-;-;-;-;-;-;-;-;2
355560 UCHOA;-;-;9;-;-;2;-;-;-;-;-;-;-;-;-;-;-;-;-;-;-;-;-;-;-;-;-;-;-;-;-;-;-;-;-;-;-;-;-;-;-;-;-;-;-;-;-;-;-;-;-;-;-;-;-;-;-;-;-;-;-;-;11
355570 UNIAO PAULISTA;-;-;1;-;-;-;-;-;-;-;-;-;-;-;-;-;-;-;-;-;-;-;-;-;-;-;-;-;-;-;-;-;-;-;-;-;-;-;-;-;-;-;-;-;-;-;-;-;-;-;-;-;-;-;-;-;-;-;-;-;-;-;1
355580 URANIA;-;-;4;-;-;-;-;-;-;1;-;-;-;-;-;-;-;-;-;-;-;-;-;-;-;-;-;-;-;-;-;-;-;-;-;-;-;-;-;-;-;-;-;-;-;-;-;-;-;-;-;-;-;-;-;-;-;-;-;-;-;-;5
355590 URU;-;-;-;-;-;1;-;-;-;-;-;-;-;-;-;-;-;-;-;-;-;-;-;-;-;-;-;-;-;-;-;-;-;-;-;-;-;-;-;-;-;-;-;-;-;-;-;-;-;-;-;-;-;-;-;-;-;-;-;-;-;-;1
355600 URUPES;-;-;6;-;-;-;-;3;-;-;-;-;-;-;-;-;-;-;-;-;-;-;-;-;-;-;-;-;-;-;-;-;-;-;-;-;-;-;-;-;-;-;-;-;-;-;-;-;-;-;-;-;-;-;-;-;-;-;-;-;-;-;9
355610 VALENTIM GENTIL;-;-;3;-;-;3;-;-;-;-;-;-;-;-;-;-;-;-;-;-;-;-;-;-;-;-;-;-;-;-;-;-;-;-;-;-;-;-;-;-;-;-;-;-;-;-;-;-;-;-;-;-;-;-;-;-;-;-;-;-;-;-;6
355620 VALINHOS;2;11;85;1;7;-;-;18;6;3;-;-;-;-;2;-;-;-;-;-;-;-;-;1;-;-;-;3;1;2;-;-;1;-;-;1;-;1;-;1;-;-;-;2;-;-;-;-;-;6;-;3;-;4;1;-;-;-;-;-;-;-;162
355630 VALPARAISO;-;-;2;-;-;2;-;1;-;-;-;-;-;-;-;-;-;-;-;-;-;-;-;-;-;-;-;-;-;-;-;-;-;-;-;-;-;-;-;-;-;-;-;-;-;-;-;-;-;-;-;-;-;-;-;-;-;-;-;-;-;-;5
355635 VARGEM;-;-;6;-;-;-;-;-;-;-;-;-;-;-;-;-;-;-;-;-;-;-;-;-;-;-;-;-;-;-;-;-;-;-;-;-;-;-;-;-;-;-;-;-;-;-;-;-;-;-;-;-;-;-;-;-;-;-;-;-;-;-;6
355640 VARGEM GRANDE DO SUL;2;-;20;-;-;9;-;3;1;1;-;-;-;-;-;-;-;-;3;-;-;-;-;-;-;-;-;1;-;-;-;-;-;-;-;-;-;-;-;-;-;-;-;-;-;-;-;-;-;2;-;-;-;-;-;-;-;-;-;-;-;-;42
355645 VARGEM GRANDE PAULISTA;-;-;10;-;1;2;-;2;-;-;-;-;-;-;-;-;-;-;1;-;-;-;-;-;-;-;-;-;-;-;-;-;-;-;-;-;-;-;-;-;-;-;-;1;-;-;-;-;-;-;-;-;-;-;-;1;-;-;-;-;-;-;18
355650 VARZEA PAULISTA;-;-;8;-;2;9;-;3;-;-;-;-;-;-;-;-;-;-;1;-;-;-;-;-;-;-;-;-;-;-;-;-;-;-;-;1;-;1;-;-;-;-;-;-;-;-;-;-;-;2;-;1;-;1;-;-;-;-;-;-;-;-;29
355660 VERA CRUZ;-;-;3;-;-;1;-;-;-;-;-;-;-;-;-;-;-;-;-;-;-;-;-;-;-;-;-;-;-;-;-;-;-;-;-;-;-;-;-;-;-;-;-;-;-;-;-;-;-;-;-;-;-;-;-;-;-;-;-;-;-;-;4
355670 VINHEDO;2;1;28;-;1;1;-;13;2;1;-;-;-;-;-;-;-;-;3;-;1;-;-;-;-;-;-;-;1;-;-;-;3;-;-;-;-;1;-;-;-;-;-;-;-;-;-;-;-;-;-;1;-;-;-;-;-;-;-;-;-;-;59
355680 VIRADOURO;-;1;2;-;-;2;-;1;-;-;-;-;-;-;-;-;-;-;-;-;-;-;-;-;-;-;-;-;-;-;-;-;-;-;-;-;-;-;-;-;-;-;-;-;-;-;-;-;-;-;-;-;-;-;-;-;-;-;-;-;-;-;6
355690 VISTA ALEGRE DO ALTO;-;-;8;-;-;-;-;-;-;-;-;-;-;-;-;-;-;-;-;-;-;-;-;-;-;-;-;-;-;-;-;-;-;-;-;-;-;-;-;-;-;-;-;-;-;-;-;-;-;-;-;-;-;-;-;-;-;-;-;-;-;-;8
355700 VOTORANTIM;-;-;18;5;1;-;1;9;1;1;-;-;-;-;-;-;-;-;-;-;-;-;-;-;-;-;-;-;1;-;-;-;-;-;-;-;-;-;-;-;-;-;-;-;-;-;-;-;-;1;-;-;-;-;-;-;-;-;-;-;-;-;38
355710 VOTUPORANGA;4;3;121;-;2;17;-;14;-;4;-;-;1;-;-;2;-;-;14;1;-;-;-;-;-;-;-;3;-;-;-;-;1;-;-;1;-;-;-;-;-;-;-;1;-;-;4;-;-;5;1;3;-;-;2;-;-;-;-;87;-;1;292
355715 ZACARIAS;-;-;-;-;-;1;-;-;-;-;-;-;-;-;-;-;-;-;-;-;-;-;-;-;-;-;-;-;-;-;-;-;-;-;-;-;-;-;-;-;-;-;-;-;-;-;-;-;-;-;-;-;-;-;-;-;-;-;-;-;-;-;1
355720 CHAVANTES;-;-;3;-;-;3;-;2;-;-;-;-;-;-;-;-;-;-;-;-;-;-;-;-;-;-;-;-;-;-;-;-;-;-;-;-;-;-;-;-;-;-;-;-;-;-;-;-;-;-;-;-;-;-;-;-;-;-;-;-;-;-;8
355730 ESTIVA GERBI;-;-;2;-;-;3;-;-;-;-;-;-;-;-;-;-;-;-;-;-;-;-;-;-;-;-;-;-;1;-;-;-;-;-;-;-;-;-;-;-;-;-;-;-;-;-;-;-;-;-;-;-;-;-;-;-;-;-;-;-;-;-;6
Total;2898;1901;31451;910;3700;3894;124;9518;1859;2207;110;185;182;295;258;118;9;89;2798;74;138;156;113;284;24;7;20;796;270;342;157;2;643;91;35;392;93;384;42;129;244;2;48;1005;48;51;1078;228;5;1533;136;1752;1086;2162;654;49;38;228;100;14477;191;327;92140
;;;;;;;;;;;;;;;;;;;;;;;;;;;;;;;;;;;;;;;;;;;;;;;;;;;;;;;;;;;;;;;
;;;;;;;;;;;;;;;;;;;;;;;;;;;;;;;;;;;;;;;;;;;;;;;;;;;;;;;;;;;;;;;
;;;;;;;;;;;;;;;;;;;;;;;;;;;;;;;;;;;;;;;;;;;;;;;;;;;;;;;;;;;;;;;
;;;;;;;;;;;;;;;;;;;;;;;;;;;;;;;;;;;;;;;;;;;;;;;;;;;;;;;;;;;;;;;
 ;;;;;;;;;;;;;;;;;;;;;;;;;;;;;;;;;;;;;;;;;;;;;;;;;;;;;;;;;;;;;;;
;;;;;;;;;;;;;;;;;;;;;;;;;;;;;;;;;;;;;;;;;;;;;;;;;;;;;;;;;;;;;;;
;;;;;;;;;;;;;;;;;;;;;;;;;;;;;;;;;;;;;;;;;;;;;;;;;;;;;;;;;;;;;;;
;;;;;;;;;;;;;;;;;;;;;;;;;;;;;;;;;;;;;;;;;;;;;;;;;;;;;;;;;;;;;;;
 ;;;;;;;;;;;;;;;;;;;;;;;;;;;;;;;;;;;;;;;;;;;;;;;;;;;;;;;;;;;;;;;
