Município;POSTO DE SAUDE;CENTRO DE SAUDE/UNIDADE BASICA;POLICLINICA;HOSPITAL GERAL;HOSPITAL ESPECIALIZADO;UNIDADE MISTA;PRONTO SOCORRO GERAL;PRONTO SOCORRO ESPECIALIZADO;CONSULTORIO ISOLADO;CLINICA/CENTRO DE ESPECIALIDADE;UNIDADE DE APOIO DIAGNOSE E TERAPIA (SADT ISOLADO);UNIDADE MOVEL TERRESTRE;UNIDADE MOVEL DE NIVEL PRE-HOSPITALAR NA AREA DE URGENCIA;FARMACIA;UNIDADE DE VIGILANCIA EM SAUDE;COOPERATIVA OU EMPRESA DE CESSAO DE TRABALHADORES NA SAUDE;CENTRO DE PARTO NORMAL - ISOLADO;HOSPITAL/DIA - ISOLADO;LABORATORIO CENTRAL DE SAUDE PUBLICA LACEN;CENTRAL DE GESTAO EM SAUDE;CENTRO DE ATENCAO HEMOTERAPIA E OU HEMATOLOGICA;CENTRO DE ATENCAO PSICOSSOCIAL;CENTRO DE APOIO A SAUDE DA FAMILIA;UNIDADE DE ATENCAO A SAUDE INDIGENA;PRONTO ATENDIMENTO;POLO ACADEMIA DA SAUDE;TELESSAUDE;CENTRAL DE REGULACAO MEDICA DAS URGENCIAS;SERVICO DE ATENCAO DOMICILIAR ISOLADO(HOME CARE);UNIDADE DE ATENCAO EM REGIME RESIDENCIAL;OFICINA ORTOPEDICA;LABORATORIO DE SAUDE PUBLICA;CENTRAL DE REGULACAO DO ACESSO;CENTRAL DE NOTIFICACAO,CAPTACAO E DISTRIB DE ORGAOS ESTADUAL;POLO DE PREVENCAO DE DOENCAS E AGRAVOS E PROMOCAO DA SAUDE;CENTRAL DE ABASTECIMENTO;CENTRO DE IMUNIZACAO;Total
350010 ADAMANTINA;-;9;4;1;1;-;-;-;101;13;17;1;2;-;3;-;-;-;-;2;-;1;1;-;-;1;-;-;-;-;-;-;-;-;-;-;-;157
350020 ADOLFO;-;1;-;-;-;-;-;-;2;1;1;-;-;-;-;-;-;-;-;1;-;-;-;-;-;-;-;-;-;-;-;-;-;-;-;-;-;6
350030 AGUAI;-;6;1;1;-;-;1;-;43;2;6;-;1;3;2;1;-;-;-;1;-;1;-;-;-;-;-;-;-;-;-;1;-;-;-;-;-;70
350040 AGUAS DA PRATA;-;2;-;-;-;-;-;-;1;2;-;-;-;-;-;-;-;-;-;1;-;-;-;-;-;-;-;-;-;-;-;-;-;-;-;-;-;6
350050 AGUAS DE LINDOIA;-;5;-;1;-;-;-;-;26;7;4;-;-;1;-;-;-;-;-;1;-;1;1;-;-;-;-;-;-;-;-;-;-;-;-;-;-;47
350055 AGUAS DE SANTA BARBARA;-;4;-;-;-;-;-;-;4;1;-;-;-;-;-;-;-;-;-;1;-;-;-;-;-;-;-;-;-;-;-;-;-;-;-;-;-;10
350060 AGUAS DE SAO PEDRO;-;1;-;-;-;-;1;-;2;-;1;-;-;-;-;-;-;-;-;1;-;-;-;-;-;-;-;-;-;-;-;-;-;-;-;-;-;6
350070 AGUDOS;-;7;3;1;-;-;-;-;18;1;1;-;1;-;-;-;-;-;-;1;-;1;-;-;1;-;-;-;-;-;-;-;-;-;-;-;-;35
350075 ALAMBARI;2;2;-;-;-;-;-;-;2;1;-;-;1;-;-;-;-;-;-;1;-;-;-;-;-;-;-;-;-;-;-;-;1;-;-;-;-;10
350080 ALFREDO MARCONDES;-;1;-;-;-;-;-;-;-;-;-;-;-;-;-;-;-;-;-;1;-;-;-;-;-;-;-;-;-;-;-;-;-;-;-;-;-;2
350090 ALTAIR;-;3;-;-;-;-;-;-;1;1;-;-;1;-;-;-;-;-;-;1;-;-;-;-;-;1;-;-;-;-;-;-;-;-;-;-;-;8
350100 ALTINOPOLIS;-;7;1;1;-;-;-;-;23;8;1;-;1;1;1;-;-;-;-;1;-;-;-;-;-;-;-;-;-;-;-;-;-;-;-;-;-;45
350110 ALTO ALEGRE;-;3;-;1;-;-;-;-;2;1;-;-;-;-;-;-;-;-;-;1;-;-;-;-;-;-;-;-;-;-;-;-;-;-;-;-;-;8
350115 ALUMINIO;-;2;1;-;-;-;-;-;3;5;1;-;-;-;-;-;-;-;-;1;-;-;-;-;1;-;-;-;-;-;-;-;1;-;-;-;-;15
350120 ALVARES FLORENCE;-;3;-;-;-;-;-;-;1;1;-;-;-;-;-;-;-;-;-;1;-;-;-;-;-;-;-;-;-;-;-;-;-;-;-;-;-;6
350130 ALVARES MACHADO;-;7;-;1;-;-;-;-;4;4;4;-;-;1;-;1;-;-;-;1;-;-;-;-;-;-;-;-;-;-;-;-;-;-;-;-;-;23
350140 ALVARO DE CARVALHO;-;3;-;-;-;-;-;-;-;-;-;-;-;-;-;-;-;-;-;1;-;-;-;-;-;-;-;-;-;-;-;-;-;-;-;-;-;4
350150 ALVINLANDIA;-;1;-;-;-;-;-;-;-;-;-;-;-;-;-;-;-;-;-;1;-;-;-;-;-;1;-;-;-;-;-;-;-;-;-;-;-;3
350160 AMERICANA;-;22;9;4;1;-;-;-;883;26;57;-;1;1;1;-;-;1;-;1;1;3;-;-;1;-;-;-;2;-;-;-;1;-;1;1;2;1019
350170 AMERICO BRASILIENSE;-;5;-;2;-;1;-;-;8;5;1;-;2;-;2;-;-;-;-;1;-;1;-;-;1;2;-;-;-;-;-;-;-;-;-;2;-;33
350180 AMERICO DE CAMPOS;-;2;-;-;-;-;-;-;3;1;-;-;-;-;1;-;-;-;-;1;1;-;1;-;-;-;-;-;-;-;-;-;-;-;-;-;-;10
350190 AMPARO;1;15;10;2;1;-;-;-;210;13;37;2;-;1;1;-;-;-;-;2;-;2;-;-;1;1;-;-;3;-;-;-;-;-;1;1;-;304
350200 ANALANDIA;-;1;-;-;-;-;-;-;3;-;1;-;-;-;-;-;-;-;-;1;-;-;-;-;-;-;-;-;-;-;-;-;-;-;-;-;-;6
350210 ANDRADINA;-;7;3;1;1;-;1;-;220;7;10;21;-;-;2;-;-;-;1;3;-;2;1;-;1;1;-;-;1;-;-;-;1;-;-;-;1;285
350220 ANGATUBA;5;2;1;1;-;-;-;-;19;2;4;-;1;-;1;-;-;-;-;1;-;1;-;-;-;-;-;-;-;-;-;1;1;-;1;1;-;42
350230 ANHEMBI;-;3;-;-;-;-;-;-;2;-;-;-;1;-;-;-;-;-;-;1;-;-;-;-;1;1;-;-;-;-;-;-;-;-;-;-;-;9
350240 ANHUMAS;3;-;-;-;-;-;-;-;-;1;1;-;-;1;1;-;-;-;-;1;-;-;-;-;-;1;-;-;-;-;-;-;-;-;-;-;-;9
350250 APARECIDA;1;9;1;1;-;-;-;-;18;4;6;-;1;1;-;-;-;-;-;1;-;1;-;-;1;-;-;-;-;-;-;-;-;-;-;-;-;45
350260 APARECIDA D'OESTE;-;2;-;1;-;-;-;-;-;-;1;-;1;-;-;-;-;-;-;1;-;-;-;-;-;1;-;-;-;-;-;-;-;-;-;-;-;7
350270 APIAI;-;9;1;1;-;-;-;-;24;3;4;-;1;-;-;-;-;-;-;1;-;1;-;-;-;-;-;-;-;-;-;-;1;-;-;1;-;47
350275 ARACARIGUAMA;-;3;2;-;-;-;-;-;5;4;2;-;2;-;-;-;-;-;-;1;-;1;-;-;1;-;-;-;-;-;-;-;1;-;-;-;-;22
350280 ARACATUBA;2;20;35;4;-;-;1;-;524;11;35;1;4;3;3;-;-;2;-;3;-;3;-;-;-;-;-;1;5;-;-;1;1;-;-;1;6;666
350290 ARACOIABA DA SERRA;-;7;2;-;1;-;-;-;7;4;3;-;-;1;-;-;-;6;-;1;-;1;-;-;1;-;-;-;1;-;-;-;1;-;-;-;-;36
350300 ARAMINA;-;4;-;-;-;-;-;-;5;-;1;-;-;-;1;-;-;-;-;1;-;-;-;-;-;-;-;-;-;-;-;-;-;-;-;-;-;12
350310 ARANDU;-;1;-;1;-;-;-;-;3;-;-;-;-;-;-;-;-;-;-;1;-;-;-;-;-;-;-;-;-;-;-;-;-;-;-;-;-;6
350315 ARAPEI;-;2;-;-;-;-;-;-;-;-;-;-;-;-;-;-;-;-;-;1;-;-;-;-;-;-;-;-;-;-;-;-;-;-;-;-;-;3
350320 ARARAQUARA;-;42;12;4;3;-;-;-;634;75;21;1;23;7;3;-;-;2;-;2;-;2;-;-;4;2;-;1;-;-;-;-;1;-;-;2;-;841
350330 ARARAS;2;23;1;3;1;-;-;-;242;32;14;-;3;1;2;-;-;-;-;1;1;2;-;-;1;-;-;1;-;-;-;-;-;-;-;1;1;332
350335 ARCO-IRIS;-;1;-;-;-;-;-;-;-;-;-;-;-;-;-;-;-;-;-;1;-;-;-;-;-;-;-;-;-;-;-;-;-;-;-;-;-;2
350340 AREALVA;-;4;-;1;-;-;-;-;2;1;-;-;1;-;-;-;-;-;-;1;-;-;-;-;-;1;-;-;-;-;-;-;-;-;2;-;-;13
350350 AREIAS;1;1;-;-;-;-;-;-;1;-;-;-;-;-;-;-;-;-;-;1;-;-;-;-;-;-;-;-;-;-;-;-;1;-;-;-;-;5
350360 AREIOPOLIS;-;3;1;-;-;-;-;-;4;1;2;-;1;-;-;-;-;-;-;1;-;-;-;-;-;1;-;-;-;-;-;-;-;-;-;-;-;14
350370 ARIRANHA;-;3;-;-;-;-;1;-;6;1;1;-;-;-;-;-;-;-;-;1;-;-;-;-;-;-;-;-;-;-;-;-;-;-;-;-;-;13
350380 ARTUR NOGUEIRA;-;17;4;1;-;-;-;-;50;6;7;-;1;1;-;-;-;-;-;1;-;1;-;-;-;-;-;-;1;-;-;1;1;-;-;1;2;95
350390 ARUJA;1;7;5;1;-;-;-;-;29;11;7;-;1;-;1;-;-;-;-;1;-;-;-;-;2;-;-;-;-;-;-;-;-;-;-;1;1;68
350395 ASPASIA;-;1;-;-;-;-;-;-;-;-;-;-;-;-;-;-;-;-;-;1;-;-;-;-;-;-;-;-;-;-;-;-;-;-;-;-;-;2
350400 ASSIS;3;20;7;4;-;-;-;-;376;17;23;-;2;7;-;-;-;6;-;3;-;2;2;-;2;1;-;1;1;-;-;-;1;-;1;2;1;482
350410 ATIBAIA;-;19;43;3;-;-;-;-;264;12;49;-;2;5;1;-;-;-;-;2;-;2;-;-;1;1;-;-;4;-;-;-;-;-;-;1;3;412
350420 AURIFLAMA;-;6;-;1;-;-;-;-;17;2;3;-;-;-;1;-;-;-;-;1;-;-;-;-;-;-;-;-;-;-;-;-;1;-;-;-;-;32
350430 AVAI;-;1;-;-;-;-;-;-;-;-;-;-;-;-;-;-;-;-;-;1;-;-;-;-;-;-;-;-;-;-;-;-;-;-;-;-;-;2
350440 AVANHANDAVA;-;5;-;-;-;-;-;-;7;2;2;-;-;2;-;-;-;-;-;1;-;-;-;-;-;1;-;-;-;-;-;-;-;-;-;-;-;20
350450 AVARE;-;21;-;1;-;-;-;1;212;17;21;-;2;-;1;2;-;-;-;2;-;1;-;-;-;-;-;1;-;-;-;-;-;-;1;1;-;284
350460 BADY BASSITT;-;3;1;-;-;-;-;-;6;1;2;-;-;-;-;-;-;-;-;1;-;-;-;-;-;-;-;-;-;-;-;-;-;-;-;-;-;14
350470 BALBINOS;-;4;-;-;-;-;-;-;-;-;-;-;-;-;-;-;-;-;-;1;-;-;-;-;-;-;-;-;-;-;-;-;-;-;-;-;-;5
350480 BALSAMO;-;3;-;-;-;-;-;-;1;-;1;-;-;-;-;-;-;-;-;1;-;-;-;-;-;-;-;-;-;-;-;-;-;-;-;-;-;6
350490 BANANAL;5;-;-;-;-;1;-;-;1;1;1;-;1;1;-;-;-;-;-;1;-;1;-;-;-;-;-;-;-;-;-;-;1;-;-;-;-;14
350500 BARAO DE ANTONINA;-;2;-;-;-;-;-;-;-;-;-;-;-;-;-;-;-;-;-;1;-;-;-;-;-;1;-;-;-;-;-;-;-;-;-;-;-;4
350510 BARBOSA;-;1;-;-;-;-;-;-;-;-;-;-;-;-;-;-;-;-;-;1;-;-;-;-;-;1;-;-;-;-;-;-;-;-;-;-;-;3
350520 BARIRI;-;6;2;1;-;-;-;-;58;6;11;-;-;1;2;-;-;-;-;1;-;1;-;-;-;-;-;-;-;-;-;-;-;-;-;-;-;89
350530 BARRA BONITA;-;8;2;1;-;-;-;-;75;3;9;-;-;-;-;-;-;-;-;1;-;1;-;-;-;1;-;-;-;-;-;-;-;-;-;-;-;101
350535 BARRA DO CHAPEU;1;3;-;-;-;-;-;-;-;-;-;-;-;1;-;-;-;-;-;1;-;-;-;-;-;-;-;-;-;-;-;-;1;-;-;-;-;7
350540 BARRA DO TURVO;4;1;-;-;-;-;-;-;-;-;-;1;-;-;-;-;-;-;-;1;-;-;-;-;1;-;-;-;-;-;-;-;-;-;-;-;-;8
350550 BARRETOS;-;15;8;2;2;-;-;-;250;31;11;-;5;2;1;-;-;2;-;3;-;1;-;-;2;2;-;1;1;-;-;1;2;-;-;2;-;344
350560 BARRINHA;-;8;3;-;-;-;-;-;12;4;4;-;1;-;3;-;-;-;-;1;-;-;-;-;1;-;-;-;-;-;-;-;-;-;-;-;-;37
350570 BARUERI;1;18;27;3;-;-;6;2;329;46;22;-;-;9;1;-;-;1;-;1;1;3;-;-;1;-;1;-;-;-;-;-;1;-;-;1;1;475
350580 BASTOS;-;6;1;1;-;-;1;-;9;8;2;-;-;1;1;-;-;-;-;1;-;1;-;-;-;2;-;-;-;-;-;-;1;-;-;1;-;36
350590 BATATAIS;1;10;1;1;-;-;1;-;252;7;9;-;2;1;-;-;-;-;-;1;-;1;-;-;1;-;-;-;-;-;-;-;1;-;-;-;1;290
350600 BAURU;4;25;37;11;4;1;-;1;717;50;39;-;14;12;4;-;-;1;-;2;-;5;-;1;4;-;-;1;3;-;-;1;2;-;-;2;2;943
350610 BEBEDOURO;-;17;22;4;-;-;-;-;235;42;13;1;-;1;-;-;-;3;-;1;-;2;-;-;1;1;-;-;-;-;-;-;1;-;-;1;1;346
350620 BENTO DE ABREU;-;1;-;-;-;-;-;-;1;-;-;-;-;-;-;-;-;-;-;1;-;-;-;-;-;-;-;-;-;-;-;-;-;-;-;-;-;3
350630 BERNARDINO DE CAMPOS;-;4;-;1;-;-;-;-;6;3;3;-;1;-;-;-;-;-;-;1;-;1;-;-;-;-;-;-;-;-;-;-;-;-;-;-;-;20
350635 BERTIOGA;1;5;1;1;-;-;-;-;22;15;11;-;3;15;2;-;-;-;-;1;-;1;-;-;-;-;-;-;-;-;-;-;-;-;-;-;-;78
350640 BILAC;-;1;-;1;-;-;-;-;6;-;1;-;-;-;-;-;-;-;-;1;-;-;-;-;-;1;-;-;1;-;-;-;-;-;-;-;-;12
350650 BIRIGUI;-;12;4;2;-;-;-;-;181;34;18;-;-;5;-;-;-;-;-;1;-;-;-;-;1;-;-;-;3;-;-;-;-;-;-;-;-;261
350660 BIRITIBA-MIRIM;-;7;1;-;-;-;-;-;7;-;1;-;1;-;1;-;-;-;-;1;-;-;-;-;1;-;-;-;-;-;1;-;1;-;-;-;-;22
350670 BOA ESPERANCA DO SUL;-;4;-;1;-;-;-;-;9;1;2;-;1;2;-;-;-;-;-;1;-;-;-;-;-;-;-;-;-;-;-;-;-;-;-;-;-;21
350680 BOCAINA;-;5;1;1;-;-;-;-;11;3;-;-;-;-;-;-;-;-;-;-;-;-;-;-;-;-;-;-;-;-;-;-;-;-;-;-;-;21
350690 BOFETE;-;1;-;-;-;-;-;-;1;2;-;1;-;-;1;-;-;-;-;-;-;-;-;-;-;-;-;-;-;-;-;-;-;-;-;-;-;6
350700 BOITUVA;-;7;3;1;-;-;-;-;75;17;12;1;-;2;-;-;-;-;-;1;-;2;-;-;-;1;-;-;-;-;-;-;1;-;-;1;1;125
350710 BOM JESUS DOS PERDOES;-;2;-;-;-;1;-;-;11;1;4;-;1;-;-;-;-;-;-;1;-;-;-;-;-;-;-;-;-;-;-;-;-;-;-;-;-;21
350715 BOM SUCESSO DE ITARARE;-;2;-;-;-;-;-;-;-;-;-;-;1;-;1;-;-;-;-;1;-;-;-;-;-;-;-;-;-;-;-;-;1;-;-;-;-;6
350720 BORA;-;1;-;-;-;-;-;-;-;-;-;-;-;-;-;-;-;-;-;1;-;-;-;-;-;-;-;-;-;-;-;-;-;-;-;-;-;2
350730 BORACEIA;-;2;-;-;-;-;-;-;1;-;-;-;-;-;-;-;-;-;-;1;-;-;-;-;-;1;-;-;-;-;-;-;-;-;-;-;-;5
350740 BORBOREMA;4;1;3;1;-;-;1;-;19;5;3;-;-;-;-;-;-;-;-;1;-;1;-;-;-;-;-;-;-;-;-;-;-;-;-;-;-;39
350745 BOREBI;-;2;-;-;-;-;-;-;-;1;-;-;-;-;-;-;-;-;-;1;-;-;-;-;-;-;-;-;-;-;-;-;-;-;-;-;-;4
350750 BOTUCATU;-;20;1;3;1;-;-;-;633;40;8;-;3;2;1;-;-;-;-;1;-;4;1;-;-;-;-;1;-;-;-;-;1;1;2;4;4;731
350760 BRAGANCA PAULISTA;-;29;39;4;-;-;-;-;306;30;29;2;3;5;1;-;-;3;-;1;-;2;-;-;2;2;-;1;1;-;-;-;1;-;-;1;1;463
350770 BRAUNA;-;1;-;-;-;-;-;-;-;-;-;-;-;-;-;-;-;-;-;1;-;-;-;-;-;1;-;-;-;-;-;-;-;-;-;-;-;3
350775 BREJO ALEGRE;-;1;-;-;-;-;-;-;1;-;-;-;-;-;1;-;-;-;-;-;-;-;-;-;-;1;-;-;-;-;-;-;-;-;-;-;-;4
350780 BRODOWSKI;-;6;3;-;-;-;-;-;37;2;5;-;1;-;-;-;-;-;-;1;-;-;-;-;1;-;-;-;-;-;-;-;-;-;1;-;-;57
350790 BROTAS;-;7;-;1;-;-;-;-;64;2;3;-;-;1;-;-;-;-;-;1;-;-;-;-;-;-;-;-;-;-;-;-;-;-;1;-;-;80
350800 BURI;3;5;1;-;-;-;-;-;2;2;2;-;-;2;-;-;-;-;-;1;-;1;-;-;1;-;-;-;-;-;-;-;1;-;-;1;-;22
350810 BURITAMA;-;2;-;1;-;-;-;-;13;6;1;-;-;1;2;-;-;-;-;1;-;1;-;-;-;1;-;-;-;-;-;-;-;-;-;-;-;29
350820 BURITIZAL;-;2;-;-;-;-;-;-;2;-;1;-;-;-;-;-;-;-;-;1;-;-;-;-;-;-;-;-;-;-;-;-;-;-;-;-;-;6
350830 CABRALIA PAULISTA;-;2;-;-;-;-;-;-;-;1;-;-;-;-;-;-;-;-;-;1;-;-;-;-;-;-;-;-;-;-;-;-;-;-;-;-;-;4
350840 CABREUVA;-;8;3;1;1;-;-;-;8;10;7;-;-;2;-;-;-;-;-;1;-;1;-;-;1;-;-;-;1;-;-;-;-;-;-;1;-;45
350850 CACAPAVA;-;20;-;3;2;1;-;-;278;17;9;1;2;3;3;-;-;-;-;2;-;3;-;-;-;-;-;-;-;-;-;-;1;-;1;1;-;347
350860 CACHOEIRA PAULISTA;-;10;9;1;-;-;-;-;40;3;3;-;-;7;-;-;-;-;-;1;-;1;-;-;-;1;-;-;-;-;-;-;-;-;-;1;-;77
350870 CACONDE;1;5;-;1;-;-;-;-;21;5;6;-;-;1;-;-;-;-;-;1;-;-;-;-;-;1;-;-;-;-;-;-;-;-;-;-;-;42
350880 CAFELANDIA;-;7;3;1;-;-;-;-;37;-;5;-;-;-;-;-;-;-;-;1;-;1;-;-;-;1;-;-;-;-;-;-;-;-;-;-;-;56
350890 CAIABU;-;2;-;-;-;-;-;-;-;1;-;-;-;-;-;-;-;-;-;1;-;-;-;-;-;1;-;-;-;-;-;-;-;-;-;-;-;5
350900 CAIEIRAS;-;12;5;3;-;1;-;-;32;21;7;-;-;-;2;-;-;-;-;1;-;1;-;-;2;-;-;1;-;-;-;-;1;-;-;2;1;92
350910 CAIUA;-;5;-;-;-;-;-;-;-;-;-;-;-;-;-;-;-;-;-;1;-;-;-;-;-;-;-;-;-;-;-;-;-;-;-;-;-;6
350920 CAJAMAR;-;11;12;1;-;-;-;-;49;13;7;-;-;1;2;-;-;1;-;1;-;2;-;-;1;1;-;1;-;-;-;-;-;-;-;-;-;103
350925 CAJATI;-;10;-;-;-;-;-;-;15;5;3;1;-;1;1;-;-;-;-;1;-;1;-;-;1;1;-;-;-;-;-;-;-;-;-;1;-;41
350930 CAJOBI;-;3;-;1;-;-;-;-;1;-;2;-;1;-;-;-;-;-;-;1;-;-;-;-;-;1;-;-;-;-;-;-;-;-;-;1;-;11
350940 CAJURU;1;8;3;1;-;-;-;-;43;12;3;1;2;1;1;-;-;-;-;1;-;-;-;-;1;1;-;-;-;-;-;-;-;-;-;-;-;79
350945 CAMPINA DO MONTE ALEGRE;1;1;-;-;-;-;-;-;-;-;-;-;-;-;-;-;-;-;-;1;-;-;-;-;-;-;-;-;-;-;-;-;1;-;1;-;-;5
350950 CAMPINAS;3;66;58;21;4;-;-;-;1828;272;157;-;21;23;6;-;-;12;-;10;9;14;-;-;3;1;-;1;8;-;-;1;2;-;5;5;2;2532
350960 CAMPO LIMPO PAULISTA;1;8;3;1;-;-;-;-;12;10;4;-;-;1;1;-;-;-;-;1;-;1;-;-;-;1;-;-;-;-;-;-;-;-;1;-;-;45
350970 CAMPOS DO JORDAO;12;2;2;2;-;-;-;-;50;9;5;-;3;-;1;-;-;-;-;1;-;1;-;-;-;-;-;-;-;-;-;-;-;-;-;1;-;89
350980 CAMPOS NOVOS PAULISTA;-;3;-;-;-;-;-;-;-;1;-;-;-;-;-;-;-;-;-;1;-;-;-;-;-;-;-;-;-;-;-;-;-;-;-;-;-;5
350990 CANANEIA;-;6;-;-;-;-;-;-;1;1;-;-;-;-;-;-;-;-;-;1;-;-;-;-;-;-;-;-;-;-;-;-;-;-;-;-;-;9
350995 CANAS;1;1;-;-;-;-;-;-;-;-;-;-;-;1;-;-;-;-;-;1;-;-;-;-;-;-;-;-;-;-;-;-;-;-;-;-;-;4
351000 CANDIDO MOTA;-;6;2;1;-;-;-;-;53;3;14;-;-;2;-;-;-;-;-;1;-;1;-;-;-;1;-;-;-;-;-;-;-;-;-;-;-;84
351010 CANDIDO RODRIGUES;-;1;-;-;-;-;-;-;-;-;-;-;-;-;-;-;-;-;-;1;-;-;-;-;-;-;-;-;-;-;-;-;-;-;-;-;-;2
351015 CANITAR;-;2;-;-;-;-;-;-;-;-;-;-;-;-;-;-;-;-;-;1;-;-;-;-;-;-;-;-;-;-;-;-;-;-;-;-;-;3
351020 CAPAO BONITO;-;10;6;1;-;-;-;-;19;5;5;-;-;2;-;-;-;-;-;1;-;1;-;-;-;-;-;-;-;-;-;-;1;-;-;1;-;52
351030 CAPELA DO ALTO;-;6;-;-;-;-;-;-;4;3;-;-;-;-;-;-;-;-;-;1;1;1;-;-;1;-;-;-;-;-;-;-;1;-;-;-;-;18
351040 CAPIVARI;6;2;8;2;-;-;-;-;90;3;26;-;-;-;-;-;-;-;-;1;-;2;-;-;1;-;-;-;-;-;-;1;-;-;-;-;-;142
351050 CARAGUATATUBA;3;13;19;3;-;-;-;-;113;39;26;-;6;3;2;-;-;4;-;1;2;2;1;-;3;-;-;-;-;-;-;-;1;-;2;2;-;245
351060 CARAPICUIBA;-;16;20;2;-;1;2;-;50;13;11;2;6;1;2;-;-;-;-;-;-;3;-;-;-;-;-;-;-;-;-;-;-;-;-;2;-;131
351070 CARDOSO;-;6;-;1;-;-;-;-;9;-;3;-;1;-;-;-;-;-;-;1;-;-;-;-;-;1;-;-;-;-;-;-;-;-;-;-;-;22
351080 CASA BRANCA;1;6;4;1;1;-;1;-;57;6;7;-;-;1;1;-;-;-;-;1;-;2;-;-;-;-;-;-;-;-;-;-;1;-;1;-;-;91
351090 CASSIA DOS COQUEIROS;-;2;-;-;-;-;-;-;-;1;-;-;-;-;-;-;-;-;-;1;-;-;-;-;-;1;-;-;-;-;-;-;-;-;-;-;-;5
351100 CASTILHO;-;5;1;1;-;-;-;-;21;3;3;-;-;-;1;-;-;-;-;-;-;-;-;-;-;-;-;-;-;-;-;-;-;-;-;-;-;35
351110 CATANDUVA;-;23;1;3;1;-;-;-;282;239;18;-;4;4;1;-;-;7;-;1;1;2;-;-;1;2;-;1;-;-;-;-;1;-;-;-;-;592
351120 CATIGUA;-;2;-;-;-;-;-;-;8;1;1;-;1;-;-;-;-;-;-;1;-;-;-;-;-;-;-;-;-;-;-;-;-;-;-;-;1;15
351130 CEDRAL;-;3;4;-;-;2;-;-;4;1;-;-;1;-;1;-;-;-;-;1;-;-;-;-;-;-;-;-;-;-;-;1;-;-;-;-;-;18
351140 CERQUEIRA CESAR;-;12;-;1;-;-;-;-;12;2;5;-;1;-;-;-;-;-;-;1;-;-;-;-;-;-;-;-;-;-;-;-;-;-;-;-;-;34
351150 CERQUILHO;-;9;9;1;-;-;-;-;94;13;7;-;-;-;-;-;-;-;-;1;-;1;-;-;-;-;-;-;-;-;-;1;1;-;1;1;-;139
351160 CESARIO LANGE;-;4;1;1;-;-;-;-;8;2;2;-;-;-;-;-;-;-;-;1;-;1;-;-;-;-;-;-;-;-;-;-;1;-;-;-;-;21
351170 CHARQUEADA;-;5;2;1;-;-;-;-;9;3;2;-;-;-;-;-;-;-;-;1;-;1;-;-;-;-;-;-;-;-;-;-;-;-;-;-;-;24
351190 CLEMENTINA;-;1;-;1;-;-;-;-;5;-;1;-;-;-;1;-;-;-;-;1;-;-;-;-;-;1;-;-;-;-;-;-;-;-;-;-;-;11
351200 COLINA;1;5;-;1;-;-;-;-;29;4;2;-;1;-;-;-;-;-;-;1;-;-;-;-;1;-;-;-;-;-;-;-;-;-;-;-;-;45
351210 COLOMBIA;-;3;-;-;-;1;-;-;3;1;1;-;1;-;-;-;-;-;-;1;-;-;-;-;-;1;-;-;-;-;-;-;-;-;-;-;-;12
351220 CONCHAL;-;8;-;1;-;-;1;-;20;2;5;1;1;-;-;-;-;-;-;1;-;1;-;-;-;1;-;-;-;-;-;-;-;-;-;-;-;42
351230 CONCHAS;1;6;-;1;-;-;-;-;24;2;7;-;-;1;-;-;-;-;-;1;-;-;-;-;-;1;-;-;-;-;-;-;-;-;-;-;-;44
351240 CORDEIROPOLIS;-;7;2;-;-;-;-;-;25;7;4;-;1;-;-;-;-;-;-;1;-;1;1;-;1;1;-;-;-;-;-;-;-;-;-;-;-;51
351250 COROADOS;-;1;-;-;-;-;-;-;-;-;-;-;-;-;-;-;-;-;-;1;-;-;-;-;-;-;-;-;-;-;-;-;-;-;-;-;-;2
351260 CORONEL MACEDO;-;2;-;-;-;1;-;-;-;-;-;-;-;-;-;-;-;-;-;1;-;-;-;-;-;1;-;-;-;-;-;-;-;-;-;-;-;5
351270 CORUMBATAI;-;1;-;-;-;1;-;-;1;-;-;-;1;-;-;-;-;-;-;1;-;-;-;-;-;-;-;-;-;-;-;-;-;-;-;-;-;5
351280 COSMOPOLIS;-;9;9;1;-;-;-;-;40;10;7;-;-;1;2;-;-;-;-;1;-;2;-;-;-;-;-;-;-;-;-;-;1;-;1;-;-;84
351290 COSMORAMA;2;1;-;-;-;-;-;-;-;-;1;-;-;-;-;-;-;-;-;1;-;-;-;-;-;-;-;-;-;-;-;-;-;-;-;-;-;5
351300 COTIA;-;32;10;3;1;-;-;-;105;22;15;-;4;3;4;-;-;-;-;1;-;3;-;-;3;-;-;-;-;-;-;-;1;-;-;1;-;208
351310 CRAVINHOS;-;7;1;1;-;-;1;-;62;6;4;-;1;13;4;-;-;-;-;1;-;-;-;-;-;-;-;-;-;-;-;-;-;-;-;1;-;102
351320 CRISTAIS PAULISTA;-;4;-;-;-;-;-;-;6;1;2;-;-;-;-;-;-;-;-;1;-;-;-;-;-;-;-;-;-;-;-;-;-;-;-;-;-;14
351330 CRUZALIA;-;2;-;-;-;-;-;-;-;-;-;-;-;-;-;-;-;-;-;1;-;-;-;-;-;-;-;-;-;-;-;-;-;-;-;-;-;3
351340 CRUZEIRO;2;13;7;1;-;-;-;-;186;59;25;1;2;3;1;-;-;2;-;1;-;1;-;-;-;-;-;-;-;-;-;-;1;-;1;1;-;307
351350 CUBATAO;-;18;7;1;-;-;-;1;105;14;15;-;3;1;1;-;-;-;-;1;-;2;-;-;1;-;-;1;1;-;-;-;-;-;-;1;-;173
351360 CUNHA;-;6;-;1;-;-;-;-;9;2;3;-;1;-;-;-;-;-;-;1;-;1;-;-;-;-;-;-;-;-;-;-;-;-;1;1;-;26
351370 DESCALVADO;-;11;1;1;-;-;-;-;95;9;4;-;-;1;1;-;-;-;-;1;-;1;-;-;1;-;-;-;-;-;-;-;-;-;1;-;-;127
351380 DIADEMA;1;20;16;4;-;-;3;-;92;31;12;-;12;-;2;-;-;2;-;1;-;5;-;-;2;-;-;1;1;-;-;-;1;-;-;1;-;207
351385 DIRCE REIS;-;1;-;-;-;-;-;-;-;-;-;-;-;-;-;-;-;-;-;1;-;-;-;-;-;1;-;-;-;-;-;-;-;-;-;-;-;3
351390 DIVINOLANDIA;2;4;1;1;-;-;-;-;8;8;1;1;1;-;-;-;-;-;-;1;-;-;-;-;-;-;-;-;-;-;-;1;-;-;-;1;-;30
351400 DOBRADA;-;1;-;-;-;-;-;-;2;-;3;-;-;3;-;-;-;-;-;1;-;-;-;-;-;-;-;-;-;-;-;-;-;-;-;-;-;10
351410 DOIS CORREGOS;-;5;-;1;-;-;-;-;29;6;4;-;-;1;-;-;-;-;-;1;-;1;-;-;-;1;-;-;-;-;-;-;-;-;-;-;-;49
351420 DOLCINOPOLIS;-;2;-;-;-;-;-;-;-;-;-;-;-;-;-;-;-;-;-;1;-;-;-;-;-;-;-;-;-;-;-;-;-;-;-;-;-;3
351430 DOURADO;3;1;-;1;-;-;1;-;7;3;1;-;-;-;-;-;-;-;-;1;-;-;-;-;-;-;-;-;-;-;-;-;-;-;-;-;-;18
351440 DRACENA;4;9;12;1;-;-;1;-;196;5;11;-;-;1;1;-;-;-;-;2;-;1;-;-;1;-;-;-;-;-;-;-;-;-;-;1;-;246
351450 DUARTINA;-;4;-;1;-;-;-;-;35;1;5;-;1;-;-;-;-;-;-;1;-;1;-;-;-;-;-;-;-;-;-;-;-;-;-;-;-;49
351460 DUMONT;-;2;-;-;-;-;-;-;-;-;-;-;1;-;-;-;-;-;-;1;-;-;-;-;-;1;-;-;-;-;-;-;-;-;-;-;-;5
351470 ECHAPORA;-;2;-;-;-;-;-;-;1;-;-;-;-;-;-;-;-;-;-;1;-;-;-;-;1;1;-;-;-;-;-;-;-;-;-;-;-;6
351480 ELDORADO;2;8;-;-;-;-;1;-;-;-;1;-;-;1;1;-;-;-;-;1;-;1;-;-;-;-;-;-;-;-;-;-;-;-;-;-;-;16
351490 ELIAS FAUSTO;-;4;-;-;-;1;-;-;3;2;2;-;-;-;-;-;-;-;-;1;-;-;-;-;-;-;-;-;-;-;-;-;-;-;-;-;-;13
351492 ELISIARIO;-;1;-;-;-;-;-;-;1;-;-;-;1;-;-;-;-;-;-;1;-;-;-;-;-;-;-;-;-;-;-;-;-;-;-;-;-;4
351495 EMBAUBA;-;1;-;-;-;-;-;-;-;-;1;-;-;-;-;-;-;-;-;1;-;-;-;-;-;-;-;-;-;-;-;-;-;-;-;-;-;3
351500 EMBU DAS ARTES;-;17;8;3;1;-;-;-;95;6;2;-;7;1;3;-;-;-;-;1;-;2;-;-;1;-;-;1;-;-;-;-;1;-;1;2;-;152
351510 EMBU-GUACU;12;-;4;-;-;1;-;-;8;3;2;-;3;1;1;-;-;-;-;1;-;1;-;-;1;-;-;-;1;-;1;-;1;-;1;1;-;43
351512 EMILIANOPOLIS;-;1;-;-;-;-;-;-;2;-;-;-;-;-;-;-;-;-;-;1;-;-;-;-;-;-;-;-;-;-;-;-;-;-;-;-;-;4
351515 ENGENHEIRO COELHO;-;5;2;-;-;-;-;-;22;3;1;-;-;2;-;-;-;-;-;1;-;1;-;-;1;-;-;-;-;-;-;-;-;-;-;1;-;39
351518 ESPIRITO SANTO DO PINHAL;-;7;1;1;2;-;-;-;124;27;6;-;1;-;-;-;-;-;-;1;-;2;-;-;-;-;-;-;-;-;-;-;1;-;-;1;-;174
351519 ESPIRITO SANTO DO TURVO;-;2;-;-;-;-;-;-;-;-;2;-;-;-;-;-;-;-;-;1;-;-;-;-;-;-;-;-;-;-;-;-;-;-;-;-;-;5
351520 ESTRELA D'OESTE;-;3;1;1;-;-;-;-;16;3;1;-;1;-;-;-;-;-;-;1;-;-;-;-;-;1;-;-;-;-;-;-;-;-;-;-;-;28
351530 ESTRELA DO NORTE;-;1;-;-;-;-;-;-;-;-;-;-;-;-;-;-;-;-;-;1;-;-;-;-;-;-;-;-;-;-;-;-;-;-;-;-;-;2
351535 EUCLIDES DA CUNHA PAULISTA;5;-;-;-;-;-;-;-;3;2;1;-;-;-;1;-;-;-;-;1;-;-;-;-;-;1;-;-;-;-;-;-;-;-;-;-;-;14
351540 FARTURA;-;4;1;1;-;-;-;-;22;2;4;-;1;-;1;-;-;-;-;1;-;-;-;-;-;-;-;-;1;-;-;-;-;-;-;1;-;39
351550 FERNANDOPOLIS;1;19;4;2;-;-;-;-;197;183;24;-;4;16;1;3;-;1;-;1;-;2;1;-;1;2;-;1;-;-;-;1;1;-;-;-;3;468
351560 FERNANDO PRESTES;-;3;-;-;-;-;-;-;3;1;1;-;-;-;-;-;-;-;-;1;-;-;-;-;-;-;-;-;-;-;-;-;-;-;-;-;-;9
351565 FERNAO;-;1;-;-;-;-;-;-;-;-;-;-;-;-;-;-;-;-;-;1;-;-;-;-;-;1;-;-;-;-;-;-;-;-;-;-;-;3
351570 FERRAZ DE VASCONCELOS;-;13;2;1;-;-;-;-;21;7;7;1;3;-;3;-;-;-;-;1;-;2;-;-;-;-;-;1;-;-;-;-;1;-;-;2;-;65
351580 FLORA RICA;-;1;-;-;-;-;-;-;-;1;-;-;-;-;-;-;-;-;-;1;-;-;-;-;-;-;-;-;-;-;-;-;-;-;-;-;-;3
351590 FLOREAL;-;1;-;-;-;-;-;-;1;-;-;-;-;-;-;-;-;-;-;1;-;-;-;-;-;-;-;-;-;-;-;-;-;-;-;-;-;3
351600 FLORIDA PAULISTA;2;4;-;1;-;-;-;-;3;-;3;-;-;2;-;-;-;-;-;1;-;1;-;-;-;1;-;-;-;-;-;-;-;-;-;-;-;18
351610 FLORINIA;-;3;-;-;-;-;-;-;-;-;1;-;-;1;-;-;-;-;-;1;-;-;-;-;-;1;-;-;-;-;-;-;-;-;-;-;-;7
351620 FRANCA;-;23;4;3;1;-;1;-;355;39;28;2;4;4;3;-;-;-;-;3;1;2;-;-;3;-;-;1;-;-;-;-;2;-;1;1;1;482
351630 FRANCISCO MORATO;-;13;3;2;-;-;-;-;44;5;5;1;-;1;1;-;-;-;-;1;1;3;-;-;1;-;-;-;-;-;-;-;-;-;-;1;-;82
351640 FRANCO DA ROCHA;-;23;5;3;1;-;-;-;50;11;11;-;-;3;2;-;-;-;-;1;-;3;1;-;1;1;-;-;1;-;-;-;1;-;-;2;-;120
351650 GABRIEL MONTEIRO;-;1;-;-;-;-;-;-;-;-;-;-;-;-;-;-;-;-;-;1;-;-;-;-;-;-;-;-;1;-;-;-;-;-;-;-;-;3
351660 GALIA;-;2;-;1;-;-;-;-;5;1;-;-;-;-;-;-;-;-;-;1;-;-;-;-;-;1;-;-;-;-;-;-;-;-;-;-;-;11
351670 GARCA;-;13;3;1;1;-;-;-;42;7;2;-;1;1;1;-;-;1;-;1;-;2;-;-;1;1;-;-;-;-;-;-;-;-;-;-;1;79
351680 GASTAO VIDIGAL;-;1;-;-;-;-;-;-;-;-;-;-;-;-;-;-;-;-;-;1;-;-;-;-;-;-;-;-;-;-;-;-;-;-;-;-;-;2
351685 GAVIAO PEIXOTO;-;3;-;-;-;-;-;1;4;-;-;-;-;-;-;-;-;-;-;1;-;-;-;-;-;-;-;-;-;-;-;-;-;-;-;-;-;9
351690 GENERAL SALGADO;-;3;-;1;-;-;-;-;8;3;4;-;-;-;-;-;-;-;-;1;-;-;-;-;-;1;-;-;-;-;-;-;-;-;-;-;-;21
351700 GETULINA;1;5;-;1;-;-;-;-;11;-;-;-;-;-;-;-;-;-;-;1;-;-;-;-;-;-;-;-;-;-;-;-;-;-;-;-;-;19
351710 GLICERIO;-;2;-;-;-;-;-;-;-;-;-;-;-;-;1;-;-;-;-;-;-;-;-;-;-;-;-;-;-;-;-;-;-;-;-;-;-;3
351720 GUAICARA;2;3;1;-;-;-;-;-;6;-;1;-;-;-;-;-;-;-;-;1;-;-;-;-;-;-;-;-;-;-;-;-;-;-;-;-;-;14
351730 GUAIMBE;2;-;-;-;-;-;-;-;-;-;-;-;-;-;-;-;-;-;-;1;-;-;1;-;1;1;-;-;-;-;-;-;-;-;-;-;-;6
351740 GUAIRA;-;7;-;1;-;-;-;-;60;10;6;-;1;-;-;-;-;-;-;1;-;1;-;-;-;1;-;-;-;-;-;-;1;-;-;-;1;90
351750 GUAPIACU;-;8;-;-;-;-;1;-;8;2;2;-;-;1;-;-;-;-;-;1;-;1;-;-;-;-;-;-;-;-;-;-;-;-;-;-;-;24
351760 GUAPIARA;6;1;1;-;-;-;-;-;1;1;2;-;1;1;-;-;-;-;-;1;-;1;-;-;1;-;-;-;-;-;-;1;1;-;-;1;-;20
351770 GUARA;-;7;-;1;-;-;-;-;37;4;2;-;1;-;1;-;-;-;-;1;-;1;-;-;-;2;-;-;-;-;-;-;1;-;-;-;-;58
351780 GUARACAI;-;2;1;1;-;-;-;-;6;-;-;-;-;-;1;-;-;-;-;1;-;-;-;-;-;1;-;-;-;-;-;-;-;-;-;-;-;13
351790 GUARACI;-;3;1;-;-;-;-;-;7;-;2;-;1;2;-;-;-;-;-;1;-;-;-;-;1;-;-;-;-;-;-;1;-;-;-;-;-;19
351800 GUARANI D'OESTE;-;1;-;-;-;-;-;-;1;-;-;-;-;-;-;-;-;-;-;1;-;-;-;-;-;-;-;-;-;-;-;-;-;-;-;-;-;3
351810 GUARANTA;-;3;-;-;-;-;-;-;-;-;-;-;-;-;-;-;-;-;-;1;-;-;-;-;1;1;-;-;-;-;-;-;-;-;-;-;-;6
351820 GUARARAPES;-;4;-;1;-;-;-;-;54;3;8;-;-;-;1;-;-;-;-;1;-;1;-;-;-;-;-;-;1;-;-;-;-;-;-;1;-;75
351830 GUARAREMA;-;3;-;1;-;-;-;-;14;3;2;2;1;1;1;-;-;-;-;1;-;1;-;-;-;-;-;-;-;-;-;-;-;-;-;1;1;32
351840 GUARATINGUETA;4;13;20;5;-;-;-;1;346;25;23;2;3;19;1;-;-;2;-;1;-;2;-;-;-;-;-;1;-;-;-;-;1;-;4;1;-;474
351850 GUAREI;2;4;-;-;-;-;-;-;1;-;4;-;1;-;-;-;-;-;-;1;-;1;-;-;-;-;-;-;-;-;-;-;1;-;-;1;-;16
351860 GUARIBA;-;6;5;1;-;-;-;-;27;8;2;-;1;-;-;-;-;-;-;1;-;1;-;-;-;1;-;-;-;-;-;-;-;-;-;-;-;53
351870 GUARUJA;1;22;25;4;-;-;4;-;225;31;45;-;12;6;2;-;-;1;-;1;-;4;-;-;4;-;-;-;1;-;-;-;1;-;2;2;1;394
351880 GUARULHOS;-;73;61;10;3;-;-;-;420;180;82;2;24;7;3;-;-;1;-;5;5;7;-;-;10;1;-;1;1;-;-;-;1;-;1;2;2;902
351885 GUATAPARA;-;3;-;-;-;-;-;-;1;1;-;-;1;1;-;-;-;-;-;1;-;-;-;-;1;1;-;-;-;-;-;-;-;-;-;-;-;10
351890 GUZOLANDIA;-;2;-;-;-;-;-;-;-;-;-;-;-;-;-;-;-;-;-;1;-;-;-;-;-;-;-;-;-;-;-;-;-;-;-;-;-;3
351900 HERCULANDIA;3;2;-;1;-;-;-;-;4;1;1;-;-;-;1;-;-;-;-;1;-;1;-;-;-;1;-;-;-;-;-;-;-;-;-;-;-;16
351905 HOLAMBRA;-;4;1;-;-;-;-;-;21;1;-;-;-;-;-;-;-;-;-;1;-;-;-;-;-;-;-;-;-;-;-;-;-;-;-;-;-;28
351907 HORTOLANDIA;-;21;30;2;-;-;-;-;83;17;23;1;10;1;1;-;-;-;-;1;-;3;-;-;3;1;-;1;-;-;-;-;-;2;-;-;1;201
351910 IACANGA;-;4;1;1;-;-;-;-;7;-;1;-;1;1;-;-;-;-;-;1;-;1;-;-;-;1;-;-;-;-;-;-;-;-;-;-;-;19
351920 IACRI;-;2;-;-;-;-;-;-;-;-;1;-;-;-;-;-;-;-;-;1;-;-;-;-;1;1;-;-;-;-;-;-;-;1;-;-;-;7
351925 IARAS;-;6;-;-;-;-;-;-;-;-;-;-;-;-;-;-;-;-;-;1;-;-;-;-;-;1;-;-;-;-;-;-;-;-;-;-;-;8
351930 IBATE;1;8;-;1;-;-;-;-;32;3;5;-;-;-;1;-;-;-;-;1;-;-;-;-;-;-;-;-;-;-;-;-;-;-;-;1;-;53
351940 IBIRA;-;3;-;1;-;-;-;-;8;1;6;-;1;-;-;-;-;-;-;1;-;-;-;-;-;-;-;-;-;-;-;-;-;-;-;-;-;21
351950 IBIRAREMA;1;2;-;-;-;-;-;-;-;1;1;-;-;-;-;-;-;-;-;1;-;-;-;-;-;1;-;-;-;-;-;-;-;-;-;-;-;7
351960 IBITINGA;1;12;-;2;-;-;1;-;118;11;12;-;1;1;3;-;-;-;-;1;-;1;-;-;1;-;-;-;-;-;-;-;-;-;1;-;-;166
351970 IBIUNA;15;2;-;1;2;-;-;-;20;7;3;-;1;-;2;-;-;-;-;4;-;2;-;-;-;-;-;-;-;-;-;-;-;-;-;-;-;59
351980 ICEM;-;5;1;-;-;-;-;-;5;4;2;-;1;-;-;-;-;-;-;1;-;-;-;-;-;1;-;-;-;-;-;-;-;-;-;-;-;20
351990 IEPE;-;4;-;1;-;-;-;-;6;2;1;-;-;7;1;-;-;-;-;1;-;-;-;-;-;1;-;-;-;-;-;1;-;-;-;-;-;25
352000 IGARACU DO TIETE;-;4;1;-;-;-;-;-;4;2;-;-;-;-;-;-;-;-;-;1;-;1;-;-;1;-;-;-;-;-;-;-;-;-;-;-;-;14
352010 IGARAPAVA;-;7;2;1;-;-;-;-;45;4;4;-;1;1;-;-;-;-;-;1;-;1;-;-;-;-;-;-;1;-;-;-;-;-;-;-;-;68
352020 IGARATA;-;2;-;-;-;1;-;-;1;-;1;-;1;-;-;-;-;-;-;1;-;-;-;-;-;1;-;-;-;-;-;-;-;-;-;-;1;9
352030 IGUAPE;-;9;1;-;-;1;-;-;7;5;5;-;-;-;-;-;-;-;-;1;-;1;-;-;-;-;-;-;-;-;-;-;-;-;1;-;-;31
352040 ILHABELA;-;12;-;1;-;-;-;-;5;7;3;-;2;2;2;-;-;-;-;1;-;1;1;-;-;1;-;-;-;-;-;-;-;-;-;-;-;38
352042 ILHA COMPRIDA;-;8;1;-;-;-;-;-;-;-;1;-;-;-;-;-;-;-;-;1;-;-;-;-;1;-;-;-;-;-;-;-;-;-;-;-;1;13
352044 ILHA SOLTEIRA;-;7;2;1;-;-;-;-;81;19;7;-;-;-;-;-;-;-;-;1;-;1;1;-;-;-;-;-;-;-;-;-;-;-;-;-;-;120
352050 INDAIATUBA;-;17;11;3;1;-;-;-;291;39;23;3;1;10;1;-;-;2;-;1;1;3;-;-;2;-;-;-;1;-;-;-;1;-;-;1;4;416
352060 INDIANA;2;1;-;-;-;-;-;-;3;1;-;-;-;-;1;-;-;-;-;1;-;-;-;-;-;-;-;-;-;-;-;-;-;-;-;-;-;9
352070 INDIAPORA;1;1;-;1;-;-;-;-;2;-;-;-;-;-;-;-;-;-;-;1;-;-;-;-;-;-;-;-;-;-;-;-;-;-;-;-;-;6
352080 INUBIA PAULISTA;-;1;-;-;-;-;-;-;-;-;-;-;-;-;-;-;-;-;-;1;-;-;-;-;-;-;-;-;-;-;-;-;-;-;-;-;-;2
352090 IPAUSSU;-;3;-;1;-;-;-;-;6;1;3;-;1;-;-;-;-;-;-;1;-;-;-;-;-;-;-;-;-;-;-;-;-;-;-;3;-;19
352100 IPERO;-;6;1;-;-;-;2;-;13;-;3;-;1;1;-;-;-;-;-;1;-;1;-;-;-;1;-;-;-;-;-;-;1;-;-;-;-;31
352110 IPEUNA;-;3;-;-;-;-;-;-;-;1;-;-;1;1;1;-;-;-;-;1;-;-;-;-;-;-;-;-;-;-;-;-;-;-;-;-;-;8
352115 IPIGUA;-;1;-;-;-;-;-;-;-;1;-;-;-;-;-;-;-;-;-;1;-;-;-;-;-;-;-;-;-;-;-;-;-;-;-;-;-;3
352120 IPORANGA;-;3;-;-;-;-;-;-;-;-;-;1;-;-;-;-;-;-;-;1;-;-;-;-;-;-;-;-;-;-;-;-;-;-;-;-;-;5
352130 IPUA;-;6;-;1;-;-;1;-;46;1;2;-;1;-;-;-;-;-;-;1;-;1;-;-;-;-;-;-;-;-;-;-;-;-;-;-;-;60
352140 IRACEMAPOLIS;-;4;1;-;-;-;1;-;11;4;5;-;-;1;-;-;-;-;-;1;-;1;-;-;-;-;-;-;-;-;-;-;-;-;-;-;-;29
352150 IRAPUA;2;1;-;-;-;-;-;-;4;-;2;-;1;-;-;-;-;-;-;1;-;-;-;-;-;-;-;-;-;-;-;-;-;-;-;-;-;11
352160 IRAPURU;-;4;-;-;-;-;-;-;-;-;-;-;-;-;-;-;-;-;-;1;-;-;1;-;-;-;-;-;-;-;-;-;-;-;-;-;-;6
352170 ITABERA;2;7;-;1;-;-;-;-;1;4;1;1;-;1;1;-;-;-;-;1;-;1;1;-;-;-;-;-;-;-;-;-;1;-;-;-;1;24
352180 ITAI;-;6;-;1;-;-;-;-;10;2;6;-;1;2;1;-;-;-;-;1;-;1;-;-;-;-;-;-;-;-;-;-;-;-;-;1;-;32
352190 ITAJOBI;-;5;1;1;-;-;1;-;13;2;4;-;-;1;-;-;-;-;-;1;-;1;-;-;-;-;-;-;-;-;-;-;-;-;-;-;-;30
352200 ITAJU;-;1;-;-;-;-;-;-;-;-;-;-;-;-;-;-;-;-;-;1;-;-;-;-;-;-;-;-;-;-;-;-;-;-;-;-;-;2
352210 ITANHAEM;-;10;7;1;1;-;-;-;34;16;6;-;7;2;-;-;-;-;-;1;1;3;-;-;1;1;-;1;-;-;-;-;1;-;1;1;1;96
352215 ITAOCA;-;1;-;-;-;-;-;-;-;-;-;-;1;-;-;-;-;-;-;1;-;-;-;-;-;-;-;-;-;-;-;-;1;-;-;-;-;4
352220 ITAPECERICA DA SERRA;-;12;6;1;4;-;2;-;28;12;3;-;2;-;1;-;-;-;-;1;-;1;-;-;-;-;-;-;-;-;-;-;-;-;6;-;-;79
352230 ITAPETININGA;3;20;9;2;-;-;-;-;350;26;18;4;6;2;1;1;-;-;-;1;-;3;-;-;-;-;-;1;2;-;-;-;1;1;-;3;-;454
352240 ITAPEVA;1;23;18;1;-;-;-;-;221;17;7;-;2;2;1;-;-;2;-;1;1;2;-;-;1;1;-;1;1;-;-;-;1;-;7;2;-;313
352250 ITAPEVI;-;15;5;3;-;-;3;-;46;22;8;1;7;1;3;-;-;-;-;1;-;3;-;-;1;-;-;1;-;-;-;-;1;-;-;1;-;122
352260 ITAPIRA;-;13;5;2;2;-;-;-;112;9;10;-;2;-;-;-;-;-;-;1;-;2;-;-;-;1;-;-;-;-;-;-;1;-;-;-;-;160
352265 ITAPIRAPUA PAULISTA;-;2;1;-;-;-;-;-;-;-;-;-;1;-;-;-;-;-;-;1;-;-;-;-;-;1;-;-;-;-;-;-;1;-;-;-;-;7
352270 ITAPOLIS;-;8;1;1;-;-;-;-;72;11;6;-;1;-;-;-;-;-;-;1;-;1;-;-;-;-;-;-;-;-;-;-;-;-;-;-;-;102
352280 ITAPORANGA;-;4;-;1;-;-;-;-;3;3;-;-;1;1;-;-;-;-;-;1;-;-;-;1;-;1;-;-;-;-;-;2;-;-;-;-;1;19
352290 ITAPUI;-;4;-;1;-;-;-;-;2;2;3;-;1;-;-;-;-;-;-;1;-;1;-;-;-;-;-;-;-;-;-;-;-;-;-;-;-;15
352300 ITAPURA;-;2;-;-;-;-;-;-;-;-;1;-;-;-;-;-;-;-;-;1;-;-;-;-;-;1;-;-;-;-;-;-;-;-;-;-;-;5
352310 ITAQUAQUECETUBA;-;17;9;1;-;-;-;-;36;18;9;1;5;1;2;-;-;-;-;1;-;1;-;-;5;-;-;1;-;-;-;-;1;-;-;1;-;109
352320 ITARARE;4;8;-;1;-;-;-;-;49;10;7;-;1;1;-;-;-;-;-;1;-;1;-;-;-;1;-;-;-;-;-;-;1;-;-;1;-;86
352330 ITARIRI;-;6;-;-;-;-;1;-;2;-;1;-;-;-;-;-;-;-;-;1;-;-;-;-;-;1;-;-;-;-;-;-;-;-;1;-;-;13
352340 ITATIBA;-;23;4;2;-;-;-;-;118;40;15;1;1;1;2;-;-;1;-;1;-;2;-;-;2;2;-;-;-;-;-;-;-;-;-;-;-;215
352350 ITATINGA;-;3;-;1;-;-;-;-;13;-;2;-;-;1;-;-;-;-;-;1;-;-;-;-;-;-;-;-;-;-;-;-;-;-;-;-;-;21
352360 ITIRAPINA;-;5;-;1;-;-;-;-;15;1;2;-;1;-;1;-;-;-;-;1;-;-;-;-;-;-;-;-;-;-;-;-;-;-;-;-;-;27
352370 ITIRAPUA;-;3;-;-;-;-;-;-;1;1;-;-;-;-;1;-;-;-;-;1;-;-;-;-;-;-;-;-;-;-;-;-;-;-;-;-;-;7
352380 ITOBI;-;2;-;-;-;-;-;-;3;1;-;-;-;-;-;-;-;-;-;1;-;-;-;-;-;-;-;-;-;-;-;-;-;-;-;-;-;7
352390 ITU;1;16;98;3;1;-;-;1;196;4;27;2;-;3;1;-;-;-;-;1;1;2;-;-;3;-;-;1;2;-;-;-;1;-;-;1;2;367
352400 ITUPEVA;-;12;3;1;1;-;-;-;31;9;3;1;-;1;-;-;-;-;-;1;-;1;-;-;-;-;-;-;-;-;-;-;-;-;-;1;-;65
352410 ITUVERAVA;-;13;2;2;-;-;-;-;180;7;10;-;2;-;1;-;-;-;-;1;-;1;-;-;-;-;-;-;2;-;-;1;-;-;1;1;-;224
352420 JABORANDI;1;2;-;1;-;-;-;-;3;1;1;-;1;1;-;-;-;-;-;1;-;-;-;-;-;-;-;-;-;-;-;-;-;-;-;-;-;12
352430 JABOTICABAL;-;12;16;2;-;-;-;-;156;15;12;-;4;1;1;-;-;-;-;1;-;1;-;-;3;1;-;-;1;-;-;-;1;-;-;1;1;229
352440 JACAREI;-;18;11;5;-;-;1;-;362;36;35;-;4;3;1;-;-;1;-;1;2;3;-;-;2;-;-;-;-;-;-;-;2;-;2;1;1;491
352450 JACI;-;3;-;1;-;-;-;-;-;3;1;-;-;-;-;-;-;-;-;1;-;-;-;-;-;-;-;-;-;-;-;-;-;-;-;-;-;9
352460 JACUPIRANGA;-;6;-;-;-;-;-;-;8;1;2;-;-;1;1;-;-;-;-;1;-;-;-;-;1;-;-;-;-;-;-;1;-;-;-;-;-;22
352470 JAGUARIUNA;1;11;20;1;-;-;-;-;48;9;12;2;2;1;1;-;-;-;-;1;-;1;-;-;1;-;-;-;-;-;-;-;1;-;-;2;2;116
352480 JALES;11;-;2;1;1;-;-;-;166;27;16;-;3;1;2;-;-;-;-;1;-;1;-;-;1;1;-;1;-;-;-;-;1;-;-;1;1;238
352490 JAMBEIRO;-;2;-;-;-;-;-;-;1;1;-;-;1;-;-;-;-;-;-;1;-;-;-;-;-;-;-;-;-;-;-;-;-;-;-;-;-;6
352500 JANDIRA;-;10;6;-;-;-;-;-;14;17;1;-;4;1;3;-;-;1;-;1;-;1;-;-;1;-;-;-;1;-;-;-;1;-;-;2;-;64
352510 JARDINOPOLIS;-;12;4;-;-;-;-;-;36;8;3;-;1;2;1;-;-;-;-;1;-;-;-;-;1;-;-;-;-;-;-;-;-;-;1;-;-;70
352520 JARINU;-;5;-;1;-;1;-;-;8;3;4;-;-;1;1;-;-;-;-;1;-;1;-;-;-;-;-;-;-;-;-;-;1;-;-;-;-;27
352530 JAU;-;17;3;2;2;-;-;-;310;110;17;-;3;4;1;-;-;-;-;1;1;1;-;-;2;-;-;1;-;-;-;-;-;-;-;1;-;476
352540 JERIQUARA;-;2;-;-;-;-;-;-;-;-;-;-;-;-;-;-;-;-;-;1;-;-;-;-;-;-;-;-;-;-;-;-;-;-;-;-;-;3
352550 JOANOPOLIS;-;2;-;1;-;-;-;-;6;-;1;-;1;-;1;-;-;-;-;1;-;-;-;-;-;-;-;-;-;-;-;-;-;-;-;-;-;13
352560 JOAO RAMALHO;1;2;-;-;-;-;-;-;2;-;-;-;-;-;1;-;-;-;-;1;-;-;-;-;-;-;-;-;-;-;-;-;-;-;-;-;-;7
352570 JOSE BONIFACIO;-;8;4;1;-;-;-;-;50;-;5;-;1;-;-;-;-;-;-;1;-;-;-;-;-;-;-;-;-;-;-;-;1;-;-;-;2;73
352580 JULIO MESQUITA;-;2;-;-;-;-;-;-;1;1;-;-;-;-;-;-;-;-;-;1;-;-;-;-;-;-;-;-;-;-;-;-;-;-;-;-;-;5
352585 JUMIRIM;-;1;-;-;-;-;-;-;2;-;-;-;-;-;-;-;-;-;-;1;-;-;-;-;-;-;-;-;-;-;-;-;1;-;-;-;-;5
352590 JUNDIAI;-;36;21;6;3;-;-;-;1396;230;71;2;5;9;4;-;-;3;-;2;8;4;-;-;7;1;-;1;4;-;-;-;1;-;-;2;2;1818
352600 JUNQUEIROPOLIS;1;10;-;1;-;-;1;-;16;3;3;-;-;-;-;-;-;-;-;1;-;1;-;-;-;-;-;-;-;-;-;-;-;-;-;-;-;37
352610 JUQUIA;-;7;-;-;-;-;1;-;2;-;2;-;-;1;1;-;-;-;-;1;-;-;-;-;-;1;-;-;-;-;-;-;-;-;-;-;-;16
352620 JUQUITIBA;-;9;-;-;-;1;-;-;3;-;-;-;2;-;-;-;-;-;-;1;-;1;-;-;-;-;-;-;-;-;-;-;-;-;1;-;-;18
352630 LAGOINHA;-;4;1;-;-;-;-;-;-;-;-;-;1;-;-;-;-;-;-;1;-;-;-;-;-;-;-;-;-;-;-;-;1;-;-;-;-;8
352640 LARANJAL PAULISTA;-;8;2;1;-;-;-;-;70;3;8;-;-;-;-;-;-;-;-;1;-;1;-;-;-;1;-;-;-;-;-;-;-;-;-;-;-;95
352650 LAVINIA;-;6;-;-;-;-;-;-;-;-;-;-;-;-;1;-;-;-;-;1;-;-;-;-;-;-;-;-;-;-;-;-;1;-;-;-;-;9
352660 LAVRINHAS;-;4;-;-;-;-;-;-;1;-;1;-;-;-;-;-;-;-;-;1;-;-;-;-;-;-;-;-;-;-;-;-;-;-;2;-;-;9
352670 LEME;-;19;-;2;-;-;-;-;152;19;17;1;-;-;3;-;-;-;-;1;-;3;-;-;2;-;-;-;-;-;-;-;-;-;-;1;-;220
352680 LENCOIS PAULISTA;-;11;1;2;-;-;-;-;198;14;26;1;1;1;-;-;-;-;-;2;-;1;-;-;1;-;-;-;-;-;-;-;1;-;-;1;-;261
352690 LIMEIRA;6;32;17;4;-;-;-;-;785;50;117;-;4;37;3;-;-;-;-;2;-;3;-;-;1;-;-;1;-;-;-;-;-;-;2;-;1;1065
352700 LINDOIA;-;3;-;-;-;-;-;-;3;2;4;-;1;-;-;-;-;-;-;1;-;-;-;-;1;-;-;-;-;-;-;-;-;-;-;-;-;15
352710 LINS;2;13;13;4;-;-;-;-;483;12;32;-;1;5;-;-;-;-;-;1;1;3;-;-;-;1;-;-;-;-;-;-;1;-;-;1;-;573
352720 LORENA;-;17;2;2;-;-;-;-;248;26;19;1;1;23;-;-;-;-;-;1;-;1;-;-;-;1;-;-;1;-;-;-;-;-;-;-;-;343
352725 LOURDES;-;2;-;-;-;-;-;-;-;-;-;-;-;-;-;-;-;-;-;1;-;-;-;-;-;1;-;-;-;-;-;-;-;-;-;-;-;4
352730 LOUVEIRA;-;7;7;1;-;-;-;-;22;6;3;-;-;-;1;-;-;-;-;1;-;1;-;-;-;-;-;-;-;-;-;-;-;-;-;-;-;49
352740 LUCELIA;-;6;-;1;-;-;-;-;25;-;3;-;-;-;-;-;-;-;-;1;-;1;-;-;-;3;-;-;-;-;-;-;-;-;-;-;-;40
352750 LUCIANOPOLIS;-;1;-;-;-;-;-;-;-;-;-;-;-;-;-;-;-;-;-;1;-;-;-;-;-;1;-;-;-;-;-;-;-;-;-;-;-;3
352760 LUIS ANTONIO;-;6;-;-;-;-;-;-;12;1;2;-;1;1;1;-;-;-;-;1;-;-;-;-;-;1;-;-;-;-;-;-;-;-;-;-;1;27
352770 LUIZIANIA;-;1;-;-;-;-;-;-;3;-;-;-;-;-;-;-;-;-;-;1;-;-;-;-;-;1;-;-;-;-;-;-;-;-;-;-;-;6
352780 LUPERCIO;1;1;-;-;-;-;-;-;-;-;1;-;-;-;-;-;-;-;-;1;-;-;-;-;-;1;-;-;-;-;-;-;-;-;-;-;-;5
352790 LUTECIA;-;1;-;-;-;-;-;-;-;-;-;-;-;-;-;-;-;-;-;1;-;-;-;-;-;1;-;-;-;-;-;-;-;-;-;-;-;3
352800 MACATUBA;-;4;-;1;-;-;-;-;12;12;3;-;-;-;1;-;-;-;-;1;-;1;-;-;-;-;-;-;-;-;-;-;-;-;-;-;-;35
352810 MACAUBAL;-;2;-;1;-;-;-;-;4;2;1;-;-;-;-;-;-;-;-;1;-;-;-;-;-;-;-;-;-;-;-;-;-;-;-;-;-;11
352820 MACEDONIA;-;1;-;-;-;-;-;-;2;-;-;-;-;-;-;-;-;-;-;1;-;-;-;-;-;-;-;-;-;-;-;-;-;-;-;-;-;4
352830 MAGDA;-;1;-;-;-;-;-;-;1;1;-;-;-;-;-;-;-;-;-;1;-;-;-;-;-;-;-;-;-;-;-;-;-;-;-;-;-;4
352840 MAIRINQUE;-;14;1;-;-;-;-;-;36;13;-;-;1;-;-;-;-;-;-;1;-;1;-;-;1;1;-;-;-;-;-;-;1;-;-;-;-;70
352850 MAIRIPORA;-;15;5;1;-;-;-;-;11;8;4;-;-;1;1;-;-;-;-;1;-;3;1;-;1;-;-;-;1;-;-;-;1;-;2;-;-;56
352860 MANDURI;2;2;1;-;-;-;-;-;3;3;1;-;-;1;-;-;-;-;-;1;-;-;-;-;-;1;-;-;-;-;-;-;-;-;-;-;-;15
352870 MARABA PAULISTA;2;2;-;-;-;-;-;-;-;-;-;-;-;-;-;-;-;-;-;1;-;-;-;-;-;-;-;-;-;-;-;-;-;-;-;-;-;5
352880 MARACAI;-;4;-;1;-;-;-;-;3;1;3;-;-;-;-;-;-;-;-;1;-;1;1;-;-;1;-;-;-;-;-;-;-;-;-;-;-;16
352885 MARAPOAMA;-;1;-;-;-;-;-;-;-;1;1;-;-;-;-;-;-;-;-;1;-;-;-;-;-;-;-;-;-;-;-;-;-;-;-;-;-;4
352890 MARIAPOLIS;-;2;-;-;-;-;-;-;1;-;-;-;-;-;-;-;-;-;-;1;-;-;-;-;-;-;-;-;-;-;-;-;-;-;-;-;-;4
352900 MARILIA;-;53;2;4;2;-;-;-;863;37;32;1;8;7;2;-;-;1;-;2;-;3;-;-;4;-;-;1;1;-;-;1;2;1;-;1;-;1028
352910 MARINOPOLIS;-;2;-;-;-;-;-;-;-;-;-;-;-;-;-;-;-;-;-;1;-;-;-;-;-;-;-;-;-;-;-;-;-;-;-;-;-;3
352920 MARTINOPOLIS;-;12;-;1;-;-;-;-;22;3;4;-;-;-;1;-;-;-;-;1;-;2;-;-;-;2;-;-;-;-;-;-;-;-;-;-;-;48
352930 MATAO;1;17;1;1;-;-;-;-;177;36;13;1;3;1;-;-;-;-;-;1;-;2;-;-;1;1;-;-;-;-;-;-;-;-;-;-;-;256
352940 MAUA;-;25;14;4;-;-;-;-;187;19;34;-;15;-;2;-;-;-;-;1;1;3;-;-;6;1;-;1;-;-;-;-;2;-;1;-;-;316
352950 MENDONCA;-;2;-;-;-;-;-;-;2;-;1;-;1;-;-;-;-;-;-;1;-;-;-;-;-;1;-;-;-;-;-;-;-;-;-;-;-;8
352960 MERIDIANO;1;1;-;-;-;-;-;-;2;1;-;-;-;-;-;-;-;-;-;1;-;-;-;-;-;1;-;-;-;-;-;-;-;-;-;-;-;7
352965 MESOPOLIS;-;1;-;-;-;-;-;-;-;-;-;-;-;-;-;-;-;-;-;1;-;-;-;-;-;-;-;-;-;-;-;-;-;-;-;-;-;2
352970 MIGUELOPOLIS;-;7;1;1;-;-;1;-;28;3;3;-;1;-;-;-;-;-;-;1;-;-;-;-;-;-;-;-;-;-;-;-;-;-;1;-;-;47
352980 MINEIROS DO TIETE;-;3;-;-;-;-;1;-;1;3;-;-;-;-;-;-;-;-;-;1;-;1;-;-;-;1;-;-;-;-;-;-;-;-;-;-;-;11
352990 MIRACATU;-;9;-;-;-;-;1;-;1;1;1;-;-;-;1;-;-;-;-;1;-;1;-;1;-;-;-;-;-;-;-;-;-;-;1;1;-;19
353000 MIRA ESTRELA;-;1;1;-;-;-;-;-;1;-;-;-;-;-;-;-;-;-;-;1;-;-;-;-;-;1;-;-;-;-;-;-;-;-;-;-;-;5
353010 MIRANDOPOLIS;-;8;1;1;-;-;-;-;42;1;8;-;-;2;1;-;-;-;-;1;-;1;-;-;1;-;-;-;-;-;-;-;-;-;-;1;-;68
353020 MIRANTE DO PARANAPANEMA;-;8;2;-;-;-;1;-;7;2;1;-;-;-;1;-;-;-;-;1;-;1;-;-;-;1;-;-;-;-;-;-;-;-;-;-;-;25
353030 MIRASSOL;1;6;-;2;-;-;-;-;102;19;10;-;1;2;-;-;-;-;-;1;-;1;-;-;1;-;-;-;1;-;-;-;-;-;-;-;2;149
353040 MIRASSOLANDIA;-;1;-;-;-;-;-;-;-;-;-;-;-;-;-;-;-;-;-;1;-;-;-;-;-;-;-;-;-;-;-;-;-;-;-;-;-;2
353050 MOCOCA;-;13;1;1;-;-;-;-;117;96;12;-;1;3;3;-;-;-;-;1;-;4;1;-;1;1;-;-;-;-;-;-;1;-;-;-;-;256
353060 MOGI DAS CRUZES;1;36;39;9;-;-;-;-;67;121;18;3;7;3;2;-;-;-;-;1;-;2;-;-;4;-;-;1;-;-;-;-;-;-;-;2;1;317
353070 MOGI GUACU;-;22;11;3;-;-;-;-;285;35;21;-;3;-;-;-;-;-;-;1;1;3;-;-;2;1;-;1;1;-;-;-;-;-;-;2;3;395
353080 MOGI MIRIM;3;14;6;3;-;-;-;-;204;16;22;-;2;-;1;-;-;-;-;1;-;3;-;-;1;-;-;-;1;-;-;-;1;-;-;-;-;278
353090 MOMBUCA;-;2;-;-;-;-;-;-;-;-;-;-;-;-;-;-;-;-;-;1;-;-;-;-;-;1;-;-;-;-;-;-;-;-;-;-;-;4
353100 MONCOES;-;2;-;-;-;-;-;-;1;-;2;-;-;-;-;-;-;-;-;1;-;-;-;-;-;1;-;-;-;-;-;-;-;-;-;-;-;7
353110 MONGAGUA;-;10;-;1;1;-;1;-;5;14;4;-;4;1;1;-;-;-;-;1;-;-;-;-;1;-;-;-;-;-;-;-;1;-;-;-;-;45
353120 MONTE ALEGRE DO SUL;-;3;-;-;-;-;-;-;7;1;2;-;-;-;1;-;-;-;-;1;-;-;-;-;1;-;-;-;-;-;-;-;-;-;-;-;-;16
353130 MONTE ALTO;-;9;55;2;-;-;-;-;152;5;2;-;3;1;1;1;-;-;-;2;-;1;-;-;1;-;-;-;2;-;-;-;-;-;1;1;-;239
353140 MONTE APRAZIVEL;2;4;2;1;-;-;-;-;32;6;2;-;1;-;-;-;-;-;-;1;-;-;-;-;-;-;-;-;-;-;-;-;-;-;-;1;-;52
353150 MONTE AZUL PAULISTA;1;8;1;2;-;-;1;-;27;-;6;-;-;-;-;-;-;-;-;1;-;-;-;-;-;-;-;-;-;-;-;-;-;-;-;1;1;49
353160 MONTE CASTELO;-;2;-;-;-;-;-;-;-;-;1;-;-;-;1;-;-;-;-;1;-;-;-;-;-;1;-;-;-;-;-;-;-;-;-;-;-;6
353170 MONTEIRO LOBATO;2;1;-;-;-;-;-;-;2;1;-;-;-;-;-;-;-;-;-;1;-;-;-;-;-;-;-;-;-;-;-;-;-;-;-;-;-;7
353180 MONTE MOR;-;11;1;1;-;-;-;-;42;6;8;-;-;1;2;-;-;-;-;1;-;1;-;-;1;-;-;-;-;-;-;-;-;-;-;1;1;77
353190 MORRO AGUDO;1;9;-;1;-;-;-;-;52;5;8;-;-;-;-;-;-;-;-;1;-;1;-;-;-;1;-;-;-;-;-;-;-;-;-;4;-;83
353200 MORUNGABA;-;4;1;1;-;-;-;-;4;3;4;-;-;-;1;-;-;1;-;1;-;1;-;-;-;-;-;-;-;-;-;-;-;-;-;-;-;21
353205 MOTUCA;-;2;-;-;-;-;-;-;1;-;-;-;-;-;1;-;-;-;-;1;-;-;-;-;-;1;-;-;-;-;-;-;-;-;-;-;-;6
353210 MURUTINGA DO SUL;-;1;-;-;-;-;-;-;1;1;1;-;-;-;-;-;-;-;-;1;-;-;-;-;-;-;-;-;-;-;-;-;1;-;-;-;-;6
353215 NANTES;-;2;-;-;-;-;-;-;-;-;1;-;-;-;1;-;-;-;-;1;-;-;-;-;-;-;-;-;-;-;-;-;-;-;-;-;-;5
353220 NARANDIBA;2;-;-;-;-;-;-;-;-;1;-;-;-;-;1;-;-;-;-;1;-;-;-;-;-;1;-;-;-;-;-;-;-;-;-;-;-;6
353230 NATIVIDADE DA SERRA;1;2;-;-;-;-;-;-;-;-;-;-;1;-;-;-;-;-;-;1;-;-;-;-;-;-;-;-;-;-;-;-;1;-;-;-;-;6
353240 NAZARE PAULISTA;-;2;-;1;-;-;-;-;1;3;1;-;1;-;-;-;-;-;-;1;-;-;-;-;-;-;-;-;-;-;-;-;-;-;-;-;-;10
353250 NEVES PAULISTA;1;3;-;1;-;-;-;-;6;1;1;-;1;-;-;-;-;-;-;1;-;-;-;-;-;-;-;-;-;-;-;-;-;-;-;-;-;15
353260 NHANDEARA;-;5;-;1;1;-;-;-;26;3;4;-;2;-;-;-;-;-;-;1;-;-;-;-;-;-;-;-;-;-;-;-;-;-;-;-;-;43
353270 NIPOA;-;1;-;-;-;-;-;-;2;-;-;-;-;-;-;-;-;-;-;1;-;-;-;-;-;-;-;-;-;-;-;-;-;-;-;-;-;4
353280 NOVA ALIANCA;-;2;1;-;-;-;-;-;1;-;-;-;-;-;-;-;-;-;-;1;-;-;-;-;-;-;-;-;-;-;-;-;-;-;-;-;-;5
353282 NOVA CAMPINA;-;4;-;-;-;-;-;-;-;-;-;-;1;1;-;-;-;-;-;1;-;-;-;-;-;-;-;-;-;-;-;-;1;-;-;1;-;9
353284 NOVA CANAA PAULISTA;-;2;-;-;-;-;-;-;-;-;-;-;-;-;-;-;-;-;-;1;-;-;-;-;-;-;-;-;-;-;-;-;-;-;-;-;-;3
353286 NOVA CASTILHO;-;1;-;-;-;-;-;-;-;-;-;-;-;1;1;-;-;-;-;1;-;-;-;-;-;-;-;-;-;-;-;-;-;-;-;-;-;4
353290 NOVA EUROPA;-;4;-;1;-;-;1;-;13;2;1;-;-;-;-;-;-;-;-;1;-;-;-;-;-;-;-;-;-;-;-;-;-;-;-;-;-;23
353300 NOVA GRANADA;6;2;6;1;-;-;-;-;11;2;3;-;1;-;-;-;-;-;-;1;-;1;-;-;1;-;-;-;-;-;-;-;-;-;-;-;-;35
353310 NOVA GUATAPORANGA;-;2;-;-;-;-;-;-;-;1;-;-;-;-;1;-;-;-;-;1;-;-;-;-;-;1;-;-;-;-;-;-;-;-;-;-;-;6
353320 NOVA INDEPENDENCIA;1;2;-;-;-;-;-;-;2;-;2;-;-;-;-;-;-;-;-;1;-;-;-;-;-;1;-;-;-;-;-;-;-;-;-;-;-;9
353325 NOVAIS;-;1;-;-;-;-;-;-;-;1;1;-;-;-;-;-;-;-;-;1;-;-;-;-;-;-;-;-;-;-;-;-;-;-;-;-;-;4
353330 NOVA LUZITANIA;-;1;-;-;-;-;-;-;1;-;1;-;-;-;-;-;-;-;-;1;-;-;-;-;-;-;-;-;-;-;-;-;-;-;-;-;-;4
353340 NOVA ODESSA;-;7;-;1;-;-;-;-;53;5;5;-;-;-;-;-;-;-;-;1;-;1;-;-;1;1;-;-;-;-;-;-;-;-;-;1;-;76
353350 NOVO HORIZONTE;1;7;1;1;-;-;-;-;73;25;7;-;-;-;-;-;-;-;-;1;-;1;-;-;-;-;-;-;1;-;-;1;-;-;-;-;-;119
353360 NUPORANGA;-;5;-;-;-;-;-;-;8;-;7;-;-;-;-;-;-;-;-;1;-;-;-;-;1;-;-;-;-;-;-;-;-;-;-;-;-;22
353370 OCAUCU;1;2;-;-;-;-;-;-;-;-;-;-;-;-;-;-;-;-;-;1;-;-;-;-;-;-;-;-;-;-;-;-;-;-;-;-;-;4
353380 OLEO;2;1;-;-;-;-;-;-;-;-;-;-;-;-;-;-;-;-;-;1;-;-;-;-;-;-;-;-;-;-;-;-;-;-;-;-;-;4
353390 OLIMPIA;1;9;10;1;-;-;2;-;109;18;14;-;1;1;-;-;-;1;-;1;-;1;-;-;1;1;-;-;-;-;-;-;1;-;-;1;-;173
353400 ONDA VERDE;-;2;-;-;-;-;-;-;1;1;1;-;-;-;-;-;-;-;-;1;-;-;-;-;-;1;-;-;-;-;-;-;-;-;-;-;-;7
353410 ORIENTE;-;3;-;-;-;-;-;-;6;-;-;-;-;-;-;-;-;-;-;1;-;-;-;-;1;1;-;-;-;-;-;-;-;-;-;-;-;12
353420 ORINDIUVA;-;1;-;-;-;-;-;-;8;2;2;-;1;-;-;-;-;-;-;1;-;1;-;-;-;-;-;-;-;-;-;-;-;-;-;1;-;17
353430 ORLANDIA;1;5;5;1;-;-;-;-;135;46;11;1;1;1;-;2;-;-;-;1;-;2;-;-;1;-;-;-;-;-;-;-;-;-;-;-;-;213
353440 OSASCO;-;36;22;5;1;-;6;-;604;373;61;-;12;2;5;-;-;2;-;1;7;3;-;-;7;-;-;1;1;-;-;-;1;-;-;3;3;1156
353450 OSCAR BRESSANE;-;1;-;-;-;-;-;-;-;-;-;-;1;-;-;-;-;-;-;1;-;-;-;-;-;1;-;-;-;-;-;-;-;-;-;-;-;4
353460 OSVALDO CRUZ;-;9;4;1;-;-;-;-;40;16;16;1;-;-;-;1;-;-;-;1;-;1;-;-;-;1;-;-;2;-;-;-;1;-;-;-;-;94
353470 OURINHOS;2;17;12;3;1;-;-;-;379;7;47;-;4;2;1;1;-;2;-;2;1;2;-;-;1;2;-;1;1;-;-;-;-;-;-;1;-;489
353475 OUROESTE;1;3;-;1;-;-;-;-;22;1;2;-;-;-;1;-;-;-;-;1;-;-;-;-;-;-;-;-;-;-;-;-;-;-;-;-;-;32
353480 OURO VERDE;-;3;-;-;-;-;-;-;1;-;3;-;-;-;1;-;-;-;-;1;-;-;-;-;-;-;-;-;-;-;-;-;-;-;-;-;-;9
353490 PACAEMBU;-;8;-;1;-;-;1;-;15;-;2;-;-;-;-;-;-;-;-;1;-;1;-;-;-;1;-;-;-;-;-;-;-;-;-;-;-;30
353500 PALESTINA;3;1;1;-;-;-;-;-;10;-;5;-;1;-;-;-;-;-;-;1;-;-;-;-;-;-;-;-;-;-;-;-;-;-;-;-;-;22
353510 PALMARES PAULISTA;-;3;-;-;-;-;-;-;9;2;4;-;-;-;-;-;-;-;-;1;-;-;-;-;-;1;-;-;-;-;-;-;-;-;-;-;-;20
353520 PALMEIRA D'OESTE;1;3;-;1;-;-;-;-;4;1;1;-;1;-;1;-;-;-;-;1;-;-;-;-;-;-;-;-;-;-;-;-;-;-;-;-;-;14
353530 PALMITAL;-;6;3;1;-;-;-;-;33;1;5;-;1;1;1;-;-;-;-;1;-;-;-;-;-;2;-;-;-;-;-;-;1;-;-;-;-;56
353540 PANORAMA;-;5;-;1;-;-;1;-;6;1;3;-;-;-;1;-;-;-;-;1;-;1;-;-;-;-;-;-;-;-;-;-;-;-;-;-;-;20
353550 PARAGUACU PAULISTA;2;12;3;1;-;-;-;-;81;5;10;-;1;2;-;-;-;-;-;1;-;1;-;-;-;1;-;-;-;-;-;-;1;-;-;1;-;122
353560 PARAIBUNA;5;1;-;-;-;-;-;-;5;-;1;1;1;-;-;-;-;-;-;1;-;1;-;-;1;-;-;-;-;-;-;-;-;-;-;-;-;17
353570 PARAISO;-;3;-;-;-;-;-;-;4;-;2;-;-;-;-;-;-;-;-;1;-;-;-;-;-;1;-;-;-;-;-;-;-;-;-;-;-;11
353580 PARANAPANEMA;-;6;-;1;-;-;-;-;25;-;4;-;1;13;-;-;-;-;-;1;-;1;-;-;-;-;-;-;-;-;-;-;-;-;-;-;-;52
353590 PARANAPUA;-;1;-;-;-;-;-;-;-;-;-;-;-;-;-;-;-;-;-;1;-;-;-;-;-;-;-;-;-;-;-;-;-;-;-;-;-;2
353600 PARAPUA;-;4;-;1;-;-;-;-;2;-;-;-;-;-;1;-;-;-;-;1;-;-;-;-;-;2;-;-;-;-;-;-;-;-;-;-;-;11
353610 PARDINHO;-;1;-;-;-;-;-;-;1;-;-;-;1;-;-;-;-;-;-;1;-;-;-;-;-;-;-;-;-;-;-;-;-;-;-;-;-;4
353620 PARIQUERA-ACU;-;9;-;1;-;-;-;-;9;5;5;-;-;-;-;-;-;-;-;1;-;1;-;-;-;-;-;-;-;-;-;-;-;-;-;-;-;31
353625 PARISI;-;1;-;-;-;-;-;-;-;-;-;-;-;-;-;-;-;-;-;1;-;-;-;-;-;-;-;-;-;-;-;-;-;-;-;-;-;2
353630 PATROCINIO PAULISTA;-;7;-;1;-;-;-;-;4;2;2;-;1;-;-;-;-;-;-;1;-;-;-;-;1;-;-;-;-;-;-;-;-;-;-;-;-;19
353640 PAULICEIA;-;3;-;-;-;-;-;-;-;-;1;-;-;-;2;-;-;-;-;1;-;-;-;-;-;-;-;-;-;-;-;-;-;-;-;-;-;7
353650 PAULINIA;-;12;7;1;-;-;-;-;126;46;16;3;-;1;1;-;-;-;-;1;-;2;-;-;1;-;-;-;-;-;-;-;-;-;1;1;1;220
353657 PAULISTANIA;-;1;-;-;-;-;-;-;-;-;-;-;-;-;-;-;-;-;-;1;-;-;-;-;-;-;-;-;-;-;-;-;-;-;-;-;-;2
353660 PAULO DE FARIA;-;2;1;1;-;-;-;-;-;-;2;-;1;-;-;-;-;-;-;1;-;-;-;-;-;-;-;-;-;-;-;-;-;-;-;-;-;8
353670 PEDERNEIRAS;-;13;1;1;-;-;-;-;57;4;8;-;1;2;-;-;-;-;-;1;-;1;-;-;-;-;-;-;-;-;-;-;-;-;-;-;-;89
353680 PEDRA BELA;-;2;-;-;-;-;-;-;-;-;-;-;1;-;-;-;-;-;-;1;-;-;-;-;-;1;-;-;-;-;-;-;-;-;-;-;-;5
353690 PEDRANOPOLIS;2;1;-;-;-;-;-;-;-;-;-;-;-;-;-;-;-;-;-;1;-;-;-;-;-;-;-;-;-;-;-;-;1;-;-;-;-;5
353700 PEDREGULHO;-;6;-;1;-;-;-;-;9;3;3;-;-;-;-;-;-;-;-;1;-;-;-;-;-;-;-;-;-;-;-;-;-;-;1;-;-;24
353710 PEDREIRA;-;10;4;2;-;-;-;-;39;6;11;-;-;-;-;-;-;-;-;1;-;1;-;-;-;1;-;-;-;-;-;-;-;-;-;-;-;75
353715 PEDRINHAS PAULISTA;-;3;-;-;-;-;-;-;1;-;2;-;-;-;-;-;-;-;-;1;-;-;-;-;-;1;-;-;-;-;-;-;1;-;-;-;-;9
353720 PEDRO DE TOLEDO;-;6;-;-;-;1;-;-;1;1;-;-;1;-;1;-;-;-;-;1;-;-;-;-;-;2;-;-;-;-;-;-;-;-;-;-;-;14
353730 PENAPOLIS;-;9;4;1;1;-;1;-;162;7;12;-;-;8;1;1;-;-;-;1;-;2;1;-;1;-;-;-;-;-;-;-;2;-;-;-;1;215
353740 PEREIRA BARRETO;-;6;4;1;-;-;-;-;53;4;6;-;-;-;1;-;-;-;-;1;-;1;1;-;-;2;-;-;-;-;-;-;-;-;-;-;-;80
353750 PEREIRAS;3;-;1;-;-;-;-;-;5;-;1;-;-;-;-;-;-;-;-;1;-;-;-;-;-;-;-;-;-;-;-;-;1;-;-;-;-;12
353760 PERUIBE;-;13;17;1;-;-;-;-;26;10;7;-;4;1;1;-;-;-;-;1;-;1;-;1;1;1;-;-;-;-;-;-;1;-;-;1;-;87
353770 PIACATU;-;1;-;-;-;-;-;-;1;-;-;-;-;-;1;-;-;-;-;1;-;-;-;-;-;1;-;-;-;-;-;-;-;-;-;-;-;5
353780 PIEDADE;-;8;-;1;-;-;-;-;38;16;3;-;1;-;-;-;-;-;-;1;-;1;-;-;-;-;-;-;-;-;-;-;1;-;-;-;-;70
353790 PILAR DO SUL;-;7;-;1;-;-;-;-;11;1;8;-;1;-;-;-;-;-;-;1;-;1;-;-;-;-;-;-;-;-;-;-;1;-;1;-;-;33
353800 PINDAMONHANGABA;-;27;11;2;-;1;1;-;356;33;19;-;3;2;1;-;-;-;-;1;1;3;1;-;2;-;-;-;-;-;-;-;1;-;-;-;-;465
353810 PINDORAMA;-;4;-;-;-;-;-;-;8;1;4;-;-;-;1;-;-;-;-;2;-;-;-;-;-;-;-;-;-;-;-;-;1;-;-;-;-;21
353820 PINHALZINHO;4;-;-;-;-;-;1;-;8;4;2;-;1;-;-;-;-;-;-;1;-;-;-;-;-;-;-;-;-;-;-;-;-;-;-;-;-;21
353830 PIQUEROBI;-;2;-;-;-;-;-;-;-;-;-;-;-;-;-;-;-;-;-;1;-;-;-;-;-;-;-;-;-;-;-;-;-;-;-;-;-;3
353850 PIQUETE;-;5;-;-;-;-;-;-;4;1;1;-;1;-;-;-;-;-;-;1;-;-;-;-;1;-;-;-;-;-;-;-;1;-;-;-;-;15
353860 PIRACAIA;1;3;5;1;-;-;-;-;8;5;3;-;2;-;-;-;-;-;-;1;-;1;-;-;-;-;-;-;-;-;-;-;-;-;-;-;-;30
353870 PIRACICABA;-;74;431;4;-;-;-;1;568;10;84;-;7;5;1;-;-;3;-;2;-;2;-;-;4;-;-;1;2;-;-;-;1;-;-;2;-;1202
353880 PIRAJU;-;9;1;1;-;-;-;-;52;13;7;-;-;1;-;-;-;-;-;1;-;1;-;-;-;-;-;-;-;-;-;-;1;-;1;-;-;88
353890 PIRAJUI;3;6;-;1;1;-;-;-;41;6;3;1;1;-;-;-;-;-;-;1;-;-;-;-;-;-;-;-;-;-;-;-;-;-;-;-;-;64
353900 PIRANGI;-;3;-;1;-;-;1;-;15;3;2;-;-;-;-;-;-;-;-;1;-;-;-;-;-;-;-;-;-;-;-;-;-;-;-;-;-;26
353910 PIRAPORA DO BOM JESUS;-;4;1;-;-;-;-;-;2;1;-;-;2;-;1;-;-;-;-;1;-;-;-;-;1;-;-;-;-;-;-;-;-;-;-;1;-;14
353920 PIRAPOZINHO;9;-;1;-;-;-;-;-;8;7;6;-;-;-;1;-;-;-;-;1;-;1;-;-;1;1;-;-;-;-;-;-;-;-;-;-;-;36
353930 PIRASSUNUNGA;-;15;3;2;1;-;-;-;243;13;10;1;2;2;2;-;-;-;-;1;-;3;-;-;2;-;-;-;-;-;-;-;-;-;-;-;-;300
353940 PIRATININGA;2;1;1;1;-;-;1;-;-;1;3;-;1;1;2;-;-;-;-;1;-;-;-;-;-;-;-;-;-;-;-;-;-;-;-;-;-;15
353950 PITANGUEIRAS;-;7;8;1;-;-;-;-;38;5;3;1;1;2;-;-;-;-;-;1;-;1;-;-;1;-;-;-;-;-;-;-;-;-;-;1;-;70
353960 PLANALTO;-;1;-;-;-;-;-;-;-;1;-;-;1;-;-;-;-;-;-;1;-;-;-;-;-;-;-;-;-;-;-;-;-;-;-;-;-;4
353970 PLATINA;-;1;-;-;-;-;-;-;-;-;-;-;-;-;-;-;-;-;-;1;-;-;-;-;-;-;-;-;-;-;-;-;-;-;-;-;-;2
353980 POA;-;12;1;-;-;-;-;-;27;18;4;-;-;-;2;-;-;-;-;1;-;2;-;-;1;-;-;-;-;-;-;-;1;-;-;2;-;71
353990 POLONI;-;1;-;-;-;-;-;-;4;2;-;-;-;-;-;-;-;-;-;1;-;-;-;-;-;-;-;-;-;-;-;-;-;-;-;-;-;8
354000 POMPEIA;-;10;-;1;-;-;-;-;103;10;4;-;1;1;1;-;-;-;-;1;-;1;-;-;-;1;-;-;-;-;-;-;-;-;-;1;-;135
354010 PONGAI;1;-;-;-;-;-;-;-;-;-;-;-;-;-;-;-;-;-;-;1;-;-;-;-;-;-;-;-;-;-;-;-;-;-;-;-;-;2
354020 PONTAL;1;12;2;1;-;-;-;-;43;4;13;-;1;1;2;-;-;-;-;1;-;1;-;-;1;-;-;-;-;-;-;-;-;-;-;-;1;84
354025 PONTALINDA;-;1;-;-;-;-;-;-;-;-;-;-;-;-;-;-;-;-;-;1;-;-;-;-;-;-;-;-;-;-;-;-;-;-;-;-;-;2
354030 PONTES GESTAL;-;2;-;-;-;-;-;-;1;-;-;-;-;-;-;-;-;-;-;1;-;-;-;-;-;-;-;-;-;-;-;-;-;-;-;-;-;4
354040 POPULINA;-;1;-;1;-;-;-;-;1;-;1;-;-;-;-;-;-;-;-;1;-;-;-;-;-;1;-;-;-;-;-;-;-;-;-;-;-;6
354050 PORANGABA;3;-;1;-;-;-;-;-;7;2;1;-;-;-;-;-;-;-;-;1;-;-;-;-;1;1;-;-;-;-;-;-;-;-;-;-;-;17
354060 PORTO FELIZ;1;9;8;1;-;-;-;-;60;3;7;-;-;1;1;-;-;-;-;1;-;1;-;-;-;2;-;-;-;-;-;-;-;-;-;1;-;96
354070 PORTO FERREIRA;-;11;5;1;-;-;-;-;149;11;14;-;-;1;1;-;-;-;-;1;-;1;-;-;1;-;-;-;-;-;-;-;-;-;-;1;-;197
354075 POTIM;-;9;-;-;-;-;-;-;-;1;1;-;1;-;-;-;-;-;-;1;-;1;-;-;-;1;-;-;-;-;-;-;-;-;-;2;4;21
354080 POTIRENDABA;-;4;2;1;-;-;-;-;10;1;3;-;-;-;-;-;-;-;-;1;-;-;-;-;-;-;-;-;-;-;-;-;-;-;-;-;-;22
354085 PRACINHA;-;2;-;-;-;-;-;-;-;-;-;-;-;-;-;-;-;-;-;1;-;-;-;-;-;-;-;-;-;-;-;-;-;-;-;-;-;3
354090 PRADOPOLIS;-;3;-;-;-;-;-;-;15;2;2;-;1;-;1;-;-;-;-;1;-;-;-;-;2;1;-;-;-;-;-;-;-;-;-;-;-;28
354100 PRAIA GRANDE;1;30;23;2;-;-;1;-;145;44;29;1;10;3;1;-;-;2;-;1;1;4;-;-;4;-;-;-;-;-;-;-;2;-;-;-;1;305
354105 PRATANIA;-;2;-;-;-;-;-;-;2;1;-;-;-;-;-;-;-;-;-;1;-;-;-;-;-;-;-;-;-;-;-;-;-;-;-;-;-;6
354110 PRESIDENTE ALVES;-;2;-;-;-;-;-;-;-;-;-;-;-;-;-;-;-;-;-;-;-;-;-;-;-;-;-;-;-;-;-;-;-;-;-;-;-;2
354120 PRESIDENTE BERNARDES;-;10;-;1;-;-;-;-;12;4;2;-;-;-;2;-;-;-;-;1;-;1;-;-;-;-;-;-;-;-;-;-;-;-;-;-;-;33
354130 PRESIDENTE EPITACIO;1;11;1;1;-;-;-;-;38;1;9;-;-;-;1;-;-;-;-;1;-;1;-;-;-;1;-;-;-;-;-;-;-;-;-;-;-;66
354140 PRESIDENTE PRUDENTE;1;32;17;6;3;-;-;-;792;74;45;2;7;6;1;-;-;4;-;2;-;4;-;-;4;1;-;1;3;-;-;1;-;-;4;2;4;1016
354150 PRESIDENTE VENCESLAU;-;12;1;1;-;-;-;-;75;3;9;1;-;1;1;-;-;-;-;1;-;1;-;-;-;-;-;-;-;-;-;-;-;-;-;1;-;107
354160 PROMISSAO;-;11;1;1;-;-;-;-;65;3;7;-;-;-;-;-;-;-;-;1;-;1;-;-;-;-;-;-;-;-;-;-;-;-;-;-;-;90
354165 QUADRA;-;1;-;-;-;-;-;-;1;-;-;-;1;-;-;-;-;-;-;1;-;-;-;-;-;-;-;-;-;-;-;-;1;-;-;-;-;5
354170 QUATA;-;5;1;-;-;-;1;-;21;1;3;-;-;1;1;-;-;-;-;1;-;1;-;-;1;1;-;-;-;-;-;-;-;-;-;-;-;38
354180 QUEIROZ;-;1;-;-;-;-;-;-;-;-;-;-;-;-;-;-;-;-;-;1;-;-;-;-;-;-;-;-;-;-;-;-;-;-;-;-;-;2
354190 QUELUZ;-;4;-;1;-;-;-;-;-;1;-;-;1;-;-;-;-;-;-;1;-;-;-;-;-;1;-;-;-;-;-;-;1;-;-;1;-;11
354200 QUINTANA;-;4;-;-;-;-;-;-;16;3;1;-;-;1;1;-;-;-;-;1;-;-;-;-;1;-;-;-;-;-;-;-;-;-;-;1;-;29
354210 RAFARD;-;3;-;-;-;-;-;-;1;-;-;-;-;-;-;-;-;-;-;1;-;-;-;-;-;-;-;-;-;-;-;-;-;-;-;-;-;5
354220 RANCHARIA;-;9;2;1;-;-;-;-;51;3;8;-;-;-;-;-;-;-;-;1;-;2;-;-;-;1;-;-;-;-;-;-;-;-;-;-;-;78
354230 REDENCAO DA SERRA;-;2;-;-;-;-;-;-;1;-;-;-;1;-;-;-;-;-;-;1;-;-;-;-;-;-;-;-;-;-;-;-;-;-;-;-;-;5
354240 REGENTE FEIJO;-;9;-;1;-;-;-;-;18;1;4;-;-;-;-;-;-;-;-;1;-;1;-;-;-;-;-;-;-;-;-;-;-;-;-;-;-;35
354250 REGINOPOLIS;-;4;-;-;-;-;-;-;3;1;-;-;-;-;-;-;-;-;-;1;-;-;-;-;-;-;-;-;-;-;-;-;-;-;-;-;-;9
354260 REGISTRO;1;18;7;3;-;-;-;-;58;20;14;-;-;1;2;1;-;-;-;2;2;2;-;1;1;1;-;-;-;-;-;-;-;-;-;2;1;137
354270 RESTINGA;-;3;-;-;-;-;-;-;1;1;-;-;-;-;1;-;-;-;-;1;-;-;-;-;-;-;-;-;-;-;-;-;-;-;-;-;-;7
354280 RIBEIRA;1;2;-;-;-;-;-;-;-;-;-;-;1;-;-;-;-;-;-;1;-;-;-;-;-;-;-;-;-;-;-;-;1;-;-;-;-;6
354290 RIBEIRAO BONITO;-;3;-;1;-;-;1;-;19;3;-;-;-;-;-;-;-;-;-;1;-;-;-;-;-;-;-;-;-;-;-;-;-;-;-;-;-;28
354300 RIBEIRAO BRANCO;-;5;2;1;-;-;-;-;-;-;1;-;-;2;-;-;-;-;-;1;-;-;-;-;-;-;-;-;-;-;-;-;1;-;-;1;-;14
354310 RIBEIRAO CORRENTE;-;2;-;-;-;-;-;-;1;1;-;-;-;-;-;-;-;-;-;1;-;-;-;-;-;-;-;-;-;-;-;-;-;-;-;-;-;5
354320 RIBEIRAO DO SUL;-;1;-;-;-;-;-;-;-;1;-;-;-;-;-;-;-;-;-;1;-;-;-;-;-;-;-;-;-;-;-;-;-;-;-;-;-;3
354323 RIBEIRAO DOS INDIOS;-;2;-;-;-;-;-;-;-;-;-;-;-;-;-;-;-;-;-;-;-;-;-;-;-;-;-;-;-;-;-;-;-;-;-;-;-;2
354325 RIBEIRAO GRANDE;-;1;-;-;-;-;-;-;-;-;-;-;-;-;-;-;-;-;-;1;-;-;-;-;-;-;-;-;-;-;-;-;-;-;-;-;-;2
354330 RIBEIRAO PIRES;-;13;13;2;-;-;-;-;63;17;12;-;-;-;1;-;-;-;-;1;1;3;-;-;1;-;-;-;-;-;-;-;1;-;-;1;-;129
354340 RIBEIRAO PRETO;-;51;114;17;4;-;1;-;1754;513;134;-;23;9;1;14;-;5;-;6;6;6;-;-;5;-;-;1;3;-;-;1;1;2;9;2;1;2683
354350 RIVERSUL;-;1;-;-;-;-;-;-;-;-;-;-;-;-;-;-;-;-;-;1;-;-;-;-;1;-;-;-;-;-;-;-;1;-;-;-;-;4
354360 RIFAINA;-;2;-;-;-;-;-;-;1;2;1;-;-;-;-;-;-;-;-;1;-;-;-;-;-;-;-;-;-;-;-;-;-;-;-;-;-;7
354370 RINCAO;1;2;-;-;-;-;1;-;5;1;2;-;-;-;-;-;-;-;-;1;-;-;-;-;-;-;-;-;-;-;-;-;-;-;-;-;-;13
354380 RINOPOLIS;-;4;2;1;-;-;-;-;-;-;2;-;-;-;-;-;-;-;-;1;-;-;-;-;-;-;-;-;-;-;-;-;-;-;-;-;-;10
354390 RIO CLARO;-;23;45;4;1;-;-;-;475;51;39;-;3;7;2;-;-;1;-;2;1;3;-;-;2;-;-;1;-;-;-;1;2;-;-;2;-;665
354400 RIO DAS PEDRAS;-;3;3;2;-;-;-;-;72;6;3;-;-;-;-;-;-;-;-;1;-;1;-;-;-;-;-;-;-;-;-;-;-;-;-;-;-;91
354410 RIO GRANDE DA SERRA;-;8;1;-;-;-;-;-;3;2;1;-;-;-;1;-;-;-;-;1;-;1;-;-;1;-;-;-;-;-;-;-;1;-;-;-;-;20
354420 RIOLANDIA;-;5;-;1;-;-;-;-;2;3;1;-;-;-;-;-;-;-;-;1;-;-;-;-;-;-;-;-;-;-;-;-;-;-;-;-;-;13
354425 ROSANA;7;2;-;1;-;-;-;-;24;1;4;-;-;-;-;-;-;-;-;1;-;-;-;-;-;-;-;-;-;-;-;-;-;-;-;-;-;40
354430 ROSEIRA;4;-;-;-;1;1;-;-;3;3;2;1;-;-;-;-;-;-;-;1;-;-;-;-;-;-;-;-;-;-;-;-;1;-;-;-;-;17
354440 RUBIACEA;-;2;-;-;-;-;-;-;1;-;-;-;-;-;1;-;-;-;-;1;-;-;-;-;-;-;-;-;-;-;-;-;-;-;-;-;-;5
354450 RUBINEIA;-;2;-;-;-;-;-;-;-;-;-;-;-;-;-;-;-;-;-;1;-;-;-;-;-;-;-;-;-;-;-;-;-;-;-;-;-;3
354460 SABINO;-;3;-;-;-;-;-;-;2;-;-;-;-;-;-;-;-;-;-;1;-;-;-;-;-;-;-;-;-;-;-;-;-;-;-;-;-;6
354470 SAGRES;-;1;-;-;-;-;-;-;-;-;-;-;-;-;-;-;-;-;-;1;-;-;-;-;-;-;-;-;-;-;-;-;-;-;-;-;-;2
354480 SALES;-;3;-;-;-;-;-;-;-;-;1;-;-;-;-;-;-;-;-;1;-;-;-;-;-;-;-;-;-;-;-;-;-;-;-;-;-;5
354490 SALES OLIVEIRA;-;5;-;1;-;-;-;-;29;2;4;-;-;1;1;-;-;-;-;1;-;-;-;-;1;-;-;-;-;-;-;-;-;1;-;-;-;46
354500 SALESOPOLIS;-;2;-;1;-;-;-;-;4;1;1;-;1;-;2;-;-;-;-;1;-;-;-;-;-;-;-;-;-;-;-;-;1;-;-;1;-;15
354510 SALMOURAO;-;2;-;-;-;-;-;-;-;-;-;-;-;-;-;-;-;-;-;1;-;-;-;-;-;-;-;-;-;-;-;-;-;-;-;-;-;3
354515 SALTINHO;-;1;-;-;-;-;-;-;3;-;1;-;-;-;-;-;-;-;-;1;-;-;-;-;-;-;-;-;-;-;-;-;-;-;-;-;-;6
354520 SALTO;-;9;5;1;-;-;-;-;151;23;5;1;-;3;2;-;-;-;-;1;1;2;-;-;-;-;-;-;-;-;-;-;1;-;-;1;3;209
354530 SALTO DE PIRAPORA;-;10;3;1;1;-;-;-;50;3;6;-;-;5;3;-;-;-;-;1;-;2;-;-;-;-;-;-;-;-;-;-;1;-;-;-;1;87
354540 SALTO GRANDE;-;3;-;1;-;-;-;-;1;1;2;-;-;-;-;-;-;-;-;1;-;-;-;-;-;-;-;-;-;-;-;-;-;-;-;-;-;9
354550 SANDOVALINA;-;2;-;-;-;-;-;-;-;-;-;-;-;-;-;-;-;-;-;1;-;-;-;-;-;-;-;-;-;-;-;-;-;-;-;-;-;3
354560 SANTA ADELIA;1;5;-;1;-;-;-;-;23;3;2;-;-;-;-;-;-;-;-;1;-;-;-;-;-;1;-;-;-;-;-;-;1;-;-;-;-;38
354570 SANTA ALBERTINA;-;2;-;-;-;-;-;-;4;-;1;-;1;-;-;-;-;-;-;1;-;-;-;-;-;-;-;-;-;-;-;-;-;-;-;-;-;9
354580 SANTA BARBARA D'OESTE;-;18;7;2;-;-;-;-;273;20;26;-;1;4;1;-;-;1;-;1;-;3;-;-;2;-;-;-;1;-;-;-;1;-;-;1;-;362
354600 SANTA BRANCA;-;2;1;-;-;-;-;-;3;1;2;-;1;-;1;-;-;-;-;1;-;-;-;-;1;-;-;-;-;-;-;-;-;-;-;-;-;13
354610 SANTA CLARA D'OESTE;-;1;-;-;-;-;-;-;2;1;-;-;-;-;-;-;-;-;-;1;-;-;-;-;-;-;-;-;-;-;-;-;-;-;-;-;-;5
354620 SANTA CRUZ DA CONCEICAO;-;2;-;-;-;-;-;-;-;-;1;-;-;-;-;-;-;-;-;1;-;-;-;-;-;-;-;-;-;-;-;-;-;-;-;-;-;4
354625 SANTA CRUZ DA ESPERANCA;-;3;-;-;-;-;-;-;-;1;-;-;1;-;1;-;-;-;-;-;-;-;-;-;-;1;-;-;-;-;-;-;-;-;-;-;-;7
354630 SANTA CRUZ DAS PALMEIRAS;-;6;7;1;-;-;-;-;47;2;7;-;2;-;-;-;-;-;-;1;-;1;-;-;-;1;-;-;-;-;-;-;-;-;-;-;-;75
354640 SANTA CRUZ DO RIO PARDO;-;9;1;1;-;-;-;-;102;15;12;-;3;1;-;-;-;-;-;1;-;1;-;-;1;-;-;-;1;-;-;-;1;-;1;-;-;150
354650 SANTA ERNESTINA;-;1;-;-;-;-;-;-;5;-;-;-;-;-;-;-;-;-;-;1;-;-;-;-;-;-;-;-;-;-;-;-;-;-;-;-;-;7
354660 SANTA FE DO SUL;-;9;4;1;-;-;1;-;69;27;8;-;3;1;1;-;-;-;-;1;-;1;-;-;1;1;-;-;3;-;-;-;-;-;-;1;-;132
354670 SANTA GERTRUDES;1;5;2;-;-;-;-;-;30;5;4;-;1;-;-;-;-;-;-;1;-;1;-;-;1;-;-;-;-;-;-;-;-;-;-;-;-;51
354680 SANTA ISABEL;-;11;1;1;-;-;-;-;14;6;1;1;1;1;-;-;-;-;-;1;-;1;-;-;1;-;-;-;-;-;-;-;1;-;-;3;-;44
354690 SANTA LUCIA;-;2;-;-;-;-;1;-;-;1;-;-;-;-;-;-;-;-;-;1;-;-;-;-;-;-;-;-;-;-;-;-;-;-;-;-;-;5
354700 SANTA MARIA DA SERRA;-;2;-;-;-;1;-;-;3;1;-;-;-;-;1;-;-;-;-;1;-;-;-;-;-;-;-;-;-;-;-;-;-;-;-;-;-;9
354710 SANTA MERCEDES;1;2;-;-;-;-;-;-;2;1;-;-;-;-;1;-;-;-;-;1;-;-;-;-;-;-;-;-;-;-;-;-;-;-;-;-;-;8
354720 SANTANA DA PONTE PENSA;-;1;-;-;-;-;-;-;-;1;-;-;-;-;-;-;-;-;-;1;-;-;-;-;-;-;-;-;-;-;-;-;-;-;-;-;-;3
354730 SANTANA DE PARNAIBA;-;12;1;2;-;-;-;-;16;12;5;-;2;2;-;-;-;-;-;1;-;3;-;-;2;-;-;-;1;-;-;-;1;-;-;-;-;60
354740 SANTA RITA D'OESTE;-;1;-;-;-;-;-;-;-;1;-;-;-;-;-;-;-;-;-;1;-;-;-;-;-;1;-;-;-;-;-;-;-;-;-;-;-;4
354750 SANTA RITA DO PASSA QUATRO;-;5;-;1;1;-;-;-;54;9;5;-;1;-;-;-;-;-;-;1;-;1;-;-;-;-;-;-;-;-;-;-;-;-;-;-;-;78
354760 SANTA ROSA DE VITERBO;-;5;3;1;-;-;-;-;47;2;3;-;1;-;2;-;-;-;-;1;-;1;-;-;1;-;-;-;-;-;-;-;-;-;-;-;-;67
354765 SANTA SALETE;-;1;-;-;-;-;-;-;-;-;-;-;-;-;-;-;-;-;-;1;-;-;-;-;-;-;-;-;-;-;-;-;-;-;-;-;-;2
354770 SANTO ANASTACIO;-;5;-;1;-;-;-;-;33;2;1;-;-;-;1;-;-;-;-;1;-;-;-;-;-;-;-;-;-;-;-;2;-;-;-;-;-;46
354780 SANTO ANDRE;-;37;83;10;1;-;2;-;118;427;53;-;21;7;2;1;-;4;1;1;7;5;-;-;7;-;1;1;1;-;-;-;2;-;2;1;1;796
354790 SANTO ANTONIO DA ALEGRIA;-;5;1;1;-;1;-;-;2;2;2;-;1;1;1;-;-;-;-;1;-;-;1;-;-;-;-;-;-;-;-;1;-;-;-;-;1;21
354800 SANTO ANTONIO DE POSSE;-;6;6;-;-;-;1;-;19;3;3;-;-;1;-;-;-;-;-;1;-;1;-;-;-;-;-;-;-;-;-;-;-;-;1;-;-;42
354805 SANTO ANTONIO DO ARACANGUA;2;1;-;-;-;-;-;-;-;-;-;-;-;-;-;-;-;-;-;1;-;-;-;-;-;-;-;-;-;-;-;-;-;-;-;-;-;4
354810 SANTO ANTONIO DO JARDIM;-;2;1;-;-;-;-;-;3;-;1;-;1;-;-;-;-;-;-;1;-;-;-;-;-;-;-;-;-;-;-;-;-;-;-;-;-;9
354820 SANTO ANTONIO DO PINHAL;11;1;-;-;-;-;-;-;1;2;-;-;1;-;-;-;-;-;-;1;-;-;1;-;1;1;-;-;-;-;-;-;1;-;-;-;-;21
354830 SANTO EXPEDITO;-;1;-;-;-;-;-;-;-;-;-;-;-;-;-;-;-;-;-;1;-;-;-;-;-;-;-;-;-;-;-;-;-;-;-;-;-;2
354840 SANTOPOLIS DO AGUAPEI;-;1;-;-;-;-;-;-;-;-;-;-;-;-;1;-;-;-;-;1;-;-;-;-;-;-;-;-;-;-;-;-;-;-;-;-;-;3
354850 SANTOS;-;33;3;12;3;-;2;-;1276;212;79;1;27;2;-;3;-;10;-;2;6;9;1;-;3;-;-;1;5;-;-;1;3;-;-;3;3;1700
354860 SAO BENTO DO SAPUCAI;3;1;-;1;-;-;1;-;7;-;1;-;-;-;-;-;-;-;-;1;-;-;-;-;-;-;-;-;-;-;-;-;-;-;-;-;-;15
354870 SAO BERNARDO DO CAMPO;-;34;52;13;6;1;1;-;410;319;55;1;17;10;6;-;-;4;-;1;10;9;-;-;10;4;1;1;4;-;-;-;1;1;-;1;3;975
354880 SAO CAETANO DO SUL;1;12;3;7;-;-;-;-;314;147;37;4;4;5;2;1;-;1;-;1;3;2;1;-;1;-;-;-;7;-;-;-;1;-;-;2;2;558
354890 SAO CARLOS;-;37;66;5;-;-;-;-;698;63;43;3;10;6;-;-;-;-;-;1;2;3;1;-;4;-;-;1;-;-;-;-;1;-;-;1;-;945
354900 SAO FRANCISCO;-;2;-;-;-;-;-;-;1;-;-;-;-;-;-;-;-;-;-;1;-;-;-;-;-;1;-;-;-;-;-;-;-;-;-;-;-;5
354910 SAO JOAO DA BOA VISTA;-;14;3;2;-;-;-;-;542;30;18;2;3;9;2;-;-;2;-;3;-;3;-;-;1;1;-;1;4;-;-;-;1;-;1;1;2;645
354920 SAO JOAO DAS DUAS PONTES;-;1;-;-;-;-;-;-;-;-;-;-;-;-;-;-;-;-;-;1;-;-;-;-;-;-;-;-;-;-;-;-;-;-;-;-;-;2
354925 SAO JOAO DE IRACEMA;-;2;-;-;-;-;-;-;-;-;-;-;-;-;-;-;-;-;-;1;-;-;-;-;-;1;-;-;-;-;-;-;-;-;-;-;-;4
354930 SAO JOAO DO PAU D'ALHO;-;1;-;-;-;-;-;-;2;1;-;-;-;-;-;-;-;-;-;1;-;-;-;-;-;1;-;-;-;-;-;-;-;-;-;-;-;6
354940 SAO JOAQUIM DA BARRA;-;10;3;1;-;-;-;-;147;4;32;-;1;-;-;-;-;-;-;1;-;1;-;-;1;-;-;-;-;-;-;1;-;-;-;-;-;202
354950 SAO JOSE DA BELA VISTA;-;4;-;-;-;-;-;-;-;-;-;-;-;-;-;-;-;-;-;1;-;-;-;-;1;-;-;-;-;-;-;-;-;-;-;-;-;6
354960 SAO JOSE DO BARREIRO;2;1;-;-;-;-;-;-;1;-;-;-;-;-;-;-;-;-;-;1;-;-;-;-;-;-;-;-;-;-;-;-;-;-;-;-;-;5
354970 SAO JOSE DO RIO PARDO;-;11;-;2;-;-;1;-;98;33;24;2;2;-;-;2;-;-;-;1;-;1;-;-;-;-;-;-;-;2;-;-;-;-;-;-;-;179
354980 SAO JOSE DO RIO PRETO;-;31;76;8;9;-;1;-;802;158;113;1;14;7;2;3;-;8;-;2;3;7;-;-;5;1;-;1;3;-;-;2;2;2;1;2;5;1269
354990 SAO JOSE DOS CAMPOS;1;40;64;15;7;1;1;2;925;182;82;6;11;10;2;-;-;5;-;2;7;4;-;-;5;-;-;1;5;-;-;-;1;-;2;3;4;1388
354995 SAO LOURENCO DA SERRA;-;3;-;-;-;-;-;-;-;2;1;-;3;1;-;-;-;-;-;1;-;-;-;-;1;-;-;-;-;-;-;-;-;-;-;-;-;12
355000 SAO LUIS DO PARAITINGA;-;4;-;1;-;-;-;-;5;-;-;-;1;-;-;-;-;-;-;1;-;-;-;-;-;-;-;-;-;-;-;-;1;-;-;-;-;13
355010 SAO MANUEL;1;6;1;1;-;-;-;-;89;3;6;1;-;-;-;-;-;-;-;1;-;1;-;-;-;-;-;-;-;-;-;-;-;-;-;-;-;110
355020 SAO MIGUEL ARCANJO;-;9;1;1;-;-;-;-;29;2;4;-;-;12;-;-;-;-;-;1;-;1;-;-;-;-;-;-;1;-;-;-;1;-;1;-;-;63
355030 SAO PAULO;12;526;333;154;56;2;11;2;10631;3772;944;33;186;276;30;2;2;50;1;26;44;104;1;2;48;-;11;1;87;-;-;6;8;6;2;17;43;17429
355040 SAO PEDRO;-;10;4;1;-;1;-;-;66;3;3;-;-;-;-;-;-;-;-;1;-;1;-;-;1;-;-;-;-;-;-;-;-;-;-;-;-;91
355050 SAO PEDRO DO TURVO;-;3;-;-;-;-;-;-;1;-;-;-;-;-;-;-;-;-;-;1;-;-;-;-;-;1;-;-;-;-;-;-;-;-;-;-;-;6
355060 SAO ROQUE;-;13;10;3;-;-;-;-;181;19;12;-;-;-;1;-;-;-;-;2;1;1;-;-;-;-;-;-;-;-;-;-;1;-;21;-;-;265
355070 SAO SEBASTIAO;-;31;1;1;-;1;-;-;132;7;12;-;6;4;2;-;-;-;-;1;-;2;-;-;1;-;-;1;-;-;-;-;1;-;-;2;-;205
355080 SAO SEBASTIAO DA GRAMA;-;5;-;1;-;-;-;-;14;2;5;-;-;-;-;-;-;-;-;1;-;-;-;-;-;1;-;-;-;-;-;-;-;-;-;-;-;29
355090 SAO SIMAO;-;4;-;1;-;-;-;-;19;4;5;-;1;1;2;-;-;-;-;1;-;-;-;-;-;-;-;-;-;-;-;-;-;-;-;-;-;38
355100 SAO VICENTE;2;30;10;3;1;-;1;-;112;35;20;1;6;3;2;-;-;2;-;1;-;5;-;-;1;2;-;1;-;-;-;-;1;-;-;1;1;241
355110 SARAPUI;2;1;-;-;-;-;-;-;1;-;2;1;1;-;-;-;-;-;-;1;-;-;-;-;-;-;-;-;-;-;-;-;1;-;-;-;-;10
355130 SEBASTIANOPOLIS DO SUL;-;1;-;-;-;-;-;-;-;1;-;-;-;-;-;-;-;-;-;1;-;-;-;-;-;-;-;-;1;-;-;-;-;-;-;-;-;4
355140 SERRA AZUL;-;8;-;-;-;-;-;-;3;2;1;-;1;-;1;-;-;-;-;1;-;-;-;-;-;-;-;-;-;-;-;-;-;-;-;-;-;17
355150 SERRANA;-;7;2;2;-;-;-;-;26;12;-;-;1;1;2;-;-;-;-;2;-;-;-;-;1;-;-;-;-;-;-;-;-;-;-;-;1;57
355160 SERRA NEGRA;-;10;3;1;-;-;-;-;51;5;4;-;-;-;1;-;-;-;-;2;-;1;-;-;1;-;-;-;-;-;-;-;-;-;-;1;-;80
355170 SERTAOZINHO;-;10;12;2;-;-;1;-;305;60;28;-;3;3;4;-;-;1;-;1;1;2;-;-;1;-;-;-;-;-;-;-;2;-;-;-;1;437
355180 SETE BARRAS;-;5;-;-;-;-;-;-;1;1;-;1;-;-;-;-;-;-;-;1;-;-;-;-;1;-;-;-;-;-;-;-;-;-;-;-;-;10
355190 SEVERINIA;-;3;2;-;-;-;1;-;4;-;3;-;1;1;-;-;-;-;-;1;-;-;-;-;-;-;-;-;-;-;-;-;-;-;-;-;-;16
355200 SILVEIRAS;-;3;-;-;-;1;-;-;6;-;1;-;-;-;-;-;-;-;-;1;-;-;-;-;-;-;-;-;-;-;-;-;-;-;-;-;-;12
355210 SOCORRO;3;12;3;1;-;-;-;-;48;3;4;-;1;1;-;-;-;-;-;1;-;1;1;-;-;1;-;-;-;-;-;1;1;-;-;1;-;83
355220 SOROCABA;3;34;119;9;2;-;1;-;890;119;99;11;10;11;-;-;-;7;-;3;5;8;-;-;4;-;-;1;6;-;-;2;2;1;-;2;3;1352
355230 SUD MENNUCCI;-;2;1;1;-;-;-;-;3;-;1;-;-;-;1;-;-;-;-;1;-;-;-;-;-;-;-;-;-;-;-;-;-;-;-;-;-;10
355240 SUMARE;-;24;29;1;-;-;-;-;121;43;28;1;5;2;3;-;-;2;-;1;-;3;1;-;7;-;-;-;-;-;-;-;1;-;-;1;-;273
355250 SUZANO;-;25;16;3;-;-;2;-;149;89;22;-;5;2;2;-;-;-;-;1;-;4;-;-;2;4;-;1;-;-;-;-;-;-;-;1;-;328
355255 SUZANAPOLIS;-;1;1;-;-;-;-;-;1;-;-;-;-;-;-;-;-;-;-;1;-;-;1;-;-;-;-;-;-;-;-;-;-;-;-;-;-;5
355260 TABAPUA;-;2;-;1;-;-;-;-;9;3;3;-;1;-;-;-;-;-;-;1;-;-;-;-;-;-;-;-;-;-;-;-;-;-;-;-;-;20
355270 TABATINGA;-;4;5;1;-;-;-;-;28;1;6;-;-;-;1;-;-;-;-;1;-;-;-;-;1;-;-;-;-;-;-;-;-;-;-;-;-;48
355280 TABOAO DA SERRA;-;13;24;3;1;-;-;1;67;23;6;1;4;1;4;-;-;-;-;1;-;3;-;-;1;-;-;1;2;-;-;-;1;-;-;-;1;158
355290 TACIBA;-;3;-;-;-;-;-;-;-;1;-;-;-;-;-;-;-;-;-;1;-;-;-;-;-;-;-;-;-;-;-;-;-;-;-;-;-;5
355300 TAGUAI;-;5;-;1;-;-;-;-;5;-;2;-;1;-;-;-;-;-;-;1;-;-;-;-;-;-;-;-;-;-;-;-;-;-;-;-;-;15
355310 TAIACU;-;3;-;-;-;-;-;-;5;2;1;-;-;-;-;-;-;-;-;1;-;-;-;-;-;1;-;-;-;-;-;-;-;-;-;-;-;13
355320 TAIUVA;-;3;-;-;-;1;-;-;9;-;4;-;-;-;-;-;-;-;-;1;-;-;-;-;-;-;-;-;-;-;-;-;-;-;-;-;-;18
355330 TAMBAU;1;8;1;1;-;-;1;-;47;3;9;-;1;2;1;-;-;-;-;1;-;-;-;-;-;-;-;-;-;-;-;-;1;-;-;1;-;78
355340 TANABI;3;7;-;1;-;-;-;-;21;14;4;-;1;-;-;-;-;-;-;1;-;1;-;-;-;-;-;-;-;-;-;-;-;-;-;1;-;54
355350 TAPIRAI;-;3;-;-;-;-;-;-;2;1;1;-;-;-;-;-;-;-;-;1;-;-;-;-;1;-;-;-;-;-;-;-;1;-;-;-;1;11
355360 TAPIRATIBA;-;5;-;1;-;-;-;-;5;1;1;-;-;-;-;-;-;-;-;1;1;1;-;-;-;-;-;-;-;-;-;1;-;-;-;1;-;18
355365 TAQUARAL;-;1;-;-;-;-;-;-;-;-;-;-;-;-;-;-;-;-;-;1;-;-;1;-;-;-;-;-;-;-;-;-;-;-;-;-;-;3
355370 TAQUARITINGA;1;10;3;1;-;-;-;-;133;7;9;-;1;-;1;-;-;1;-;1;-;2;-;-;1;-;-;-;-;-;-;-;-;-;3;1;-;175
355380 TAQUARITUBA;-;7;-;1;-;-;-;-;8;-;6;-;1;-;-;-;-;-;-;1;-;-;-;-;-;-;-;-;-;-;-;-;-;-;-;-;-;24
355385 TAQUARIVAI;1;2;-;-;-;-;-;-;-;-;-;-;-;-;-;-;-;-;-;1;-;-;-;-;1;1;-;-;-;-;-;-;1;-;-;-;-;7
355390 TARABAI;4;-;1;-;-;-;-;-;1;-;-;-;-;-;-;-;-;-;-;1;-;1;-;-;-;-;-;-;-;-;-;-;-;-;-;-;-;8
355395 TARUMA;4;-;-;-;-;-;-;-;6;3;3;-;1;1;-;-;-;-;-;1;-;1;-;-;1;2;-;-;-;-;-;-;-;-;-;-;-;23
355400 TATUI;1;19;4;2;-;-;-;-;305;34;20;1;6;-;-;-;-;-;-;1;-;2;-;-;1;2;-;-;1;-;-;-;1;-;1;1;1;403
355410 TAUBATE;-;48;19;3;1;-;-;-;545;208;43;2;9;5;1;1;-;6;-;2;1;3;-;-;5;1;-;1;1;-;-;1;2;-;6;4;-;918
355420 TEJUPA;-;3;-;-;-;-;-;-;-;-;-;-;-;-;-;-;-;-;-;1;-;-;-;-;-;-;-;-;-;-;-;-;-;-;-;-;-;4
355430 TEODORO SAMPAIO;-;13;-;1;-;-;-;-;26;3;2;-;-;-;1;-;-;-;-;1;-;-;-;-;-;1;-;-;-;-;-;-;-;-;-;-;-;48
355440 TERRA ROXA;-;4;-;1;-;-;-;-;6;2;1;-;-;-;-;-;-;-;-;1;-;-;1;-;1;-;-;-;-;-;-;-;-;-;-;-;-;17
355450 TIETE;1;6;4;1;-;-;-;-;104;8;20;-;-;1;-;-;-;-;-;1;-;1;-;-;-;-;-;-;1;1;-;-;1;-;-;2;1;153
355460 TIMBURI;-;1;-;-;-;-;-;-;-;-;-;-;1;-;-;-;-;-;-;1;-;-;-;-;-;-;-;-;-;-;-;-;-;-;-;-;-;3
355465 TORRE DE PEDRA;-;1;-;-;-;-;-;-;-;-;-;-;-;1;-;-;-;-;-;1;-;-;-;-;-;1;-;-;-;-;-;-;-;-;-;-;-;4
355470 TORRINHA;-;2;-;1;-;-;-;-;1;-;1;-;-;-;-;-;-;-;-;1;-;1;-;-;-;1;-;-;-;-;-;-;-;-;-;-;-;8
355475 TRABIJU;-;1;-;-;-;-;-;-;-;-;-;-;-;-;-;-;-;-;-;1;-;-;-;-;-;-;-;-;-;-;-;-;-;-;-;-;-;2
355480 TREMEMBE;2;11;-;-;1;-;-;-;10;13;3;-;1;-;2;-;-;-;-;1;-;-;-;-;1;-;-;-;-;-;-;-;1;-;-;1;-;47
355490 TRES FRONTEIRAS;-;2;-;-;-;-;-;-;-;1;1;-;-;-;-;-;-;-;-;1;-;-;-;-;-;1;-;-;-;-;-;-;-;-;-;-;-;6
355495 TUIUTI;-;1;1;-;-;-;-;-;1;-;1;-;1;-;-;-;-;-;-;1;-;-;-;-;-;1;-;-;-;-;-;-;-;-;-;-;-;7
355500 TUPA;-;14;8;1;1;-;-;-;179;23;10;-;-;5;1;1;-;-;-;2;-;1;-;-;1;1;-;-;1;-;-;1;-;-;-;-;-;250
355510 TUPI PAULISTA;-;7;1;1;-;-;1;-;40;1;3;-;-;-;1;-;-;-;-;1;-;-;-;-;-;1;-;-;-;-;-;-;-;-;-;-;-;57
355520 TURIUBA;-;1;-;-;-;-;-;-;-;-;-;-;-;-;-;-;-;-;-;1;-;-;-;-;-;-;-;-;-;-;-;-;-;-;-;-;-;2
355530 TURMALINA;1;1;-;-;-;-;-;-;-;-;1;-;-;-;-;-;-;-;-;1;-;-;-;-;-;-;-;-;-;-;-;-;-;-;-;-;-;4
355535 UBARANA;-;1;-;-;-;-;-;-;-;-;1;-;-;-;-;-;-;-;-;1;-;-;-;-;-;-;-;-;-;-;-;-;-;-;-;-;-;3
355540 UBATUBA;1;20;1;1;-;-;-;-;27;6;7;-;4;-;-;-;-;1;-;1;-;1;-;1;-;-;-;-;1;-;-;-;1;-;1;-;-;74
355550 UBIRAJARA;3;1;-;-;-;-;-;-;-;-;-;-;-;-;-;-;-;-;-;1;-;-;1;-;-;-;-;-;-;-;-;-;-;-;-;-;-;6
355560 UCHOA;-;3;-;-;-;-;-;-;18;1;2;-;-;-;-;-;-;-;-;1;-;1;-;-;-;2;-;-;-;-;-;-;-;-;-;-;-;28
355570 UNIAO PAULISTA;-;1;-;-;-;-;-;-;-;-;-;-;-;-;-;-;-;-;-;1;-;-;-;-;-;1;-;-;-;-;-;-;-;-;-;-;-;3
355580 URANIA;-;3;-;1;-;-;-;-;2;1;1;-;1;-;-;-;-;-;-;1;-;-;-;-;-;-;-;-;-;-;-;-;-;-;-;-;-;10
355590 URU;-;1;-;-;-;-;-;-;-;-;-;-;-;-;-;-;-;-;-;1;-;-;-;-;-;1;-;-;-;-;-;-;-;-;-;-;-;3
355600 URUPES;-;5;-;1;-;-;-;-;14;4;3;-;1;1;-;-;-;-;-;1;-;-;-;-;-;1;-;-;-;-;-;-;-;-;-;-;-;31
355610 VALENTIM GENTIL;-;5;-;-;-;-;-;-;13;-;1;-;-;-;-;-;-;-;-;1;-;-;-;-;-;2;-;-;-;-;-;-;-;-;-;-;-;22
355620 VALINHOS;-;14;9;2;-;-;-;-;348;57;18;-;1;2;2;-;-;-;-;1;-;4;-;-;2;-;-;-;3;-;-;-;-;-;-;1;-;464
355630 VALPARAISO;-;7;-;1;-;-;-;-;26;5;2;-;-;1;-;-;-;-;-;1;-;1;-;-;-;1;-;-;-;-;-;-;-;-;-;-;-;45
355635 VARGEM;-;1;-;-;-;-;-;-;-;-;-;-;1;-;-;-;-;-;-;1;-;-;-;-;-;-;-;-;-;-;-;-;-;-;-;-;-;3
355640 VARGEM GRANDE DO SUL;3;7;4;1;-;-;1;-;91;9;5;-;1;2;-;-;-;-;-;1;-;1;-;-;-;-;-;-;-;-;-;-;-;-;-;-;1;127
355645 VARGEM GRANDE PAULISTA;-;9;5;-;-;-;-;-;8;17;1;-;2;-;2;-;-;-;-;1;-;1;-;-;1;-;-;-;3;1;-;-;-;-;-;1;-;52
355650 VARZEA PAULISTA;-;12;1;1;-;-;-;-;14;14;6;-;1;1;1;-;-;-;-;1;-;2;-;-;1;-;-;-;-;-;-;-;-;-;-;1;1;57
355660 VERA CRUZ;-;3;1;-;-;-;-;-;14;3;-;-;-;-;-;-;-;-;-;1;-;-;-;-;1;-;-;-;-;-;-;-;-;-;-;-;-;23
355670 VINHEDO;-;8;2;1;-;-;-;-;245;34;20;-;-;-;1;-;-;-;-;1;1;1;-;-;2;-;-;-;-;-;-;-;-;-;-;1;-;317
355680 VIRADOURO;-;5;1;1;-;-;1;-;22;5;5;-;-;5;-;-;-;-;-;1;-;-;1;-;-;1;-;-;-;-;-;-;-;-;-;-;-;48
355690 VISTA ALEGRE DO ALTO;-;2;-;-;-;-;-;-;3;1;1;-;-;-;1;-;-;-;-;1;-;-;-;-;-;-;-;-;-;-;-;-;-;-;-;-;-;9
355695 VITORIA BRASIL;-;1;1;-;-;-;-;-;-;-;-;-;-;-;-;-;-;-;-;1;-;-;-;-;-;-;-;-;-;-;-;-;-;-;-;-;-;3
355700 VOTORANTIM;-;17;3;2;-;-;-;-;65;10;16;1;3;4;1;-;-;-;-;1;-;3;-;-;1;-;-;-;-;-;-;-;1;-;-;1;-;129
355710 VOTUPORANGA;-;15;2;2;-;-;-;-;355;34;27;1;5;1;1;1;-;-;-;1;-;2;-;-;2;2;-;1;2;-;-;1;2;-;-;1;1;459
355715 ZACARIAS;-;1;-;-;-;-;-;-;-;-;-;-;-;-;-;-;-;-;-;1;-;-;-;-;-;1;-;-;-;-;-;-;-;-;-;-;-;3
355720 CHAVANTES;-;4;-;1;-;-;-;-;13;1;2;-;-;-;1;-;-;-;-;1;-;1;-;-;-;-;-;-;-;-;-;-;-;-;-;-;-;24
355730 ESTIVA GERBI;-;5;-;-;-;-;1;-;3;3;2;-;1;1;-;-;-;-;-;1;-;-;-;-;-;-;-;-;-;-;-;-;-;-;-;-;-;17
Total;359;5029;3066;766;162;31;107;14;53207;11589;5236;169;939;928;370;44;2;198;3;722;155;588;35;8;367;226;14;57;226;4;2;44;186;19;129;224;171;85396
;;;;;;;;;;;;;;;;;;;;;;;;;;;;;;;;;;;;;;
;;;;;;;;;;;;;;;;;;;;;;;;;;;;;;;;;;;;;;
;;;;;;;;;;;;;;;;;;;;;;;;;;;;;;;;;;;;;;
 ;;;;;;;;;;;;;;;;;;;;;;;;;;;;;;;;;;;;;;
;;;;;;;;;;;;;;;;;;;;;;;;;;;;;;;;;;;;;;
;;;;;;;;;;;;;;;;;;;;;;;;;;;;;;;;;;;;;;
;;;;;;;;;;;;;;;;;;;;;;;;;;;;;;;;;;;;;;
 ;;;;;;;;;;;;;;;;;;;;;;;;;;;;;;;;;;;;;;
