Município;Público;Filantropico;Privado;Sindicato;Total
350010 ADAMANTINA;21;3;120;-;144
350020 ADOLFO;2;-;3;-;5
350030 AGUAI;12;1;40;-;53
350040 AGUAS DA PRATA;4;-;-;-;4
350050 AGUAS DE LINDOIA;8;2;23;-;33
350055 AGUAS DE SANTA BARBARA;3;-;5;-;8
350060 AGUAS DE SAO PEDRO;4;-;4;-;8
350070 AGUDOS;11;2;28;-;41
350075 ALAMBARI;8;-;1;-;9
350080 ALFREDO MARCONDES;2;-;-;-;2
350090 ALTAIR;6;-;1;-;7
350100 ALTINOPOLIS;14;1;22;-;37
350110 ALTO ALEGRE;5;-;2;-;7
350115 ALUMINIO;6;-;6;-;12
350120 ALVARES FLORENCE;4;-;-;-;4
350130 ALVARES MACHADO;8;3;10;-;21
350140 ALVARO DE CARVALHO;3;-;-;-;3
350150 ALVINLANDIA;2;-;-;-;2
350160 AMERICANA;43;4;687;-;734
350170 AMERICO BRASILIENSE;14;1;14;-;29
350180 AMERICO DE CAMPOS;2;-;3;-;5
350190 AMPARO;26;5;209;-;240
350200 ANALANDIA;2;-;2;-;4
350210 ANDRADINA;20;1;144;-;165
350220 ANGATUBA;11;1;21;-;33
350230 ANHEMBI;7;-;2;-;9
350240 ANHUMAS;5;-;-;-;5
350250 APARECIDA;18;2;17;-;37
350260 APARECIDA D'OESTE;3;1;2;-;6
350270 APIAI;19;1;24;1;45
350275 ARACARIGUAMA;6;-;8;-;14
350280 ARACATUBA;57;5;551;-;613
350290 ARACOIABA DA SERRA;12;-;8;-;20
350300 ARAMINA;4;-;2;-;6
350310 ARANDU;4;-;1;-;5
350315 ARAPEI;3;-;-;-;3
350320 ARARAQUARA;90;7;556;-;653
350330 ARARAS;37;2;279;-;318
350335 ARCO-IRIS;2;-;-;-;2
350340 AREALVA;7;1;1;-;9
350350 AREIAS;2;-;-;-;2
350360 AREIOPOLIS;6;-;8;-;14
350370 ARIRANHA;5;-;5;-;10
350380 ARTUR NOGUEIRA;21;-;45;-;66
350390 ARUJA;13;-;38;-;51
350395 ASPASIA;2;-;-;-;2
350400 ASSIS;39;2;260;1;302
350410 ATIBAIA;33;2;215;-;250
350420 AURIFLAMA;10;2;12;-;24
350430 AVAI;2;-;-;-;2
350440 AVANHANDAVA;9;-;5;-;14
350450 AVARE;30;2;173;1;206
350460 BADY BASSITT;4;-;5;-;9
350470 BALBINOS;5;-;-;-;5
350480 BALSAMO;2;-;1;-;3
350490 BANANAL;9;-;1;-;10
350500 BARAO DE ANTONINA;4;-;-;-;4
350510 BARBOSA;2;-;-;-;2
350520 BARIRI;10;1;46;1;58
350530 BARRA BONITA;11;1;69;1;82
350535 BARRA DO CHAPEU;6;-;-;-;6
350540 BARRA DO TURVO;8;-;-;-;8
350550 BARRETOS;43;5;194;-;242
350560 BARRINHA;12;-;11;-;23
350570 BARUERI;37;-;215;-;252
350580 BASTOS;12;2;10;-;24
350590 BATATAIS;21;5;179;1;206
350600 BAURU;102;4;535;-;641
350610 BEBEDOURO;28;2;212;-;242
350620 BENTO DE ABREU;4;-;-;-;4
350630 BERNARDINO DE CAMPOS;6;2;5;-;13
350635 BERTIOGA;17;-;23;-;40
350640 BILAC;3;1;4;-;8
350650 BIRIGUI;24;1;128;-;153
350660 BIRITIBA-MIRIM;13;-;8;-;21
350670 BOA ESPERANCA DO SUL;10;1;8;-;19
350680 BOCAINA;6;1;12;1;20
350690 BOFETE;2;-;-;-;2
350700 BOITUVA;14;1;58;-;73
350710 BOM JESUS DOS PERDOES;4;-;13;-;17
350715 BOM SUCESSO DE ITARARE;3;-;-;-;3
350720 BORA;2;-;-;-;2
350730 BORACEIA;3;-;1;-;4
350740 BORBOREMA;8;1;27;-;36
350745 BOREBI;3;-;-;-;3
350750 BOTUCATU;41;2;491;-;534
350760 BRAGANCA PAULISTA;56;2;246;-;304
350770 BRAUNA;2;-;-;-;2
350775 BREJO ALEGRE;3;-;-;-;3
350780 BRODOWSKI;9;-;35;-;44
350790 BROTAS;9;2;57;1;69
350800 BURI;14;1;2;-;17
350810 BURITAMA;10;-;10;-;20
350820 BURITIZAL;3;-;4;-;7
350830 CABRALIA PAULISTA;3;-;-;-;3
350840 CABREUVA;13;1;13;-;27
350850 CACAPAVA;28;-;213;-;241
350860 CACHOEIRA PAULISTA;17;2;38;-;57
350870 CACONDE;7;1;22;-;30
350880 CAFELANDIA;7;1;32;-;40
350890 CAIABU;4;-;-;-;4
350900 CAIEIRAS;21;2;36;-;59
350910 CAIUA;5;-;-;-;5
350920 CAJAMAR;19;-;28;-;47
350925 CAJATI;12;-;18;-;30
350930 CAJOBI;4;1;5;-;10
350940 CAJURU;13;2;33;-;48
350945 CAMPINA DO MONTE ALEGRE;4;-;-;-;4
350950 CAMPINAS;144;18;2106;-;2268
350960 CAMPO LIMPO PAULISTA;17;-;29;-;46
350970 CAMPOS DO JORDAO;18;2;35;-;55
350980 CAMPOS NOVOS PAULISTA;2;-;-;-;2
350990 CANANEIA;7;-;-;-;7
350995 CANAS;2;-;-;-;2
351000 CANDIDO MOTA;10;-;54;1;65
351010 CANDIDO RODRIGUES;2;-;1;-;3
351015 CANITAR;2;-;-;-;2
351020 CAPAO BONITO;20;2;26;-;48
351030 CAPELA DO ALTO;9;-;6;-;15
351040 CAPIVARI;16;2;116;2;136
351050 CARAGUATATUBA;43;2;108;-;153
351060 CARAPICUIBA;35;-;60;-;95
351070 CARDOSO;8;1;9;-;18
351080 CASA BRANCA;16;1;54;-;71
351090 CASSIA DOS COQUEIROS;5;-;-;-;5
351100 CASTILHO;3;1;13;-;17
351110 CATANDUVA;44;7;377;-;428
351120 CATIGUA;4;-;4;-;8
351130 CEDRAL;6;-;11;-;17
351140 CERQUEIRA CESAR;10;1;13;-;24
351150 CERQUILHO;13;1;109;1;124
351160 CESARIO LANGE;6;1;8;-;15
351170 CHARQUEADA;7;1;11;-;19
351190 CLEMENTINA;1;1;2;-;4
351200 COLINA;8;1;23;-;32
351210 COLOMBIA;8;-;5;-;13
351220 CONCHAL;12;1;23;1;37
351230 CONCHAS;11;-;32;-;43
351240 CORDEIROPOLIS;16;-;17;-;33
351250 COROADOS;2;-;-;-;2
351260 CORONEL MACEDO;4;-;-;-;4
351270 CORUMBATAI;3;-;1;-;4
351280 COSMOPOLIS;21;1;59;-;81
351290 COSMORAMA;4;-;1;-;5
351300 COTIA;48;2;79;-;129
351310 CRAVINHOS;15;1;32;-;48
351320 CRISTAIS PAULISTA;6;-;5;-;11
351330 CRUZALIA;3;-;-;-;3
351340 CRUZEIRO;32;5;229;-;266
351350 CUBATAO;41;3;131;-;175
351360 CUNHA;11;2;7;-;20
351370 DESCALVADO;19;-;92;-;111
351380 DIADEMA;59;1;120;-;180
351385 DIRCE REIS;2;-;-;-;2
351390 DIVINOLANDIA;6;-;17;-;23
351400 DOBRADA;2;-;3;-;5
351410 DOIS CORREGOS;9;1;33;-;43
351420 DOLCINOPOLIS;3;-;1;-;4
351430 DOURADO;5;1;5;-;11
351440 DRACENA;18;2;149;-;169
351450 DUARTINA;9;2;31;-;42
351460 DUMONT;5;-;-;-;5
351470 ECHAPORA;5;-;1;-;6
351480 ELDORADO;7;-;-;-;7
351490 ELIAS FAUSTO;7;-;4;-;11
351492 ELISIARIO;2;-;1;-;3
351495 EMBAUBA;2;-;1;-;3
351500 EMBU DAS ARTES;29;-;28;-;57
351510 EMBU-GUACU;21;-;11;-;32
351512 EMILIANOPOLIS;2;-;-;-;2
351515 ENGENHEIRO COELHO;9;-;6;-;15
351518 ESPIRITO SANTO DO PINHAL;12;3;132;1;148
351519 ESPIRITO SANTO DO TURVO;4;-;-;-;4
351520 ESTRELA D'OESTE;4;2;12;-;18
351530 ESTRELA DO NORTE;2;-;-;-;2
351535 EUCLIDES DA CUNHA PAULISTA;7;-;2;-;9
351540 FARTURA;7;1;27;-;35
351550 FERNANDOPOLIS;38;4;245;-;287
351560 FERNANDO PRESTES;5;-;4;-;9
351565 FERNAO;2;-;-;-;2
351570 FERRAZ DE VASCONCELOS;29;-;14;-;43
351580 FLORA RICA;2;-;-;-;2
351590 FLOREAL;3;-;2;-;5
351600 FLORIDA PAULISTA;9;1;5;-;15
351610 FLORINIA;3;-;-;-;3
351620 FRANCA;57;3;693;-;753
351630 FRANCISCO MORATO;23;1;30;-;54
351640 FRANCO DA ROCHA;45;-;36;-;81
351650 GABRIEL MONTEIRO;2;-;-;-;2
351660 GALIA;3;1;9;-;13
351670 GARCA;25;4;40;1;70
351680 GASTAO VIDIGAL;2;-;-;-;2
351685 GAVIAO PEIXOTO;5;-;1;-;6
351690 GENERAL SALGADO;6;2;10;-;18
351700 GETULINA;4;1;9;-;14
351710 GLICERIO;3;-;1;-;4
351720 GUAICARA;6;-;7;-;13
351730 GUAIMBE;4;1;2;-;7
351740 GUAIRA;17;1;52;-;70
351750 GUAPIACU;12;-;11;-;23
351760 GUAPIARA;13;-;-;-;13
351770 GUARA;14;2;29;-;45
351780 GUARACAI;3;1;10;-;14
351790 GUARACI;11;-;9;-;20
351800 GUARANI D'OESTE;2;-;1;-;3
351810 GUARANTA;4;-;1;-;5
351820 GUARARAPES;5;1;32;1;39
351830 GUARAREMA;8;1;11;-;20
351840 GUARATINGUETA;33;4;236;-;273
351850 GUAREI;8;-;-;-;8
351860 GUARIBA;12;1;30;-;43
351870 GUARUJA;58;7;235;-;300
351880 GUARULHOS;134;3;555;-;692
351885 GUATAPARA;4;-;1;-;5
351890 GUZOLANDIA;3;-;-;-;3
351900 HERCULANDIA;6;1;1;-;8
351905 HOLAMBRA;5;-;12;-;17
351907 HORTOLANDIA;51;-;69;-;120
351910 IACANGA;4;1;7;-;12
351920 IACRI;3;1;2;-;6
351925 IARAS;8;-;-;-;8
351930 IBATE;14;-;21;-;35
351940 IBIRA;6;1;12;-;19
351950 IBIRAREMA;4;-;2;-;6
351960 IBITINGA;14;1;115;-;130
351970 IBIUNA;25;-;22;-;47
351980 ICEM;8;-;7;-;15
351990 IEPE;7;-;12;-;19
352000 IGARACU DO TIETE;7;1;10;-;18
352010 IGARAPAVA;11;1;41;-;53
352020 IGARATA;5;-;-;-;5
352030 IGUAPE;11;-;11;-;22
352040 ILHABELA;15;1;7;-;23
352042 ILHA COMPRIDA;6;-;1;-;7
352044 ILHA SOLTEIRA;19;-;77;-;96
352050 INDAIATUBA;32;6;316;-;354
352060 INDIANA;5;-;3;-;8
352070 INDIAPORA;3;1;1;-;5
352080 INUBIA PAULISTA;2;-;1;-;3
352090 IPAUSSU;5;2;10;-;17
352100 IPERO;11;-;14;-;25
352110 IPEUNA;6;-;-;-;6
352115 IPIGUA;3;-;-;-;3
352120 IPORANGA;4;-;-;-;4
352130 IPUA;9;1;19;-;29
352140 IRACEMAPOLIS;14;-;6;-;20
352150 IRAPUA;3;-;-;-;3
352160 IRAPURU;6;-;1;-;7
352170 ITABERA;14;-;4;-;18
352180 ITAI;10;1;18;-;29
352190 ITAJOBI;7;1;9;-;17
352200 ITAJU;2;-;-;-;2
352210 ITANHAEM;35;2;25;-;62
352215 ITAOCA;3;-;-;-;3
352220 ITAPECERICA DA SERRA;22;-;25;-;47
352230 ITAPETININGA;55;1;305;-;361
352240 ITAPEVA;43;1;150;-;194
352250 ITAPEVI;38;-;48;-;86
352260 ITAPIRA;25;2;96;-;123
352265 ITAPIRAPUA PAULISTA;5;-;-;-;5
352270 ITAPOLIS;13;1;69;-;83
352280 ITAPORANGA;8;1;2;-;11
352290 ITAPUI;6;1;2;-;9
352300 ITAPURA;3;-;-;-;3
352310 ITAQUAQUECETUBA;41;-;28;-;69
352320 ITARARE;24;3;52;-;79
352330 ITARIRI;7;-;3;-;10
352340 ITATIBA;36;2;102;-;140
352350 ITATINGA;3;1;15;-;19
352360 ITIRAPINA;9;-;18;-;27
352370 ITIRAPUA;5;-;-;-;5
352380 ITOBI;2;-;3;-;5
352390 ITU;45;2;210;-;257
352400 ITUPEVA;23;1;25;-;49
352410 ITUVERAVA;18;2;145;-;165
352420 JABORANDI;6;-;4;-;10
352430 JABOTICABAL;22;4;106;-;132
352440 JACAREI;30;2;325;1;358
352450 JACI;4;4;2;-;10
352460 JACUPIRANGA;10;-;8;-;18
352470 JAGUARIUNA;22;-;55;-;77
352480 JALES;28;4;172;-;204
352490 JAMBEIRO;4;-;-;-;4
352500 JANDIRA;19;-;16;-;35
352510 JARDINOPOLIS;16;2;33;-;51
352520 JARINU;8;-;12;-;20
352530 JAU;34;4;389;-;427
352540 JERIQUARA;2;-;-;-;2
352550 JOANOPOLIS;4;-;6;-;10
352560 JOAO RAMALHO;4;-;-;-;4
352570 JOSE BONIFACIO;13;1;32;-;46
352580 JULIO MESQUITA;2;1;-;-;3
352585 JUMIRIM;3;-;2;-;5
352590 JUNDIAI;72;19;1402;6;1499
352600 JUNQUEIROPOLIS;15;1;12;-;28
352610 JUQUIA;9;-;4;-;13
352620 JUQUITIBA;10;-;3;-;13
352630 LAGOINHA;5;1;-;-;6
352640 LARANJAL PAULISTA;13;2;56;-;71
352650 LAVINIA;6;-;-;-;6
352660 LAVRINHAS;5;-;-;-;5
352670 LEME;32;2;131;2;167
352680 LENCOIS PAULISTA;21;3;140;-;164
352690 LIMEIRA;50;4;522;1;577
352700 LINDOIA;8;-;4;-;12
352710 LINS;25;1;394;1;421
352720 LORENA;28;1;192;-;221
352725 LOURDES;5;-;-;-;5
352730 LOUVEIRA;7;2;25;-;34
352740 LUCELIA;11;2;24;-;37
352750 LUCIANOPOLIS;3;-;-;-;3
352760 LUIS ANTONIO;8;-;10;-;18
352770 LUIZIANIA;2;-;5;-;7
352780 LUPERCIO;3;-;-;-;3
352790 LUTECIA;2;-;-;-;2
352800 MACATUBA;9;2;24;1;36
352810 MACAUBAL;3;1;7;-;11
352820 MACEDONIA;2;-;2;-;4
352830 MAGDA;3;-;-;-;3
352840 MAIRINQUE;27;-;26;-;53
352850 MAIRIPORA;24;1;32;-;57
352860 MANDURI;5;-;6;-;11
352870 MARABA PAULISTA;4;-;-;-;4
352880 MARACAI;8;1;7;-;16
352885 MARAPOAMA;2;-;1;-;3
352890 MARIAPOLIS;2;-;-;-;2
352900 MARILIA;86;5;636;-;727
352910 MARINOPOLIS;2;-;-;-;2
352920 MARTINOPOLIS;13;1;23;-;37
352930 MATAO;27;1;136;-;164
352940 MAUA;69;2;182;-;253
352950 MENDONCA;3;-;2;-;5
352960 MERIDIANO;5;-;1;-;6
352965 MESOPOLIS;2;-;-;-;2
352970 MIGUELOPOLIS;10;2;17;-;29
352980 MINEIROS DO TIETE;7;-;5;-;12
352990 MIRACATU;11;-;2;-;13
353000 MIRA ESTRELA;4;-;1;-;5
353010 MIRANDOPOLIS;16;-;32;1;49
353020 MIRANTE DO PARANAPANEMA;11;-;10;-;21
353030 MIRASSOL;16;1;104;-;121
353040 MIRASSOLANDIA;2;-;-;-;2
353050 MOCOCA;37;1;178;2;218
353060 MOGI DAS CRUZES;69;8;152;-;229
353070 MOGI GUACU;33;2;271;-;306
353080 MOGI MIRIM;28;5;167;-;200
353090 MOMBUCA;4;-;-;-;4
353100 MONCOES;5;-;1;-;6
353110 MONGAGUA;21;-;17;-;38
353120 MONTE ALEGRE DO SUL;6;-;5;-;11
353130 MONTE ALTO;19;2;169;-;190
353140 MONTE APRAZIVEL;9;2;22;-;33
353150 MONTE AZUL PAULISTA;9;1;21;-;31
353160 MONTE CASTELO;2;-;-;-;2
353170 MONTEIRO LOBATO;4;-;2;-;6
353180 MONTE MOR;17;1;31;-;49
353190 MORRO AGUDO;14;3;44;-;61
353200 MORUNGABA;10;-;2;-;12
353205 MOTUCA;4;-;-;-;4
353210 MURUTINGA DO SUL;3;-;4;-;7
353215 NANTES;4;-;-;-;4
353220 NARANDIBA;4;-;-;-;4
353230 NATIVIDADE DA SERRA;4;-;-;-;4
353240 NAZARE PAULISTA;4;-;3;-;7
353250 NEVES PAULISTA;6;1;6;-;13
353260 NHANDEARA;6;3;25;-;34
353270 NIPOA;2;-;-;-;2
353280 NOVA ALIANCA;3;-;2;-;5
353282 NOVA CAMPINA;4;-;-;-;4
353284 NOVA CANAA PAULISTA;3;-;-;-;3
353286 NOVA CASTILHO;3;-;-;-;3
353290 NOVA EUROPA;6;-;8;-;14
353300 NOVA GRANADA;8;1;12;-;21
353310 NOVA GUATAPORANGA;2;-;-;-;2
353320 NOVA INDEPENDENCIA;3;-;2;-;5
353325 NOVAIS;3;-;-;-;3
353330 NOVA LUZITANIA;2;-;2;-;4
353340 NOVA ODESSA;10;1;39;-;50
353350 NOVO HORIZONTE;11;2;60;-;73
353360 NUPORANGA;6;1;16;-;23
353370 OCAUCU;3;-;-;-;3
353380 OLEO;4;-;-;-;4
353390 OLIMPIA;19;2;95;-;116
353400 ONDA VERDE;4;-;1;-;5
353410 ORIENTE;4;-;9;-;13
353420 ORINDIUVA;4;-;6;-;10
353430 ORLANDIA;16;1;124;-;141
353440 OSASCO;82;3;719;-;804
353450 OSCAR BRESSANE;3;-;-;-;3
353460 OSVALDO CRUZ;14;2;47;-;63
353470 OURINHOS;35;2;324;1;362
353475 OUROESTE;5;-;20;-;25
353480 OURO VERDE;5;-;-;-;5
353490 PACAEMBU;7;1;14;-;22
353500 PALESTINA;5;-;9;-;14
353510 PALMARES PAULISTA;4;-;8;-;12
353520 PALMEIRA D'OESTE;7;1;5;-;13
353530 PALMITAL;12;1;24;2;39
353540 PANORAMA;7;-;9;-;16
353550 PARAGUACU PAULISTA;18;1;76;-;95
353560 PARAIBUNA;6;1;7;-;14
353570 PARAISO;2;-;5;-;7
353580 PARANAPANEMA;6;-;5;-;11
353590 PARANAPUA;2;-;-;-;2
353600 PARAPUA;5;1;1;-;7
353610 PARDINHO;3;-;1;-;4
353620 PARIQUERA-ACU;15;-;6;-;21
353625 PARISI;2;-;-;-;2
353630 PATROCINIO PAULISTA;10;1;4;-;15
353640 PAULICEIA;2;-;1;-;3
353650 PAULINIA;22;-;111;-;133
353657 PAULISTANIA;2;-;-;-;2
353660 PAULO DE FARIA;3;1;2;-;6
353670 PEDERNEIRAS;19;2;48;-;69
353680 PEDRA BELA;3;-;-;-;3
353690 PEDRANOPOLIS;5;-;-;-;5
353700 PEDREGULHO;12;1;7;-;20
353710 PEDREIRA;11;1;36;-;48
353715 PEDRINHAS PAULISTA;5;-;5;-;10
353720 PEDRO DE TOLEDO;8;-;2;-;10
353730 PENAPOLIS;19;2;124;-;145
353740 PEREIRA BARRETO;14;1;43;-;58
353750 PEREIRAS;7;-;2;-;9
353760 PERUIBE;25;1;32;-;58
353770 PIACATU;3;-;-;-;3
353780 PIEDADE;13;1;35;-;49
353790 PILAR DO SUL;11;1;9;-;21
353800 PINDAMONHANGABA;33;2;273;-;308
353810 PINDORAMA;8;-;10;-;18
353820 PINHALZINHO;7;-;7;-;14
353830 PIQUEROBI;2;-;-;-;2
353850 PIQUETE;8;-;5;-;13
353860 PIRACAIA;5;2;8;-;15
353870 PIRACICABA;110;5;803;-;918
353880 PIRAJU;12;2;67;-;81
353890 PIRAJUI;11;4;29;-;44
353900 PIRANGI;6;1;10;-;17
353910 PIRAPORA DO BOM JESUS;8;-;2;-;10
353920 PIRAPOZINHO;11;1;15;-;27
353930 PIRASSUNUNGA;29;2;192;-;223
353940 PIRATININGA;6;1;-;-;7
353950 PITANGUEIRAS;15;2;56;-;73
353960 PLANALTO;3;-;-;-;3
353970 PLATINA;2;-;-;-;2
353980 POA;26;-;30;-;56
353990 POLONI;2;-;3;-;5
354000 POMPEIA;14;2;89;-;105
354010 PONGAI;2;-;-;-;2
354020 PONTAL;20;-;42;-;62
354025 PONTALINDA;2;-;1;-;3
354030 PONTES GESTAL;2;-;-;-;2
354040 POPULINA;2;1;-;-;3
354050 PORANGABA;6;-;7;-;13
354060 PORTO FELIZ;16;2;59;-;77
354070 PORTO FERREIRA;16;-;135;-;151
354075 POTIM;11;-;2;-;13
354080 POTIRENDABA;8;1;10;-;19
354085 PRACINHA;3;-;-;-;3
354090 PRADOPOLIS;7;-;8;-;15
354100 PRAIA GRANDE;46;1;141;-;188
354105 PRATANIA;3;-;2;-;5
354110 PRESIDENTE ALVES;3;-;-;-;3
354120 PRESIDENTE BERNARDES;8;1;15;-;24
354130 PRESIDENTE EPITACIO;13;1;33;-;47
354140 PRESIDENTE PRUDENTE;57;9;655;1;722
354150 PRESIDENTE VENCESLAU;19;2;55;-;76
354160 PROMISSAO;14;-;51;-;65
354165 QUADRA;4;-;1;-;5
354170 QUATA;8;1;15;-;24
354180 QUEIROZ;2;-;-;-;2
354190 QUELUZ;8;-;2;-;10
354200 QUINTANA;7;-;7;-;14
354210 RAFARD;5;-;2;-;7
354220 RANCHARIA;12;2;48;-;62
354230 REDENCAO DA SERRA;3;-;1;-;4
354240 REGENTE FEIJO;9;1;19;-;29
354250 REGINOPOLIS;4;-;1;-;5
354260 REGISTRO;29;2;72;-;103
354270 RESTINGA;4;-;-;-;4
354280 RIBEIRA;4;-;-;-;4
354290 RIBEIRAO BONITO;7;-;20;-;27
354300 RIBEIRAO BRANCO;9;-;1;-;10
354310 RIBEIRAO CORRENTE;4;-;-;-;4
354320 RIBEIRAO DO SUL;2;-;-;-;2
354323 RIBEIRAO DOS INDIOS;1;-;-;-;1
354325 RIBEIRAO GRANDE;3;-;1;-;4
354330 RIBEIRAO PIRES;21;2;80;-;103
354340 RIBEIRAO PRETO;100;11;1797;-;1908
354350 RIVERSUL;3;-;-;-;3
354360 RIFAINA;4;-;1;-;5
354370 RINCAO;4;-;6;-;10
354380 RINOPOLIS;5;1;4;-;10
354390 RIO CLARO;47;2;371;-;420
354400 RIO DAS PEDRAS;7;1;69;1;78
354410 RIO GRANDE DA SERRA;15;-;7;-;22
354420 RIOLANDIA;6;1;3;-;10
354425 ROSANA;11;1;29;-;41
354430 ROSEIRA;7;1;1;-;9
354440 RUBIACEA;4;-;-;-;4
354450 RUBINEIA;3;-;-;-;3
354460 SABINO;2;-;2;-;4
354470 SAGRES;2;-;-;-;2
354480 SALES;3;-;1;-;4
354490 SALES OLIVEIRA;7;1;23;-;31
354500 SALESOPOLIS;12;1;-;-;13
354510 SALMOURAO;2;-;-;-;2
354515 SALTINHO;2;-;3;-;5
354520 SALTO;22;1;125;-;148
354530 SALTO DE PIRAPORA;13;1;46;-;60
354540 SALTO GRANDE;3;2;-;-;5
354550 SANDOVALINA;3;-;-;-;3
354560 SANTA ADELIA;9;1;26;-;36
354570 SANTA ALBERTINA;4;-;3;-;7
354580 SANTA BARBARA D'OESTE;25;3;213;-;241
354600 SANTA BRANCA;4;1;8;-;13
354610 SANTA CLARA D'OESTE;3;-;-;-;3
354620 SANTA CRUZ DA CONCEICAO;4;-;-;-;4
354625 SANTA CRUZ DA ESPERANCA;4;-;-;-;4
354630 SANTA CRUZ DAS PALMEIRAS;9;2;61;-;72
354640 SANTA CRUZ DO RIO PARDO;18;1;127;2;148
354650 SANTA ERNESTINA;2;-;-;-;2
354660 SANTA FE DO SUL;23;3;83;-;109
354670 SANTA GERTRUDES;13;-;32;1;46
354680 SANTA ISABEL;17;1;11;-;29
354690 SANTA LUCIA;5;-;1;-;6
354700 SANTA MARIA DA SERRA;4;-;1;-;5
354710 SANTA MERCEDES;4;-;-;-;4
354720 SANTANA DA PONTE PENSA;2;-;-;-;2
354730 SANTANA DE PARNAIBA;19;-;19;-;38
354740 SANTA RITA D'OESTE;3;-;-;-;3
354750 SANTA RITA DO PASSA QUATRO;13;-;61;-;74
354760 SANTA ROSA DE VITERBO;12;-;46;-;58
354765 SANTA SALETE;2;-;-;-;2
354770 SANTO ANASTACIO;6;2;32;-;40
354780 SANTO ANDRE;90;5;629;-;724
354790 SANTO ANTONIO DA ALEGRIA;13;-;3;-;16
354800 SANTO ANTONIO DE POSSE;12;-;14;-;26
354805 SANTO ANTONIO DO ARACANGUA;4;-;-;-;4
354810 SANTO ANTONIO DO JARDIM;4;-;6;-;10
354820 SANTO ANTONIO DO PINHAL;13;-;-;-;13
354830 SANTO EXPEDITO;2;-;-;-;2
354840 SANTOPOLIS DO AGUAPEI;3;-;-;-;3
354850 SANTOS;86;8;1283;8;1385
354860 SAO BENTO DO SAPUCAI;6;1;4;-;11
354870 SAO BERNARDO DO CAMPO;102;10;688;-;800
354880 SAO CAETANO DO SUL;42;3;559;-;604
354890 SAO CARLOS;51;1;451;1;504
354900 SAO FRANCISCO;2;-;-;-;2
354910 SAO JOAO DA BOA VISTA;36;3;428;-;467
354920 SAO JOAO DAS DUAS PONTES;2;-;-;-;2
354925 SAO JOAO DE IRACEMA;3;-;-;-;3
354930 SAO JOAO DO PAU D'ALHO;2;-;2;-;4
354940 SAO JOAQUIM DA BARRA;19;3;173;-;195
354950 SAO JOSE DA BELA VISTA;7;-;1;-;8
354960 SAO JOSE DO BARREIRO;4;-;-;-;4
354970 SAO JOSE DO RIO PARDO;20;1;133;-;154
354980 SAO JOSE DO RIO PRETO;91;11;864;-;966
354990 SAO JOSE DOS CAMPOS;91;9;1427;-;1527
354995 SAO LOURENCO DA SERRA;7;-;2;-;9
355000 SAO LUIS DO PARAITINGA;6;1;3;-;10
355010 SAO MANUEL;10;2;96;-;108
355020 SAO MIGUEL ARCANJO;12;2;48;-;62
355030 SAO PAULO;1134;97;16002;6;17239
355040 SAO PEDRO;9;1;62;-;72
355050 SAO PEDRO DO TURVO;4;-;1;-;5
355060 SAO ROQUE;17;2;218;-;237
355070 SAO SEBASTIAO;37;1;126;-;164
355080 SAO SEBASTIAO DA GRAMA;8;2;16;-;26
355090 SAO SIMAO;11;1;24;-;36
355100 SAO VICENTE;71;4;180;-;255
355110 SARAPUI;6;-;2;-;8
355120 SARUTAIA;2;-;-;-;2
355130 SEBASTIANOPOLIS DO SUL;2;-;1;-;3
355140 SERRA AZUL;9;-;3;-;12
355150 SERRANA;17;1;15;-;33
355160 SERRA NEGRA;18;1;50;-;69
355170 SERTAOZINHO;25;1;245;-;271
355180 SETE BARRAS;7;-;-;-;7
355190 SEVERINIA;7;-;8;-;15
355200 SILVEIRAS;5;-;2;-;7
355210 SOCORRO;20;1;36;-;57
355220 SOROCABA;83;17;769;-;869
355230 SUD MENNUCCI;6;1;1;-;8
355240 SUMARE;38;3;142;-;183
355250 SUZANO;44;1;153;-;198
355255 SUZANAPOLIS;2;-;3;-;5
355260 TABAPUA;5;2;9;-;16
355270 TABATINGA;7;-;39;-;46
355280 TABOAO DA SERRA;39;-;72;-;111
355290 TACIBA;4;-;-;-;4
355300 TAGUAI;6;1;7;-;14
355310 TAIACU;5;-;5;-;10
355320 TAIUVA;6;-;12;-;18
355330 TAMBAU;13;2;30;-;45
355340 TANABI;12;2;26;-;40
355350 TAPIRAI;8;-;1;-;9
355360 TAPIRATIBA;5;2;2;-;9
355365 TAQUARAL;3;-;-;-;3
355370 TAQUARITINGA;23;1;118;1;143
355380 TAQUARITUBA;9;1;6;-;16
355385 TAQUARIVAI;4;-;-;-;4
355390 TARABAI;6;-;-;-;6
355395 TARUMA;13;-;5;-;18
355400 TATUI;38;1;261;-;300
355410 TAUBATE;67;4;591;-;662
355420 TEJUPA;4;-;-;-;4
355430 TEODORO SAMPAIO;14;-;19;-;33
355440 TERRA ROXA;9;1;7;-;17
355450 TIETE;14;1;96;-;111
355460 TIMBURI;3;-;-;-;3
355465 TORRE DE PEDRA;2;-;-;-;2
355470 TORRINHA;3;1;2;-;6
355475 TRABIJU;2;-;-;-;2
355480 TREMEMBE;17;1;23;-;41
355490 TRES FRONTEIRAS;4;-;-;-;4
355495 TUIUTI;4;-;-;-;4
355500 TUPA;24;4;164;-;192
355510 TUPI PAULISTA;9;2;29;-;40
355520 TURIUBA;2;-;-;-;2
355530 TURMALINA;4;-;-;-;4
355535 UBARANA;2;-;1;-;3
355540 UBATUBA;29;1;32;-;62
355550 UBIRAJARA;5;-;-;-;5
355560 UCHOA;6;-;15;-;21
355570 UNIAO PAULISTA;3;-;-;-;3
355580 URANIA;6;1;2;-;9
355590 URU;3;-;-;-;3
355600 URUPES;5;1;13;-;19
355610 VALENTIM GENTIL;7;-;8;-;15
355620 VALINHOS;28;3;317;1;349
355630 VALPARAISO;11;1;21;-;33
355635 VARGEM;5;-;1;-;6
355640 VARGEM GRANDE DO SUL;13;1;83;-;97
355645 VARGEM GRANDE PAULISTA;17;-;20;-;37
355650 VARZEA PAULISTA;20;-;17;-;37
355660 VERA CRUZ;4;-;11;-;15
355670 VINHEDO;19;2;216;-;237
355680 VIRADOURO;11;2;23;-;36
355690 VISTA ALEGRE DO ALTO;6;-;4;-;10
355695 VITORIA BRASIL;3;-;-;-;3
355700 VOTORANTIM;33;1;67;-;101
355710 VOTUPORANGA;32;3;293;-;328
355715 ZACARIAS;3;-;-;-;3
355720 CHAVANTES;6;1;13;-;20
355730 ESTIVA GERBI;7;1;3;-;11
;;;;;
;;;;;
;;;;;
;;;;;
;;;;;
 ;;;;;
;;;;;
;;;;;
;;;;;
 ;;;;;
